test_id,failure_condition,expected_behavior,actual_behavior,status,notes
F-01,nonexistent frame ID (/replay/load + /replay/run),"clear 404 error, no crash, no fake result",load->404 FRAME_NOT_FOUND msg='Frame not found: nonexistent_frame_xyz'; run->404,PASS,Judge UI shows 'Frame not found'-style error; backend log has WARNING with frame id.
F-02,NaN/Inf points in cloud (controlled),"existing fail-safe removes non-finite points, counts reported","removed_nonfinite=3 kept=472/997 all_finite=True (remainder removed by frozen ROI z in [-10,15] filter: test data N(0,20) has ~54% outside ROI; expected under frozen logic)",PASS,Frozen src/preprocessing.py finite-mask + ROI path; no ML change. Initial harness expectation (kept=997) was wrong because it ignored ROI filtering; corrected after inspection.
F-03,invalid shape (Nx3 instead of Nx4),"ValueError, no crash","ValueError: Raw points must be M x 4. Received shape (5, 3).",PASS,
F-04,empty point cloud,"clear failure, no crash, no fake map",ValueError: Raw points are empty.,PASS,
F-05,semantic source honesty (real frame),source says annotation+fallback; UI never claims AI prediction,"mode=annotation+fallback (no trained model) counts={'fallback': 474, 'annotation': 59}",PASS,Cells carry per-cell semantic_source; annotation labels are evaluation references.
F-06,"sparse input (50% dropout, controlled)","frozen pipeline completes consistently, no crash",initial run FAILED due to test-harness error (condition_type='sparse' is not a valid frozen value); rerun with validated condition sparse_50pct/sparsity/0.50/seed42: success=true cells=482 processed=17180/34359 total=953.2ms fps=1.05,PASS,"Controlled robustness condition (results/robustness/robustness_results.csv sparse_50pct success=true). Initial failure diagnosed, fixed, rerun. No ML change."
F-07,malformed backend response (404/500/bad JSON),"frontend shows readable error state, never renders fake map",4 bad payloads rejected=True; real result accepted=True,PASS,Mirrors frontend/src/utils/validation.ts isValidResult; covered by vitest panels suite.
F-08,unexpected replay exception (empty frame_id),judge UI clean error; detailed error in developer logs,status=422 no_traceback=True,PASS,routes/replay.py catches Exception -> 500 MAPPING_FAILED; logger.exception keeps stack trace server-side.
F-09,backend unavailable (frontend with no backend),"frontend shows 'Backend unavailable', no stale fake metrics",useBackendStatus sets state='unavailable' on failed GET /health; App shows 'Backend unavailable' banner with Retry; MetricsPanel renders 'No result available' when result is null,PASS,Verified by code inspection + vitest api-client suite (ApiError path) + live banner present in App.tsx. Live stop-backend check impractical in this sandbox (no persistent processes); retry path is the same code path as initial check.
