step,run_id,points,model,source,proposed_action,confidence,safety_override,executed_action,jev_latency_ms,safety_latency_ms,action_execution_latency_ms,loop_latency_ms
0,scenario-both_blocked,212,laya,laya,forward,0.4418,False,forward,9233.01,0.458,0.68,9270.03
1,scenario-both_blocked,212,laya,laya,forward,0.4418,False,forward,9233.01,0.528,0.18,35.21
2,scenario-both_blocked,212,laya,laya,forward,0.4418,False,forward,9233.01,0.291,0.15,37.23
3,scenario-both_blocked,212,laya,laya,forward,0.4418,False,forward,9233.01,0.271,0.16,38.58
4,scenario-both_blocked,214,laya,laya,forward,0.4418,False,forward,9233.01,0.297,0.19,46.4
5,scenario-both_blocked,214,laya,laya,forward,0.4282,False,forward,9387.92,0.453,0.7,9430.45
6,scenario-both_blocked,214,laya,laya,forward,0.4282,False,forward,9387.92,0.354,0.42,41.81
7,scenario-both_blocked,214,laya,laya,forward,0.4282,False,forward,9387.92,0.376,0.2,45.27
8,scenario-both_blocked,214,laya,laya,forward,0.4282,False,forward,9387.92,0.306,0.2,37.2
9,scenario-both_blocked,214,laya,laya,forward,0.4282,False,forward,9387.92,0.484,0.3,40.91
10,scenario-both_blocked,214,laya,laya,forward,0.4371,False,forward,9165.98,0.461,0.68,9206.57
11,scenario-both_blocked,216,laya,laya,forward,0.4371,False,forward,9165.98,0.302,0.22,44.97
12,scenario-both_blocked,214,laya,laya,forward,0.4371,False,forward,9165.98,0.412,0.33,37.01
13,scenario-both_blocked,214,laya,laya,forward,0.4371,False,forward,9165.98,0.275,0.19,36.51
14,scenario-both_blocked,214,laya,laya,forward,0.4371,False,forward,9165.98,0.281,0.19,33.66
15,scenario-both_blocked,214,laya,laya,forward,0.4139,False,forward,9194.49,0.464,0.66,9231.26
16,scenario-both_blocked,214,laya,laya,forward,0.4139,False,forward,9194.49,0.289,0.19,36.45
17,scenario-both_blocked,214,laya,laya,forward,0.4139,False,forward,9194.49,0.355,0.28,45.2
18,scenario-both_blocked,216,laya,laya,forward,0.4139,False,forward,9194.49,0.358,0.29,47.3
19,scenario-both_blocked,216,laya,laya,forward,0.4139,False,forward,9194.49,0.268,0.19,39.21
