condition,condition_type,condition_parameter,seed,input_points,processed_points,dropped_points,retained_ratio,degraded_points,map_cells,fine_cells,medium_cells,coarse_cells,res_20cm_cells,res_50cm_cells,average_resolution,spatial_coverage,mean_importance,mean_uncertainty,preprocessing_latency_ms,perception_latency_ms,feature_extraction_latency_ms,importance_latency_ms,resolution_latency_ms,mapping_latency_ms,total_latency_ms,fps,success,failure_reason,exception_type,stage_of_failure,file,frame_id,scene_category,timestamp,dropout_rate,sparsity_level,noise_level,scene_id
original,original,,42,34359,34359,0,1.0,34359,533,45,384,104,104,0,0.1152908067542214,10263.897967141278,0.5653436515506368,0.5,18.738899962045252,642.6262999884784,1383.2292000297457,72.92089995462447,0.6945999339222908,154.80030002072453,2199.394700000994,0.4546705509472893,True,,,,5991fad3280c4f84b331536c32001a04_LIDAR_TOP_xyzi.npy,5991fad3280c4f84b331536c32001a04,sparse,1535385092150099.0,,,,scene-0655
dropout_5pct,dropout,0.05,42,34359,32622,1737,0.9494455601152536,32622,530,45,381,104,104,0,0.11537735849056605,10263.297879061463,0.5646103083247033,0.5,17.43250002618879,569.4934000493959,1285.9311000211164,86.45880001131445,1.3921000063419342,121.80119997356087,1994.658200070262,0.5013390263879671,True,,,,5991fad3280c4f84b331536c32001a04_LIDAR_TOP_xyzi.npy,5991fad3280c4f84b331536c32001a04,sparse,1535385092150099.0,0.05,,,scene-0655
dropout_10pct,dropout,0.1,42,34359,30991,3368,0.9019761925550802,30991,526,45,380,101,101,0,0.11492395437262358,10262.789895419875,0.5652538575497877,0.5,18.5720999725163,583.1554000033066,905.7045999215916,42.342000058852136,1.3067999389022589,95.98270000424236,1603.4147999016568,0.6236689346146322,True,,,,5991fad3280c4f84b331536c32001a04_LIDAR_TOP_xyzi.npy,5991fad3280c4f84b331536c32001a04,sparse,1535385092150099.0,0.1,,,scene-0655
dropout_20pct,dropout,0.2,42,34359,27513,6846,0.8007508949620187,27513,516,45,373,98,98,0,0.11463178294573645,10262.23372853369,0.565618343074949,0.5,12.715699966065586,500.50970003940165,805.7264999952167,46.592799946665764,0.5458000814542174,75.63259999733418,1394.5844999980181,0.7170594539100507,True,,,,5991fad3280c4f84b331536c32001a04_LIDAR_TOP_xyzi.npy,5991fad3280c4f84b331536c32001a04,sparse,1535385092150099.0,0.2,,,scene-0655
dropout_30pct,dropout,0.3,42,34359,24044,10315,0.699787537471987,24044,504,46,362,96,96,0,0.11448412698412702,10262.231311778245,0.5656890887058151,0.5,15.528099960647523,381.5902000060305,665.9720999887213,47.15170001145452,1.2796999653801322,88.85649999137968,1151.946899946779,0.8680955693758114,True,,,,5991fad3280c4f84b331536c32001a04_LIDAR_TOP_xyzi.npy,5991fad3280c4f84b331536c32001a04,sparse,1535385092150099.0,0.3,,,scene-0655
sparse_75pct,sparsity,0.75,42,34359,25769,8590,0.749992723886027,25769,517,45,377,95,95,0,0.11402321083172147,10263.87876077024,0.5677929810827619,0.5,10.194199974648654,488.6215999722481,753.7792000221089,41.089799953624606,1.2006000615656376,96.77959990222007,1349.3745998712257,0.7410840548617357,True,,,,5991fad3280c4f84b331536c32001a04_LIDAR_TOP_xyzi.npy,5991fad3280c4f84b331536c32001a04,sparse,1535385092150099.0,,0.75,,scene-0655
sparse_50pct,sparsity,0.5,42,34359,17180,17179,0.5000145522279461,17180,482,46,354,82,82,0,0.11224066390041496,10020.55580678676,0.5708074271081796,0.5,8.097300073131919,379.1787999216467,1096.7695000581443,36.182899959385395,0.27630000840872526,147.95170002616942,1631.9973000790924,0.6127461117438959,True,,,,5991fad3280c4f84b331536c32001a04_LIDAR_TOP_xyzi.npy,5991fad3280c4f84b331536c32001a04,sparse,1535385092150099.0,,0.5,,scene-0655
sparse_25pct,sparsity,0.25,42,34359,8590,25769,0.25000727611397305,8590,414,38,318,58,58,0,0.10942028985507248,10022.887557310949,0.5751661301801952,0.5,4.656500066630542,148.9585000090301,692.1203000238165,55.33100001048297,0.879199942573905,212.93230005539954,1058.6676001548767,0.9445835499770712,True,,,,5991fad3280c4f84b331536c32001a04_LIDAR_TOP_xyzi.npy,5991fad3280c4f84b331536c32001a04,sparse,1535385092150099.0,,0.25,,scene-0655
noise_low,noise,0.01,42,34359,34359,0,1.0,34359,532,44,383,105,105,0,0.1156015037593985,10264.71438928683,0.5648829332348003,0.5,18.839200027287006,532.7659000176936,753.9872999768704,34.48319993913174,0.8379999781027436,60.53989997599274,1366.1322999978438,0.731993526543204,True,,,,5991fad3280c4f84b331536c32001a04_LIDAR_TOP_xyzi.npy,5991fad3280c4f84b331536c32001a04,sparse,1535385092150099.0,,,low,scene-0655
noise_medium,noise,0.03,42,34359,34359,0,1.0,34359,535,44,384,107,107,0,0.11588785046728972,10266.733344904438,0.5643380944446673,0.5,10.249600047245622,562.2132000280544,667.7460999926552,35.781700047664344,0.8601999143138528,74.27009998355061,1314.4790000515059,0.7607576841933698,True,,,,5991fad3280c4f84b331536c32001a04_LIDAR_TOP_xyzi.npy,5991fad3280c4f84b331536c32001a04,sparse,1535385092150099.0,,,medium,scene-0655
noise_high,noise,0.05,42,34359,34359,0,1.0,34359,541,45,387,109,109,0,0.11598890942698706,10269.230846751447,0.5639497452704246,0.5,8.109200047329068,462.61179994326085,1253.8982999976724,52.87809995934367,0.8583000162616372,91.3291999604553,1815.9484999487177,0.550676409616374,True,,,,5991fad3280c4f84b331536c32001a04_LIDAR_TOP_xyzi.npy,5991fad3280c4f84b331536c32001a04,sparse,1535385092150099.0,,,high,scene-0655
original,original,,42,34778,34778,0,1.0,34778,759,14,560,185,185,0,0.12345191040843213,15160.459452468494,0.541847307909531,0.5,20.434800069779158,473.9791000029072,673.42279991135,112.55650001112372,23.03449995815754,124.00790001265705,1291.8445999966934,0.7740869141710695,True,,,,6d1d793b68b24165be5755a54054c82a_LIDAR_TOP_xyzi.npy,6d1d793b68b24165be5755a54054c82a,dense,1542800377447456.0,,,,scene-1077
dropout_5pct,dropout,0.05,42,34778,33018,1760,0.949393294611536,33018,751,13,556,182,182,0,0.12336884154460719,13263.267657791052,0.542607805519914,0.5,8.138400036841631,244.44519996177405,479.41519995220006,36.290899966843426,1.130899996496737,79.65369999874383,811.6524999495596,1.232054358314852,True,,,,6d1d793b68b24165be5755a54054c82a_LIDAR_TOP_xyzi.npy,6d1d793b68b24165be5755a54054c82a,dense,1542800377447456.0,0.05,,,scene-1077
dropout_10pct,dropout,0.1,42,34778,31371,3407,0.9020357697394905,31371,741,13,547,181,181,0,0.12354925775978408,13263.267657791052,0.5415567257438769,0.5,13.166800024919212,298.34089998621494,1119.4891000632197,45.76369991991669,0.7827000226825476,106.75289994105697,1537.7497000154108,0.6503008909642306,True,,,,6d1d793b68b24165be5755a54054c82a_LIDAR_TOP_xyzi.npy,6d1d793b68b24165be5755a54054c82a,dense,1542800377447456.0,0.1,,,scene-1077
dropout_20pct,dropout,0.2,42,34778,27850,6928,0.8007936051526827,27850,725,13,539,173,173,0,0.12296551724137932,13129.89856196354,0.5427145497278303,0.5,14.072899939492345,475.07649997714907,816.2928000092506,41.77420004270971,1.0880999034270644,86.49940008763224,1391.9416000135243,0.7184209452395731,True,,,,6d1d793b68b24165be5755a54054c82a_LIDAR_TOP_xyzi.npy,6d1d793b68b24165be5755a54054c82a,dense,1542800377447456.0,0.2,,,scene-1077
dropout_30pct,dropout,0.3,42,34778,24329,10449,0.6995514405658749,24329,705,12,525,168,168,0,0.12297872340425532,12973.348360133436,0.5432026694762703,0.5,11.222800007089972,255.2034999243915,568.9307000720873,38.23830001056194,1.05189997702837,75.29980002436787,910.6568000279367,1.0981085299855253,True,,,,6d1d793b68b24165be5755a54054c82a_LIDAR_TOP_xyzi.npy,6d1d793b68b24165be5755a54054c82a,dense,1542800377447456.0,0.3,,,scene-1077
sparse_75pct,sparsity,0.75,42,34778,26084,8694,0.7500143769049399,26084,720,14,525,181,181,0,0.12416666666666668,13502.315281683594,0.5413740693971414,0.5,11.517599923536181,307.95260006561875,550.8374000201002,36.811299971304834,1.0794000700116158,93.09290000237525,963.4005000116304,1.0379899117635167,True,,,,6d1d793b68b24165be5755a54054c82a_LIDAR_TOP_xyzi.npy,6d1d793b68b24165be5755a54054c82a,dense,1542800377447456.0,,0.75,,scene-1077
sparse_50pct,sparsity,0.5,42,34778,17389,17389,0.5,17389,665,13,490,162,162,0,0.12338345864661654,13476.330471285124,0.5427000837234497,0.5,8.359799976460636,213.1080999970436,430.246900068596,42.93720005080104,1.4903999399393797,183.70550009422004,835.4203001363203,1.1970022751863036,True,,,,6d1d793b68b24165be5755a54054c82a_LIDAR_TOP_xyzi.npy,6d1d793b68b24165be5755a54054c82a,dense,1542800377447456.0,,0.5,,scene-1077
sparse_25pct,sparsity,0.25,42,34778,8694,26084,0.2499856230950601,8694,567,7,427,133,133,0,0.1228395061728395,13200.992193892627,0.5453472264299197,0.5,2.1142999175935984,143.3259000768885,399.7868000296876,34.63989996816963,0.7921999786049128,100.38810002151877,645.6151000456885,1.5489104885081415,True,,,,6d1d793b68b24165be5755a54054c82a_LIDAR_TOP_xyzi.npy,6d1d793b68b24165be5755a54054c82a,dense,1542800377447456.0,,0.25,,scene-1077
noise_low,noise,0.01,42,34778,34778,0,1.0,34778,755,14,557,184,184,0,0.12344370860927155,15157.59698482312,0.5416995478756662,0.5,17.323699896223843,1202.9335000552237,1645.703100017272,41.505100089125335,1.0032999562099576,92.23730000667274,2958.197599975392,0.3380436790322318,True,,,,6d1d793b68b24165be5755a54054c82a_LIDAR_TOP_xyzi.npy,6d1d793b68b24165be5755a54054c82a,dense,1542800377447456.0,,,low,scene-1077
noise_medium,noise,0.03,42,34778,34778,0,1.0,34778,758,14,563,181,181,0,0.12295514511873351,15151.872177798767,0.5423830462067808,0.5,22.07589999306947,857.388100004755,975.7445999421179,55.12729997280985,0.911800074391067,120.56819989811629,1975.7767998380587,0.5061300446902521,True,,,,6d1d793b68b24165be5755a54054c82a_LIDAR_TOP_xyzi.npy,6d1d793b68b24165be5755a54054c82a,dense,1542800377447456.0,,,medium,scene-1077
noise_high,noise,0.05,42,34778,34778,0,1.0,34778,759,14,566,179,179,0,0.12266139657444004,15146.14754179627,0.5428273187853377,0.5,17.64010009355843,597.2442000638694,1050.6845000199974,49.146999954245985,0.8590000215917826,117.94719996396452,1783.5160001413897,0.5606902320588794,True,,,,6d1d793b68b24165be5755a54054c82a_LIDAR_TOP_xyzi.npy,6d1d793b68b24165be5755a54054c82a,dense,1542800377447456.0,,,high,scene-1077
original,original,,42,34625,34625,0,1.0,34625,1132,39,620,473,473,0,0.1400618374558304,23433.9976899646,0.5163809134880591,0.5,15.9169000107795,782.7070000348613,1214.2928000539541,86.93510002922267,4.866999923251569,164.6971000591293,2177.613800158724,0.4592182506958355,True,,,,b26e791522294bec90f86fd72226e35c_LIDAR_TOP_xyzi.npy,b26e791522294bec90f86fd72226e35c,many_vehicles,1532402937198682.0,,,,scene-0061
dropout_5pct,dropout,0.05,42,34625,32874,1751,0.9494296028880866,32874,1123,39,616,468,468,0,0.13993766696349064,23433.9976899646,0.5166403380909671,0.5,15.707999933511019,995.9543000441045,1249.9089000048116,76.80040004197508,1.824400038458407,182.18239990528673,2443.753599887714,0.40920655832320746,True,,,,b26e791522294bec90f86fd72226e35c_LIDAR_TOP_xyzi.npy,b26e791522294bec90f86fd72226e35c,many_vehicles,1532402937198682.0,0.05,,,scene-0061
dropout_10pct,dropout,0.1,42,34625,31232,3393,0.9020072202166065,31232,1106,39,604,463,463,0,0.1400994575045208,23433.9976899646,0.5157544969531669,0.5,10.468400083482265,703.518999973312,1107.20639990177,76.3459000736475,1.755199977196753,154.48609995655715,1975.6798999151215,0.5061548685305558,True,,,,b26e791522294bec90f86fd72226e35c_LIDAR_TOP_xyzi.npy,b26e791522294bec90f86fd72226e35c,many_vehicles,1532402937198682.0,0.1,,,scene-0061
dropout_20pct,dropout,0.2,42,34625,27723,6902,0.8006642599277979,27723,1077,37,597,443,443,0,0.13941504178272981,23407.864522130694,0.5161704864527865,0.5,12.2231999412179,528.0194999650121,767.4940000288188,54.85920002683997,1.3171000173315406,125.88309997227043,1433.6197999073192,0.6975350089784251,True,,,,b26e791522294bec90f86fd72226e35c_LIDAR_TOP_xyzi.npy,b26e791522294bec90f86fd72226e35c,many_vehicles,1532402937198682.0,0.2,,,scene-0061
dropout_30pct,dropout,0.3,42,34625,24215,10410,0.6993501805054152,24215,1034,37,580,417,417,0,0.1385396518375242,23407.864522130694,0.5181330062215371,0.5,10.07489999756217,389.6025000140071,668.9798999577761,64.50039998162538,1.8234000308439136,199.33580001816154,1267.9930999875069,0.7886478246686458,True,,,,b26e791522294bec90f86fd72226e35c_LIDAR_TOP_xyzi.npy,b26e791522294bec90f86fd72226e35c,many_vehicles,1532402937198682.0,0.3,,,scene-0061
sparse_75pct,sparsity,0.75,42,34625,25969,8656,0.7500072202166065,25969,1048,38,591,419,419,0,0.13816793893129772,23169.529097241,0.5200528054529531,0.5,13.251699972897768,977.338399970904,1700.2255000406876,100.03370000049472,2.161600044928491,247.21319996751845,2938.028799952008,0.34036426056011937,True,,,,b26e791522294bec90f86fd72226e35c_LIDAR_TOP_xyzi.npy,b26e791522294bec90f86fd72226e35c,many_vehicles,1532402937198682.0,,0.75,,scene-0061
sparse_50pct,sparsity,0.5,42,34625,17312,17313,0.49998555956678703,17312,931,34,532,365,365,0,0.13737916219119228,22471.160778951715,0.5218921867488946,0.5,12.648099916987121,577.7182000456378,1045.2571000205353,76.86509995255619,2.3609999334439635,137.18850002624094,1772.8119000094011,0.5640756359965189,True,,,,b26e791522294bec90f86fd72226e35c_LIDAR_TOP_xyzi.npy,b26e791522294bec90f86fd72226e35c,many_vehicles,1532402937198682.0,,0.5,,scene-0061
sparse_25pct,sparsity,0.25,42,34625,8656,25969,0.24999277978339352,8656,723,25,459,239,239,0,0.1313278008298755,21938.992628759384,0.5298058465813077,0.5,3.39590001385659,210.465700016357,237.22010001074523,33.55720010586083,0.42280007619410753,62.3011999996379,513.3829000405967,1.9478638651987106,True,,,,b26e791522294bec90f86fd72226e35c_LIDAR_TOP_xyzi.npy,b26e791522294bec90f86fd72226e35c,many_vehicles,1532402937198682.0,,0.25,,scene-0061
noise_low,noise,0.01,42,34625,34625,0,1.0,34625,1136,39,624,473,473,0,0.13992077464788732,23437.899387477883,0.5166660821666382,0.5,10.524900048039854,474.9537999741733,657.5172999873757,56.7033999832347,2.596799982711673,128.04350000806153,1271.0395000176504,0.7867576105904761,True,,,,b26e791522294bec90f86fd72226e35c_LIDAR_TOP_xyzi.npy,b26e791522294bec90f86fd72226e35c,many_vehicles,1532402937198682.0,,,low,scene-0061
noise_medium,noise,0.03,42,34625,34625,0,1.0,34625,1138,38,626,474,474,0,0.13998242530755714,23445.702933685378,0.5164507716718885,0.5,9.693200001493096,448.56099993921816,697.0951000694185,52.545699989423156,1.0992999887093902,115.00709992833436,1270.3563999384642,0.7871806683923029,True,,,,b26e791522294bec90f86fd72226e35c_LIDAR_TOP_xyzi.npy,b26e791522294bec90f86fd72226e35c,many_vehicles,1532402937198682.0,,,medium,scene-0061
noise_high,noise,0.05,42,34625,34625,0,1.0,34625,1139,39,618,482,482,0,0.14060579455662864,23453.506681467457,0.5159612188067517,0.5,12.999300030060112,403.7864999845624,536.933199968189,46.77539994008839,1.728000002913177,89.01110000442713,1042.7300999872386,0.959020939370829,True,,,,b26e791522294bec90f86fd72226e35c_LIDAR_TOP_xyzi.npy,b26e791522294bec90f86fd72226e35c,many_vehicles,1532402937198682.0,,,high,scene-0061
original,original,,42,34689,34689,0,1.0,34689,1257,30,800,427,427,0,0.13277645186953063,24411.619507831394,0.5205063586205791,0.5,8.951199939474463,262.3437000438571,562.747500021942,50.01010000705719,0.7176001090556383,106.47959995549172,940.5219999607652,1.0632393501074042,True,,,,dc4c80e8a1534ff8a3eb80307341161c_LIDAR_TOP_xyzi.npy,dc4c80e8a1534ff8a3eb80307341161c,pedestrian_vru,1542800989447876.0,,,,scene-1100
dropout_5pct,dropout,0.05,42,34689,32935,1754,0.9494364207673902,32935,1244,29,792,423,423,0,0.13283762057877813,24411.619507831394,0.5204076289977729,0.5,8.76509991940111,448.54490004945546,749.727200018242,49.30460010655224,0.7132000755518675,118.39890002738684,1325.4361000144854,0.7544686612874594,True,,,,dc4c80e8a1534ff8a3eb80307341161c_LIDAR_TOP_xyzi.npy,dc4c80e8a1534ff8a3eb80307341161c,pedestrian_vru,1542800989447876.0,0.05,,,scene-1100
dropout_10pct,dropout,0.1,42,34689,31290,3399,0.9020150479979244,31290,1236,30,788,418,418,0,0.1326051779935275,24411.619507831394,0.5207623490721466,0.5,7.889000000432134,226.47069999948144,543.3018000330776,50.36119988653809,1.9113000016659498,118.26520005706698,895.9267000900581,1.116162739540501,True,,,,dc4c80e8a1534ff8a3eb80307341161c_LIDAR_TOP_xyzi.npy,dc4c80e8a1534ff8a3eb80307341161c,pedestrian_vru,1542800989447876.0,0.1,,,scene-1100
dropout_20pct,dropout,0.2,42,34689,27774,6915,0.8006572688748594,27774,1198,28,769,401,401,0,0.13230383973288815,24289.463191838,0.5208659346151941,0.5,7.996800006367266,250.52759994287044,475.2995000453666,48.05280000437051,1.8003999721258879,126.51089997962117,860.3347999742255,1.162338196746149,True,,,,dc4c80e8a1534ff8a3eb80307341161c_LIDAR_TOP_xyzi.npy,dc4c80e8a1534ff8a3eb80307341161c,pedestrian_vru,1542800989447876.0,0.2,,,scene-1100
dropout_30pct,dropout,0.3,42,34689,24258,10431,0.6992994897517946,24258,1166,27,766,373,373,0,0.1308319039451115,24236.300267592596,0.5249789955671992,0.5,8.177099982276559,205.25989995803684,475.4851000616327,60.30529993586242,0.9590999688953161,116.2872000131756,805.2093000151217,1.2419131274082653,True,,,,dc4c80e8a1534ff8a3eb80307341161c_LIDAR_TOP_xyzi.npy,dc4c80e8a1534ff8a3eb80307341161c,pedestrian_vru,1542800989447876.0,0.3,,,scene-1100
sparse_75pct,sparsity,0.75,42,34689,26017,8672,0.7500072068955577,26017,1186,31,787,368,368,0,0.12972175379426643,23940.700559209487,0.5277326031141572,0.5,6.46119995508343,223.16729999147356,519.1627000458539,36.999500007368624,1.0838001035153866,97.58060006424785,846.3718000566587,1.1815138452545997,True,,,,dc4c80e8a1534ff8a3eb80307341161c_LIDAR_TOP_xyzi.npy,dc4c80e8a1534ff8a3eb80307341161c,pedestrian_vru,1542800989447876.0,,0.75,,scene-1100
sparse_50pct,sparsity,0.5,42,34689,17344,17345,0.49998558620888467,17344,1047,25,707,315,315,0,0.12889207258834767,23371.65098971568,0.5297362211508128,0.5,3.3083000453189015,130.17469993792474,373.26779996510595,43.13200002070516,0.6079999729990959,79.50560003519058,586.2563999835402,1.7057383084058035,True,,,,dc4c80e8a1534ff8a3eb80307341161c_LIDAR_TOP_xyzi.npy,dc4c80e8a1534ff8a3eb80307341161c,pedestrian_vru,1542800989447876.0,,0.5,,scene-1100
sparse_25pct,sparsity,0.25,42,34689,8672,26017,0.24999279310444233,8672,855,23,593,239,239,0,0.12660818713450292,23392.62870263643,0.5351705938079653,0.5,2.2728999610990286,73.30360007472336,220.83919995930046,38.0310999462381,0.4988000728189945,66.91449997015297,363.3301999652758,2.752317313825198,True,,,,dc4c80e8a1534ff8a3eb80307341161c_LIDAR_TOP_xyzi.npy,dc4c80e8a1534ff8a3eb80307341161c,pedestrian_vru,1542800989447876.0,,0.25,,scene-1100
noise_low,noise,0.01,42,34689,34688,0,0.9999711724177693,34689,1256,30,798,428,428,0,0.13288216560509555,24319.59574355982,0.5205153886434591,0.5,7.639200077392161,400.1996999140829,548.2814999995753,45.34329997841269,1.4375000027939677,107.10220003966242,1063.2226000307128,0.9405368170043729,True,,,,dc4c80e8a1534ff8a3eb80307341161c_LIDAR_TOP_xyzi.npy,dc4c80e8a1534ff8a3eb80307341161c,pedestrian_vru,1542800989447876.0,,,low,scene-1100
noise_medium,noise,0.03,42,34689,34688,0,0.9999711724177693,34689,1263,29,803,431,431,0,0.13297703879651623,24314.599091876313,0.5202495231882118,0.5,8.091699914075434,257.2429000865668,569.0258000977337,47.51929990015924,1.904600067064166,101.36119998060167,935.7216000789776,1.0686939362259,True,,,,dc4c80e8a1534ff8a3eb80307341161c_LIDAR_TOP_xyzi.npy,dc4c80e8a1534ff8a3eb80307341161c,pedestrian_vru,1542800989447876.0,,,medium,scene-1100
noise_high,noise,0.05,42,34689,34688,0,0.9999711724177693,34689,1263,30,804,429,429,0,0.1327790973871734,24309.601841053744,0.5206199865824309,0.5,8.713699993677437,248.8698000088334,547.6349999662489,42.03510005027056,0.7240999257192016,89.36750004068017,894.5860000094399,1.1178355127281756,True,,,,dc4c80e8a1534ff8a3eb80307341161c_LIDAR_TOP_xyzi.npy,dc4c80e8a1534ff8a3eb80307341161c,pedestrian_vru,1542800989447876.0,,,high,scene-1100
original,original,,42,34619,34619,0,1.0,34619,1059,37,575,447,447,0,0.14046270066100094,21878.360345926776,0.5132016426504201,0.5,9.619200020097196,397.9304999811575,517.5650999881327,42.119699995964766,0.6163000361993909,84.52869998291135,1009.6434999722987,0.9904486088678198,True,,,,c844bf5a9f2243ff8f4bf2c85fe218ff_LIDAR_TOP_xyzi.npy,c844bf5a9f2243ff8f4bf2c85fe218ff,complex_static,1532402937698000.0,,,,scene-0061
dropout_5pct,dropout,0.05,42,34619,32869,1750,0.9494497241399231,32869,1049,36,581,432,432,0,0.13946615824594855,21842.636388211104,0.5139595927555263,0.5,7.213099976070225,367.18499998096377,494.87040005624294,34.00390001479536,1.5967999352142215,82.95900002121925,952.2275000344962,1.0501692084756775,True,,,,c844bf5a9f2243ff8f4bf2c85fe218ff_LIDAR_TOP_xyzi.npy,c844bf5a9f2243ff8f4bf2c85fe218ff,complex_static,1532402937698000.0,0.05,,,scene-0061
dropout_10pct,dropout,0.1,42,34619,31227,3392,0.902019122447211,31227,1036,36,568,432,432,0,0.13996138996139,21842.636388211104,0.5131048674472302,0.5,7.817800040356815,345.0221000239253,463.36670010350645,41.746299946680665,0.597400008700788,88.29089999198914,904.4975001597777,1.105586250734084,True,,,,c844bf5a9f2243ff8f4bf2c85fe218ff_LIDAR_TOP_xyzi.npy,c844bf5a9f2243ff8f4bf2c85fe218ff,complex_static,1532402937698000.0,0.1,,,scene-0061
dropout_20pct,dropout,0.2,42,34619,27718,6901,0.800658597879777,27718,1011,32,570,409,409,0,0.1388724035608309,21842.636388211104,0.5140011204107077,0.5,6.515900022350252,299.29979995358735,488.3488999912515,35.42189998552203,0.6061000749468803,73.74029990751296,867.9048998747021,1.1521999704626258,True,,,,c844bf5a9f2243ff8f4bf2c85fe218ff_LIDAR_TOP_xyzi.npy,c844bf5a9f2243ff8f4bf2c85fe218ff,complex_static,1532402937698000.0,0.2,,,scene-0061
dropout_30pct,dropout,0.3,42,34619,24210,10409,0.699326959184263,24210,969,32,550,387,387,0,0.1382868937048504,21461.620491562906,0.5148119522062694,0.5,7.887599989771843,321.4719999814406,459.32540006469935,74.56549990456551,2.3082999978214502,96.52340004686266,885.2084000827745,1.1296774860094996,True,,,,c844bf5a9f2243ff8f4bf2c85fe218ff_LIDAR_TOP_xyzi.npy,c844bf5a9f2243ff8f4bf2c85fe218ff,complex_static,1532402937698000.0,0.3,,,scene-0061
sparse_75pct,sparsity,0.75,42,34619,25964,8655,0.74999277853202,25964,989,34,554,401,401,0,0.13882709807886756,21573.26587212793,0.5155833171447102,0.5,6.349900038912892,440.3037999290973,433.1950000487268,43.559800018556416,1.4992998912930489,77.45340000838041,957.3021000251174,1.0446023256125336,True,,,,c844bf5a9f2243ff8f4bf2c85fe218ff_LIDAR_TOP_xyzi.npy,c844bf5a9f2243ff8f4bf2c85fe218ff,complex_static,1532402937698000.0,,0.75,,scene-0061
sparse_50pct,sparsity,0.5,42,34619,17310,17309,0.50001444293596,17310,887,33,514,340,340,0,0.13647125140924465,21327.76847727946,0.5199934186162531,0.5,4.310499993152916,211.69989998452365,321.3939000852406,34.11569993477315,0.5126000614836812,74.67020000331104,612.0745000662282,1.6337880435989363,True,,,,c844bf5a9f2243ff8f4bf2c85fe218ff_LIDAR_TOP_xyzi.npy,c844bf5a9f2243ff8f4bf2c85fe218ff,complex_static,1532402937698000.0,,0.5,,scene-0061
sparse_25pct,sparsity,0.25,42,34619,8655,25964,0.25000722146798,8655,716,33,442,241,241,0,0.13135474860335197,21327.76847727946,0.5268036984193258,0.5,1.7536000814288855,119.22939994838089,193.26680002268404,20.648599951528013,0.41099998634308577,52.82680003438145,367.07660008687526,2.7242270407956597,True,,,,c844bf5a9f2243ff8f4bf2c85fe218ff_LIDAR_TOP_xyzi.npy,c844bf5a9f2243ff8f4bf2c85fe218ff,complex_static,1532402937698000.0,,0.25,,scene-0061
noise_low,noise,0.01,42,34619,34619,0,1.0,34619,1058,37,574,447,447,0,0.1405009451795841,21875.161598479866,0.5131156023180007,0.5,7.489899988286197,375.6715999916196,516.6084000375122,37.778600002638996,1.6611999599263072,97.5833999691531,997.3532999865711,1.0026537236237796,True,,,,c844bf5a9f2243ff8f4bf2c85fe218ff_LIDAR_TOP_xyzi.npy,c844bf5a9f2243ff8f4bf2c85fe218ff,complex_static,1532402937698000.0,,,low,scene-0061
noise_medium,noise,0.03,42,34619,34619,0,1.0,34619,1055,35,577,443,443,0,0.1403317535545024,21868.762291786137,0.5131340723857827,0.5,8.064000052399933,378.2503999536857,551.1201999615878,34.523700014688075,0.6125000072643161,125.1862000208348,1062.6207999885082,0.9410694765346345,True,,,,c844bf5a9f2243ff8f4bf2c85fe218ff_LIDAR_TOP_xyzi.npy,c844bf5a9f2243ff8f4bf2c85fe218ff,complex_static,1532402937698000.0,,,medium,scene-0061
noise_high,noise,0.05,42,34619,34619,0,1.0,34619,1056,38,574,444,444,0,0.14024621212121213,21862.360569359193,0.5136863526293004,0.5,9.282700018957257,447.541999979876,551.7028999747708,41.094399988651276,0.6126000080257654,81.698999973014,1090.226599946618,0.9172405076604846,True,,,,c844bf5a9f2243ff8f4bf2c85fe218ff_LIDAR_TOP_xyzi.npy,c844bf5a9f2243ff8f4bf2c85fe218ff,complex_static,1532402937698000.0,,,high,scene-0061
original,original,,42,34690,34690,0,1.0,34690,509,73,379,57,57,0,0.10402750491159136,6432.577677982985,0.5874286646715852,0.5,7.97110004350543,368.99939994327724,427.769000059925,18.775300006382167,0.7429000688716769,52.21599992364645,856.9554999703541,1.1669217363498974,True,,,,5c85640c10d9485c86bf6eb44778c002_LIDAR_TOP_xyzi.npy,5c85640c10d9485c86bf6eb44778c002,normal,1535385096399680.0,,,,scene-0655
dropout_5pct,dropout,0.05,42,34690,32936,1754,0.9494378783511098,32936,507,73,378,56,56,0,0.10384615384615385,6432.577677982985,0.5868938991581658,0.5,8.849799982272089,285.83230008371174,397.4814999382943,19.0621999790892,0.2826000563800335,35.985699971206486,728.1492999754846,1.3733447248162816,True,,,,5c85640c10d9485c86bf6eb44778c002_LIDAR_TOP_xyzi.npy,5c85640c10d9485c86bf6eb44778c002,normal,1535385096399680.0,0.05,,,scene-0655
dropout_10pct,dropout,0.1,42,34690,31291,3399,0.9020178725857596,31291,503,72,378,53,53,0,0.10337972166998012,6432.577677982985,0.5876838520772287,0.5,6.970199989154935,281.2315000919625,394.37479991465807,23.47310003824532,0.7464999798685312,43.506699963472784,726.0831999592483,1.377252634486138,True,,,,5c85640c10d9485c86bf6eb44778c002_LIDAR_TOP_xyzi.npy,5c85640c10d9485c86bf6eb44778c002,normal,1535385096399680.0,0.1,,,scene-0655
dropout_20pct,dropout,0.2,42,34690,27775,6915,0.8006630152781782,27775,497,71,374,52,52,0,0.10331991951710263,6366.182091440724,0.5885889715314813,0.5,6.383899948559701,242.50649998430163,347.74709993507713,23.189400089904666,0.7804000051692128,48.73429995495826,645.3717998228967,1.5494944158923902,True,,,,5c85640c10d9485c86bf6eb44778c002_LIDAR_TOP_xyzi.npy,5c85640c10d9485c86bf6eb44778c002,normal,1535385096399680.0,0.2,,,scene-0655
dropout_30pct,dropout,0.3,42,34690,24259,10431,0.6993081579705968,24259,492,74,370,48,48,0,0.10223577235772358,6388.03390856192,0.5916407963801347,0.5,5.398800014518201,212.42009999696165,304.43229991942644,17.283400055021048,0.7194000063464046,45.156999956816435,567.4081998877227,1.7623996272839861,True,,,,5c85640c10d9485c86bf6eb44778c002_LIDAR_TOP_xyzi.npy,5c85640c10d9485c86bf6eb44778c002,normal,1535385096399680.0,0.3,,,scene-0655
sparse_75pct,sparsity,0.75,42,34690,26018,8672,0.7500144133756126,26018,495,75,369,51,51,0,0.10272727272727274,5985.155016440193,0.5898124498303018,0.5,9.590599918738008,234.9415000062436,337.5826000701636,26.19620005134493,0.27790002059191465,48.50759997498244,630.6222999701276,1.585735233351833,True,,,,5c85640c10d9485c86bf6eb44778c002_LIDAR_TOP_xyzi.npy,5c85640c10d9485c86bf6eb44778c002,normal,1535385096399680.0,,0.75,,scene-0655
sparse_50pct,sparsity,0.5,42,34690,17345,17345,0.5,17345,472,72,353,47,47,0,0.10233050847457628,5988.773334437923,0.5887127690923324,0.5,3.243100014515221,157.9711000667885,405.52539995405823,66.43210002221167,5.221199942752719,75.60880004893988,642.3484000843018,1.5567875624330347,True,,,,5c85640c10d9485c86bf6eb44778c002_LIDAR_TOP_xyzi.npy,5c85640c10d9485c86bf6eb44778c002,normal,1535385096399680.0,,0.5,,scene-0655
sparse_25pct,sparsity,0.25,42,34690,8672,26018,0.24998558662438744,8672,426,60,320,46,46,0,0.10375586854460095,5553.934471456196,0.5867176707806696,0.5,1.7050999449566007,85.10410005692393,145.67469991743565,16.82080002501607,0.24149997625499964,35.73970007710159,268.22359999641776,3.7282327133531705,True,,,,5c85640c10d9485c86bf6eb44778c002_LIDAR_TOP_xyzi.npy,5c85640c10d9485c86bf6eb44778c002,normal,1535385096399680.0,,0.25,,scene-0655
noise_low,noise,0.01,42,34690,34690,0,1.0,34690,506,71,378,57,57,0,0.10424901185770752,6430.656278037685,0.5868198629090566,0.5,8.751899935305119,330.06800001021475,480.01609998755157,32.138300011865795,0.28659997042268515,65.42550004087389,884.2614999739453,1.1308871866856862,True,,,,5c85640c10d9485c86bf6eb44778c002_LIDAR_TOP_xyzi.npy,5c85640c10d9485c86bf6eb44778c002,normal,1535385096399680.0,,,low,scene-0655
noise_medium,noise,0.03,42,34690,34690,0,1.0,34690,506,72,377,57,57,0,0.10415019762845852,6426.771622156221,0.5865680429177159,0.5,13.224199996329844,380.96969993785024,505.68629999179393,47.14170005172491,1.2958000879734755,101.4071999816224,1001.2873999075964,0.9987142553599344,True,,,,5c85640c10d9485c86bf6eb44778c002_LIDAR_TOP_xyzi.npy,5c85640c10d9485c86bf6eb44778c002,normal,1535385096399680.0,,,medium,scene-0655
noise_high,noise,0.05,42,34690,34690,0,1.0,34690,513,72,383,58,58,0,0.10428849902534112,6423.08462821807,0.5863749387105026,0.5,11.235800106078386,301.83380004018545,488.12510003335774,20.858399919234216,1.0169000597670674,45.902099926024675,847.0968001056463,1.1805026295404306,True,,,,5c85640c10d9485c86bf6eb44778c002_LIDAR_TOP_xyzi.npy,5c85640c10d9485c86bf6eb44778c002,normal,1535385096399680.0,,,high,scene-0655
original,original,,42,34764,34764,0,1.0,34764,1055,68,700,287,287,0,0.12398104265402844,16759.14064391805,0.5429896141279448,0.5,11.47370005492121,452.807099907659,801.0867000557482,71.97539997287095,1.5916000120341778,87.09519996773452,1352.462699986063,0.7393919255668233,True,,,,858a1ece22cf45d9bc71e42336604b78_LIDAR_TOP_xyzi.npy,858a1ece22cf45d9bc71e42336604b78,difficult_geometry,1538984238948012.0,,,,scene-0916
dropout_5pct,dropout,0.05,42,34764,33004,1760,0.9493729145092624,33004,1044,67,698,279,279,0,0.1235153256704981,16759.14064391805,0.5435695266181839,0.5,9.116599918343127,296.7979999957606,586.9578000856563,63.78929992206395,0.8370999712496996,101.06180002912879,993.9342000288889,1.006102818447071,True,,,,858a1ece22cf45d9bc71e42336604b78_LIDAR_TOP_xyzi.npy,858a1ece22cf45d9bc71e42336604b78,difficult_geometry,1538984238948012.0,0.05,,,scene-0916
dropout_10pct,dropout,0.1,42,34764,31357,3407,0.9019963180301461,31357,1035,70,691,274,274,0,0.12309178743961353,16759.861345788027,0.5448953781108312,0.5,9.16949997190386,325.3031999338418,650.7107000797987,43.45989995636046,1.5504000475630164,171.76220007240772,1156.945600057952,0.8643448749447765,True,,,,858a1ece22cf45d9bc71e42336604b78_LIDAR_TOP_xyzi.npy,858a1ece22cf45d9bc71e42336604b78,difficult_geometry,1538984238948012.0,0.1,,,scene-0916
dropout_20pct,dropout,0.2,42,34764,27836,6928,0.8007133816591877,27836,1012,68,681,263,263,0,0.12262845849802374,16759.861345788027,0.5458024877365527,0.5,9.83609992545098,312.27730005048215,516.0770999500528,46.95760004688054,1.562700024805963,99.25130009651184,937.4418000224978,1.0667328894188428,True,,,,858a1ece22cf45d9bc71e42336604b78_LIDAR_TOP_xyzi.npy,858a1ece22cf45d9bc71e42336604b78,difficult_geometry,1538984238948012.0,0.2,,,scene-0916
dropout_30pct,dropout,0.3,42,34764,24315,10449,0.6994304452882292,24315,985,66,666,253,253,0,0.12233502538071067,16759.861345788027,0.5467334594213757,0.5,9.492399985902011,312.1566999470815,739.0664999838918,66.69200002215803,1.6337999841198325,102.01040003448725,1162.7259999513626,0.8600478530985206,True,,,,858a1ece22cf45d9bc71e42336604b78_LIDAR_TOP_xyzi.npy,858a1ece22cf45d9bc71e42336604b78,difficult_geometry,1538984238948012.0,0.3,,,scene-0916
sparse_75pct,sparsity,0.75,42,34764,26073,8691,0.75,26073,978,64,680,234,234,0,0.12065439672801637,16755.36849952888,0.5469791635705858,0.5,6.935400073416531,220.36799998022616,541.5403000079095,41.754899895749986,1.6213000053539872,90.5973999761045,859.4411000376567,1.1635468677913874,True,,,,858a1ece22cf45d9bc71e42336604b78_LIDAR_TOP_xyzi.npy,858a1ece22cf45d9bc71e42336604b78,difficult_geometry,1538984238948012.0,,0.75,,scene-0916
sparse_50pct,sparsity,0.5,42,34764,17382,17382,0.5,17382,887,49,636,202,202,0,0.12001127395715896,15863.500719304895,0.5472609494924978,0.5,3.7052000407129526,187.02360009774566,385.3788000997156,87.56989997345954,1.8995999125763774,84.23290005885065,660.3405002970248,1.5143702370976706,True,,,,858a1ece22cf45d9bc71e42336604b78_LIDAR_TOP_xyzi.npy,858a1ece22cf45d9bc71e42336604b78,difficult_geometry,1538984238948012.0,,0.5,,scene-0916
sparse_25pct,sparsity,0.25,42,34764,8691,26073,0.25,8691,749,45,542,162,162,0,0.11862483311081441,15449.125302794273,0.5516318412551833,0.5,1.8544000340625644,90.2691000374034,317.140799947083,26.740800007246435,1.1152999941259623,71.70700002461672,480.9713000431657,2.079126134782373,True,,,,858a1ece22cf45d9bc71e42336604b78_LIDAR_TOP_xyzi.npy,858a1ece22cf45d9bc71e42336604b78,difficult_geometry,1538984238948012.0,,0.25,,scene-0916
noise_low,noise,0.01,42,34764,34764,0,1.0,34764,1051,68,694,289,289,0,0.12426260704091344,16754.89607093839,0.5428653804236669,0.5,10.64959994982928,357.3213000781834,841.0430999938399,74.93030000478029,2.9103000415489078,183.74320003204048,1392.757200053893,0.7180002371994952,True,,,,858a1ece22cf45d9bc71e42336604b78_LIDAR_TOP_xyzi.npy,858a1ece22cf45d9bc71e42336604b78,difficult_geometry,1538984238948012.0,,,low,scene-0916
noise_medium,noise,0.03,42,34764,34764,0,1.0,34764,1052,74,689,289,289,0,0.12395437262357417,16746.40839688295,0.5442714454061288,0.5,11.924599995836616,336.6668000817299,612.6088000601158,36.7547000059858,0.5997999105602503,87.66800002194941,1048.8682001596317,0.9534086359447315,True,,,,858a1ece22cf45d9bc71e42336604b78_LIDAR_TOP_xyzi.npy,858a1ece22cf45d9bc71e42336604b78,difficult_geometry,1538984238948012.0,,,medium,scene-0916
noise_high,noise,0.05,42,34764,34764,0,1.0,34764,1049,73,694,282,282,0,0.12340324118207821,16737.92268536604,0.5445980007887621,0.5,8.12830007635057,364.505699952133,556.307699996978,41.41519998665899,0.6042999448254704,103.74699998646975,1032.6887000119314,0.9683460272088252,True,,,,858a1ece22cf45d9bc71e42336604b78_LIDAR_TOP_xyzi.npy,858a1ece22cf45d9bc71e42336604b78,difficult_geometry,1538984238948012.0,,,high,scene-0916
