configuration_id,weight_config,threshold_config,file,frame_id,scene_category,condition,map_cells,fine_cells,medium_cells,coarse_cells,mean_importance,mean_resolution,mapping_latency_ms,total_equiv_latency_ms,fps_equiv,success
W_BASE+THRESH_A,W_BASE,THRESH_A,5991fad3280c4f84b331536c32001a04_LIDAR_TOP_xyzi.npy,5991fad3280c4f84b331536c32001a04,sparse,original,533,45,384,104,0.5653436515506368,0.1152908067542214,157.90280001237988,2202.4971999926493,0.4540300891203573,True
W_BASE+THRESH_A,W_BASE,THRESH_A,5991fad3280c4f84b331536c32001a04_LIDAR_TOP_xyzi.npy,5991fad3280c4f84b331536c32001a04,sparse,dropout_5pct,530,45,381,104,0.5646103083247033,0.11537735849056605,64.11549996118993,1936.972500057891,0.5162695908021991,True
W_BASE+THRESH_A,W_BASE,THRESH_A,5991fad3280c4f84b331536c32001a04_LIDAR_TOP_xyzi.npy,5991fad3280c4f84b331536c32001a04,sparse,dropout_10pct,526,45,380,101,0.5652538575497877,0.11492395437262358,44.60040002595633,1552.0324999233708,0.6443164044885487,True
W_BASE+THRESH_A,W_BASE,THRESH_A,5991fad3280c4f84b331536c32001a04_LIDAR_TOP_xyzi.npy,5991fad3280c4f84b331536c32001a04,sparse,dropout_20pct,516,45,373,98,0.565618343074949,0.11463178294573645,53.593600052408874,1372.5455000530928,0.7285732968133428,True
W_BASE+THRESH_A,W_BASE,THRESH_A,5991fad3280c4f84b331536c32001a04_LIDAR_TOP_xyzi.npy,5991fad3280c4f84b331536c32001a04,sparse,dropout_30pct,504,46,362,96,0.5656890887058151,0.11448412698412702,85.2559000486508,1148.3463000040501,0.8708174528854867,True
W_BASE+THRESH_A,W_BASE,THRESH_A,5991fad3280c4f84b331536c32001a04_LIDAR_TOP_xyzi.npy,5991fad3280c4f84b331536c32001a04,sparse,sparse_75pct,517,45,377,95,0.5677929810827619,0.11402321083172147,50.91829993762076,1303.5132999066263,0.76715749664513,True
W_BASE+THRESH_A,W_BASE,THRESH_A,5991fad3280c4f84b331536c32001a04_LIDAR_TOP_xyzi.npy,5991fad3280c4f84b331536c32001a04,sparse,sparse_50pct,482,46,354,82,0.5708074271081796,0.11224066390041496,43.774800025857985,1527.820400078781,0.6545271943930293,True
W_BASE+THRESH_A,W_BASE,THRESH_A,5991fad3280c4f84b331536c32001a04_LIDAR_TOP_xyzi.npy,5991fad3280c4f84b331536c32001a04,sparse,sparse_25pct,414,38,318,58,0.5751661301801952,0.10942028985507248,37.002700031735,882.7380001312122,1.1328389622417498,True
W_BASE+THRESH_A,W_BASE,THRESH_A,5991fad3280c4f84b331536c32001a04_LIDAR_TOP_xyzi.npy,5991fad3280c4f84b331536c32001a04,sparse,noise_low,532,44,383,105,0.5648829332348003,0.1156015037593985,54.31819998193532,1359.9106000037864,0.7353424555976075,True
W_BASE+THRESH_A,W_BASE,THRESH_A,5991fad3280c4f84b331536c32001a04_LIDAR_TOP_xyzi.npy,5991fad3280c4f84b331536c32001a04,sparse,noise_medium,535,44,384,107,0.5643380944446673,0.11588785046728972,56.51750008109957,1296.7264001490548,0.7711727006445254,True
W_BASE+THRESH_A,W_BASE,THRESH_A,5991fad3280c4f84b331536c32001a04_LIDAR_TOP_xyzi.npy,5991fad3280c4f84b331536c32001a04,sparse,noise_high,541,45,387,109,0.5639497452704246,0.11598890942698706,43.493299977853894,1768.1125999661162,0.5655748395318058,True
W_BASE+THRESH_A,W_BASE,THRESH_A,6d1d793b68b24165be5755a54054c82a_LIDAR_TOP_xyzi.npy,6d1d793b68b24165be5755a54054c82a,dense,original,759,14,560,185,0.541847307909531,0.12345191040843213,73.35640001110733,1241.1930999951437,0.8056764092580861,True
W_BASE+THRESH_A,W_BASE,THRESH_A,6d1d793b68b24165be5755a54054c82a_LIDAR_TOP_xyzi.npy,6d1d793b68b24165be5755a54054c82a,dense,dropout_5pct,751,13,556,182,0.542607805519914,0.12336884154460719,73.35910003166646,805.3578999824822,1.241683976803048,True
W_BASE+THRESH_A,W_BASE,THRESH_A,6d1d793b68b24165be5755a54054c82a_LIDAR_TOP_xyzi.npy,6d1d793b68b24165be5755a54054c82a,dense,dropout_10pct,741,13,547,181,0.5415567257438769,0.12354925775978408,61.073799966834486,1492.0706000411883,0.6702095731746174,True
W_BASE+THRESH_A,W_BASE,THRESH_A,6d1d793b68b24165be5755a54054c82a_LIDAR_TOP_xyzi.npy,6d1d793b68b24165be5755a54054c82a,dense,dropout_20pct,725,13,539,173,0.5427145497278303,0.12296551724137932,74.55719995778054,1379.9993998836726,0.7246379962805022,True
W_BASE+THRESH_A,W_BASE,THRESH_A,6d1d793b68b24165be5755a54054c82a_LIDAR_TOP_xyzi.npy,6d1d793b68b24165be5755a54054c82a,dense,dropout_30pct,705,12,525,168,0.5432026694762703,0.12297872340425532,139.31180001236498,974.6688000159338,1.0259895463809368,True
W_BASE+THRESH_A,W_BASE,THRESH_A,6d1d793b68b24165be5755a54054c82a_LIDAR_TOP_xyzi.npy,6d1d793b68b24165be5755a54054c82a,dense,sparse_75pct,720,14,525,181,0.5413740693971414,0.12416666666666668,66.73610000871122,937.0437000179663,1.067186087458703,True
W_BASE+THRESH_A,W_BASE,THRESH_A,6d1d793b68b24165be5755a54054c82a_LIDAR_TOP_xyzi.npy,6d1d793b68b24165be5755a54054c82a,dense,sparse_50pct,665,13,490,162,0.5427000837234497,0.12338345864661654,63.0333999870345,714.7482000291348,1.3990941144856857,True
W_BASE+THRESH_A,W_BASE,THRESH_A,6d1d793b68b24165be5755a54054c82a_LIDAR_TOP_xyzi.npy,6d1d793b68b24165be5755a54054c82a,dense,sparse_25pct,567,7,427,133,0.5453472264299197,0.1228395061728395,60.072199907153845,605.2991999313235,1.652075535724248,True
W_BASE+THRESH_A,W_BASE,THRESH_A,6d1d793b68b24165be5755a54054c82a_LIDAR_TOP_xyzi.npy,6d1d793b68b24165be5755a54054c82a,dense,noise_low,755,14,557,184,0.5416995478756662,0.12344370860927155,67.71189998835325,2933.6721999570727,0.34086971271522176,True
W_BASE+THRESH_A,W_BASE,THRESH_A,6d1d793b68b24165be5755a54054c82a_LIDAR_TOP_xyzi.npy,6d1d793b68b24165be5755a54054c82a,dense,noise_medium,758,14,563,181,0.5423830462067808,0.12295514511873351,72.93300004675984,1928.1415999867022,0.5186341086188362,True
W_BASE+THRESH_A,W_BASE,THRESH_A,6d1d793b68b24165be5755a54054c82a_LIDAR_TOP_xyzi.npy,6d1d793b68b24165be5755a54054c82a,dense,noise_high,759,14,566,179,0.5428273187853377,0.12266139657444004,92.61669998522848,1758.1855001626536,0.5687681987523431,True
W_BASE+THRESH_A,W_BASE,THRESH_A,b26e791522294bec90f86fd72226e35c_LIDAR_TOP_xyzi.npy,b26e791522294bec90f86fd72226e35c,many_vehicles,original,1132,39,620,473,0.5163809134880591,0.1400618374558304,139.34489991515875,2152.2616000147536,0.4646275341218489,True
W_BASE+THRESH_A,W_BASE,THRESH_A,b26e791522294bec90f86fd72226e35c_LIDAR_TOP_xyzi.npy,b26e791522294bec90f86fd72226e35c,many_vehicles,dropout_5pct,1123,39,616,468,0.5166403380909671,0.13993766696349064,100.18130007665604,2361.752500059083,0.42341439247972995,True
W_BASE+THRESH_A,W_BASE,THRESH_A,b26e791522294bec90f86fd72226e35c_LIDAR_TOP_xyzi.npy,b26e791522294bec90f86fd72226e35c,many_vehicles,dropout_10pct,1106,39,604,463,0.5157544969531669,0.1400994575045208,88.72240001801401,1909.9161999765784,0.5235831812999246,True
W_BASE+THRESH_A,W_BASE,THRESH_A,b26e791522294bec90f86fd72226e35c_LIDAR_TOP_xyzi.npy,b26e791522294bec90f86fd72226e35c,many_vehicles,dropout_20pct,1077,37,597,443,0.5161704864527865,0.13941504178272981,89.39199999440461,1397.1286999294534,0.7157536739818557,True
W_BASE+THRESH_A,W_BASE,THRESH_A,b26e791522294bec90f86fd72226e35c_LIDAR_TOP_xyzi.npy,b26e791522294bec90f86fd72226e35c,many_vehicles,dropout_30pct,1034,37,580,417,0.5181330062215371,0.1385396518375242,118.1366000091657,1186.793899978511,0.8426062857401835,True
W_BASE+THRESH_A,W_BASE,THRESH_A,b26e791522294bec90f86fd72226e35c_LIDAR_TOP_xyzi.npy,b26e791522294bec90f86fd72226e35c,many_vehicles,sparse_75pct,1048,38,591,419,0.5200528054529531,0.13816793893129772,85.07090003695339,2775.8865000214428,0.36024527659624245,True
W_BASE+THRESH_A,W_BASE,THRESH_A,b26e791522294bec90f86fd72226e35c_LIDAR_TOP_xyzi.npy,b26e791522294bec90f86fd72226e35c,many_vehicles,sparse_50pct,931,34,532,365,0.5218921867488946,0.13737916219119228,169.54219993203878,1805.165599915199,0.5539657968482099,True
W_BASE+THRESH_A,W_BASE,THRESH_A,b26e791522294bec90f86fd72226e35c_LIDAR_TOP_xyzi.npy,b26e791522294bec90f86fd72226e35c,many_vehicles,sparse_25pct,723,25,459,239,0.5298058465813077,0.1313278008298755,91.16399998310953,542.2457000240684,1.8441824434119323,True
W_BASE+THRESH_A,W_BASE,THRESH_A,b26e791522294bec90f86fd72226e35c_LIDAR_TOP_xyzi.npy,b26e791522294bec90f86fd72226e35c,many_vehicles,noise_low,1136,39,624,473,0.5166660821666382,0.13992077464788732,102.39360004197806,1245.389600051567,0.802961579218739,True
W_BASE+THRESH_A,W_BASE,THRESH_A,b26e791522294bec90f86fd72226e35c_LIDAR_TOP_xyzi.npy,b26e791522294bec90f86fd72226e35c,many_vehicles,noise_medium,1138,38,626,474,0.5164507716718885,0.13998242530755714,150.15830006450415,1305.507600074634,0.7659855828819622,True
W_BASE+THRESH_A,W_BASE,THRESH_A,b26e791522294bec90f86fd72226e35c_LIDAR_TOP_xyzi.npy,b26e791522294bec90f86fd72226e35c,many_vehicles,noise_high,1139,39,618,482,0.5159612188067517,0.14060579455662864,110.44750001747161,1064.1665000002831,0.9397025747378196,True
W_BASE+THRESH_A,W_BASE,THRESH_A,dc4c80e8a1534ff8a3eb80307341161c_LIDAR_TOP_xyzi.npy,dc4c80e8a1534ff8a3eb80307341161c,pedestrian_vru,original,1257,30,800,427,0.5205063586205791,0.13277645186953063,121.42939993645996,955.4717999417335,1.046603363972628,True
W_BASE+THRESH_A,W_BASE,THRESH_A,dc4c80e8a1534ff8a3eb80307341161c_LIDAR_TOP_xyzi.npy,dc4c80e8a1534ff8a3eb80307341161c,pedestrian_vru,dropout_5pct,1244,29,792,423,0.5204076289977729,0.13283762057877813,147.34380005393177,1354.3810000410303,0.7383446755157562,True
W_BASE+THRESH_A,W_BASE,THRESH_A,dc4c80e8a1534ff8a3eb80307341161c_LIDAR_TOP_xyzi.npy,dc4c80e8a1534ff8a3eb80307341161c,pedestrian_vru,dropout_10pct,1236,30,788,418,0.5207623490721466,0.1326051779935275,107.16590005904436,884.8274000920355,1.1301639165965982,True
W_BASE+THRESH_A,W_BASE,THRESH_A,dc4c80e8a1534ff8a3eb80307341161c_LIDAR_TOP_xyzi.npy,dc4c80e8a1534ff8a3eb80307341161c,pedestrian_vru,dropout_20pct,1198,28,769,401,0.5208659346151941,0.13230383973288815,127.83560005482286,861.6595000494272,1.1605512385607508,True
W_BASE+THRESH_A,W_BASE,THRESH_A,dc4c80e8a1534ff8a3eb80307341161c_LIDAR_TOP_xyzi.npy,dc4c80e8a1534ff8a3eb80307341161c,pedestrian_vru,dropout_30pct,1166,27,766,373,0.5249789955671992,0.1308319039451115,113.37179993279278,802.2938999347389,1.2464260292660123,True
W_BASE+THRESH_A,W_BASE,THRESH_A,dc4c80e8a1534ff8a3eb80307341161c_LIDAR_TOP_xyzi.npy,dc4c80e8a1534ff8a3eb80307341161c,pedestrian_vru,sparse_75pct,1186,31,787,368,0.5277326031141572,0.12972175379426643,167.7832999266684,916.5744999190792,1.0910187879853586,True
W_BASE+THRESH_A,W_BASE,THRESH_A,dc4c80e8a1534ff8a3eb80307341161c_LIDAR_TOP_xyzi.npy,dc4c80e8a1534ff8a3eb80307341161c,pedestrian_vru,sparse_50pct,1047,25,707,315,0.5297362211508128,0.12889207258834767,87.06400007940829,593.8148000277579,1.6840267368769775,True
W_BASE+THRESH_A,W_BASE,THRESH_A,dc4c80e8a1534ff8a3eb80307341161c_LIDAR_TOP_xyzi.npy,dc4c80e8a1534ff8a3eb80307341161c,pedestrian_vru,sparse_25pct,855,23,593,239,0.5351705938079653,0.12660818713450292,71.578299975954,367.99399997107685,2.717435610576794,True
W_BASE+THRESH_A,W_BASE,THRESH_A,dc4c80e8a1534ff8a3eb80307341161c_LIDAR_TOP_xyzi.npy,dc4c80e8a1534ff8a3eb80307341161c,pedestrian_vru,noise_low,1256,30,798,428,0.5205153886434591,0.13288216560509555,124.39389992505312,1080.5142999161035,0.9254852065147541,True
W_BASE+THRESH_A,W_BASE,THRESH_A,dc4c80e8a1534ff8a3eb80307341161c_LIDAR_TOP_xyzi.npy,dc4c80e8a1534ff8a3eb80307341161c,pedestrian_vru,noise_medium,1263,29,803,431,0.5202495231882118,0.13297703879651623,99.68909993767738,934.0495000360534,1.0706070716395661,True
W_BASE+THRESH_A,W_BASE,THRESH_A,dc4c80e8a1534ff8a3eb80307341161c_LIDAR_TOP_xyzi.npy,dc4c80e8a1534ff8a3eb80307341161c,pedestrian_vru,noise_high,1263,30,804,429,0.5206199865824309,0.1327790973871734,156.0121999355033,961.230699904263,1.0403329815616567,True
W_BASE+THRESH_A,W_BASE,THRESH_A,c844bf5a9f2243ff8f4bf2c85fe218ff_LIDAR_TOP_xyzi.npy,c844bf5a9f2243ff8f4bf2c85fe218ff,complex_static,original,1059,37,575,447,0.5132016426504201,0.14046270066100094,95.93040007166564,1021.045200061053,0.979388571573722,True
W_BASE+THRESH_A,W_BASE,THRESH_A,c844bf5a9f2243ff8f4bf2c85fe218ff_LIDAR_TOP_xyzi.npy,c844bf5a9f2243ff8f4bf2c85fe218ff,complex_static,dropout_5pct,1049,36,581,432,0.5139595927555263,0.13946615824594855,99.32050004135817,968.5890000546351,1.032429647604498,True
W_BASE+THRESH_A,W_BASE,THRESH_A,c844bf5a9f2243ff8f4bf2c85fe218ff_LIDAR_TOP_xyzi.npy,c844bf5a9f2243ff8f4bf2c85fe218ff,complex_static,dropout_10pct,1036,36,568,432,0.5131048674472302,0.13996138996139,112.14770004153252,928.3543002093211,1.07717495332819,True
W_BASE+THRESH_A,W_BASE,THRESH_A,c844bf5a9f2243ff8f4bf2c85fe218ff_LIDAR_TOP_xyzi.npy,c844bf5a9f2243ff8f4bf2c85fe218ff,complex_static,dropout_20pct,1011,32,570,409,0.5140011204107077,0.1388724035608309,89.46559997275472,883.6301999399439,1.1316951367981372,True
W_BASE+THRESH_A,W_BASE,THRESH_A,c844bf5a9f2243ff8f4bf2c85fe218ff_LIDAR_TOP_xyzi.npy,c844bf5a9f2243ff8f4bf2c85fe218ff,complex_static,dropout_30pct,969,32,550,387,0.5148119522062694,0.1382868937048504,119.32090006303042,908.0059000989422,1.1013144296650865,True
W_BASE+THRESH_A,W_BASE,THRESH_A,c844bf5a9f2243ff8f4bf2c85fe218ff_LIDAR_TOP_xyzi.npy,c844bf5a9f2243ff8f4bf2c85fe218ff,complex_static,sparse_75pct,989,34,554,401,0.5155833171447102,0.13882709807886756,118.64839994814247,998.4970999648795,1.0015051621433586,True
W_BASE+THRESH_A,W_BASE,THRESH_A,c844bf5a9f2243ff8f4bf2c85fe218ff_LIDAR_TOP_xyzi.npy,c844bf5a9f2243ff8f4bf2c85fe218ff,complex_static,sparse_50pct,887,33,514,340,0.5199934186162531,0.13647125140924465,72.54129997454584,609.945600037463,1.6394904724922676,True
W_BASE+THRESH_A,W_BASE,THRESH_A,c844bf5a9f2243ff8f4bf2c85fe218ff_LIDAR_TOP_xyzi.npy,c844bf5a9f2243ff8f4bf2c85fe218ff,complex_static,sparse_25pct,716,33,442,241,0.5268036984193258,0.13135474860335197,56.20480002835393,370.45460008084774,2.6993861050227497,True
W_BASE+THRESH_A,W_BASE,THRESH_A,c844bf5a9f2243ff8f4bf2c85fe218ff_LIDAR_TOP_xyzi.npy,c844bf5a9f2243ff8f4bf2c85fe218ff,complex_static,noise_low,1058,37,574,447,0.5131156023180007,0.1405009451795841,101.9914000062272,1001.7613000236452,0.9982417966998689,True
W_BASE+THRESH_A,W_BASE,THRESH_A,c844bf5a9f2243ff8f4bf2c85fe218ff_LIDAR_TOP_xyzi.npy,c844bf5a9f2243ff8f4bf2c85fe218ff,complex_static,noise_medium,1055,35,577,443,0.5131340723857827,0.1403317535545024,105.11530004441738,1042.5499000120908,0.9591867017477078,True
W_BASE+THRESH_A,W_BASE,THRESH_A,c844bf5a9f2243ff8f4bf2c85fe218ff_LIDAR_TOP_xyzi.npy,c844bf5a9f2243ff8f4bf2c85fe218ff,complex_static,noise_high,1056,38,574,444,0.5136863526293004,0.14024621212121213,94.61700008250773,1103.1446000561118,0.9064994742748455,True
W_BASE+THRESH_A,W_BASE,THRESH_A,5c85640c10d9485c86bf6eb44778c002_LIDAR_TOP_xyzi.npy,5c85640c10d9485c86bf6eb44778c002,normal,original,509,73,379,57,0.5874286646715852,0.10402750491159136,40.03650008235127,844.776000129059,1.1837457501719117,True
W_BASE+THRESH_A,W_BASE,THRESH_A,5c85640c10d9485c86bf6eb44778c002_LIDAR_TOP_xyzi.npy,5c85640c10d9485c86bf6eb44778c002,normal,dropout_5pct,507,73,378,56,0.5868938991581658,0.10384615384615385,45.906900078989565,738.0705000832677,1.3548841199955586,True
W_BASE+THRESH_A,W_BASE,THRESH_A,5c85640c10d9485c86bf6eb44778c002_LIDAR_TOP_xyzi.npy,5c85640c10d9485c86bf6eb44778c002,normal,dropout_10pct,503,72,378,53,0.5876838520772287,0.10337972166998012,40.08009994868189,722.6565999444574,1.3837831136903183,True
W_BASE+THRESH_A,W_BASE,THRESH_A,5c85640c10d9485c86bf6eb44778c002_LIDAR_TOP_xyzi.npy,5c85640c10d9485c86bf6eb44778c002,normal,dropout_20pct,497,71,374,52,0.5885889715314813,0.10331991951710263,42.63300006277859,639.270499930717,1.564283038413908,True
W_BASE+THRESH_A,W_BASE,THRESH_A,5c85640c10d9485c86bf6eb44778c002_LIDAR_TOP_xyzi.npy,5c85640c10d9485c86bf6eb44778c002,normal,dropout_30pct,492,74,370,48,0.5916407963801347,0.10223577235772358,42.367200017906725,564.618399948813,1.7711077075962414,True
W_BASE+THRESH_A,W_BASE,THRESH_A,5c85640c10d9485c86bf6eb44778c002_LIDAR_TOP_xyzi.npy,5c85640c10d9485c86bf6eb44778c002,normal,sparse_75pct,495,75,369,51,0.5898124498303018,0.10272727272727274,44.260499998927116,626.3751999940723,1.5964872172612572,True
W_BASE+THRESH_A,W_BASE,THRESH_A,5c85640c10d9485c86bf6eb44778c002_LIDAR_TOP_xyzi.npy,5c85640c10d9485c86bf6eb44778c002,normal,sparse_50pct,472,72,353,47,0.5887127690923324,0.10233050847457628,47.994200023822486,614.7338000591844,1.6267203786479993,True
W_BASE+THRESH_A,W_BASE,THRESH_A,5c85640c10d9485c86bf6eb44778c002_LIDAR_TOP_xyzi.npy,5c85640c10d9485c86bf6eb44778c002,normal,sparse_25pct,426,60,320,46,0.5867176707806696,0.10375586854460095,37.282299948856235,269.7661998681724,3.706913618120704,True
W_BASE+THRESH_A,W_BASE,THRESH_A,5c85640c10d9485c86bf6eb44778c002_LIDAR_TOP_xyzi.npy,5c85640c10d9485c86bf6eb44778c002,normal,noise_low,506,71,378,57,0.5868198629090566,0.10424901185770752,38.682700018398464,857.5186999514699,1.1661553270576999,True
W_BASE+THRESH_A,W_BASE,THRESH_A,5c85640c10d9485c86bf6eb44778c002_LIDAR_TOP_xyzi.npy,5c85640c10d9485c86bf6eb44778c002,normal,noise_medium,506,72,377,57,0.5865680429177159,0.10415019762845852,65.22129999939352,965.1014999253675,1.0361604453804405,True
W_BASE+THRESH_A,W_BASE,THRESH_A,5c85640c10d9485c86bf6eb44778c002_LIDAR_TOP_xyzi.npy,5c85640c10d9485c86bf6eb44778c002,normal,noise_high,513,72,383,58,0.5863749387105026,0.10428849902534112,67.56930006667972,868.7640002463013,1.1510605868987347,True
W_BASE+THRESH_A,W_BASE,THRESH_A,858a1ece22cf45d9bc71e42336604b78_LIDAR_TOP_xyzi.npy,858a1ece22cf45d9bc71e42336604b78,difficult_geometry,original,1055,68,700,287,0.5429896141279448,0.12398104265402844,138.11529998201877,1403.4828000003472,0.7125131850563132,True
W_BASE+THRESH_A,W_BASE,THRESH_A,858a1ece22cf45d9bc71e42336604b78_LIDAR_TOP_xyzi.npy,858a1ece22cf45d9bc71e42336604b78,difficult_geometry,dropout_5pct,1044,67,698,279,0.5435695266181839,0.1235153256704981,104.71220000181347,997.5846000015736,1.0024212482815218,True
W_BASE+THRESH_A,W_BASE,THRESH_A,858a1ece22cf45d9bc71e42336604b78_LIDAR_TOP_xyzi.npy,858a1ece22cf45d9bc71e42336604b78,difficult_geometry,dropout_10pct,1035,70,691,274,0.5448953781108312,0.12309178743961353,142.0243999455124,1127.2077999310568,0.887147871103414,True
W_BASE+THRESH_A,W_BASE,THRESH_A,858a1ece22cf45d9bc71e42336604b78_LIDAR_TOP_xyzi.npy,858a1ece22cf45d9bc71e42336604b78,difficult_geometry,dropout_20pct,1012,68,681,263,0.5458024877365527,0.12262845849802374,88.68030004668981,926.8707999726757,1.0788990224198238,True
W_BASE+THRESH_A,W_BASE,THRESH_A,858a1ece22cf45d9bc71e42336604b78_LIDAR_TOP_xyzi.npy,858a1ece22cf45d9bc71e42336604b78,difficult_geometry,dropout_30pct,985,66,666,253,0.5467334594213757,0.12233502538071067,150.57170006912202,1211.2872999859974,0.8255679721991307,True
W_BASE+THRESH_A,W_BASE,THRESH_A,858a1ece22cf45d9bc71e42336604b78_LIDAR_TOP_xyzi.npy,858a1ece22cf45d9bc71e42336604b78,difficult_geometry,sparse_75pct,978,64,680,234,0.5469791635705858,0.12065439672801637,90.52440000232309,859.3681000638753,1.1636457065670367,True
W_BASE+THRESH_A,W_BASE,THRESH_A,858a1ece22cf45d9bc71e42336604b78_LIDAR_TOP_xyzi.npy,858a1ece22cf45d9bc71e42336604b78,difficult_geometry,sparse_50pct,887,49,636,202,0.5472609494924978,0.12001127395715896,74.74830001592636,650.8559002541006,1.5364384030468037,True
W_BASE+THRESH_A,W_BASE,THRESH_A,858a1ece22cf45d9bc71e42336604b78_LIDAR_TOP_xyzi.npy,858a1ece22cf45d9bc71e42336604b78,difficult_geometry,sparse_25pct,749,45,542,162,0.5516318412551833,0.11862483311081441,75.95830003265291,485.2226000512019,2.060909776037797,True
W_BASE+THRESH_A,W_BASE,THRESH_A,858a1ece22cf45d9bc71e42336604b78_LIDAR_TOP_xyzi.npy,858a1ece22cf45d9bc71e42336604b78,difficult_geometry,noise_low,1051,68,694,289,0.5428653804236669,0.12426260704091344,101.8974999897182,1310.9115000115708,0.7628280017309891,True
W_BASE+THRESH_A,W_BASE,THRESH_A,858a1ece22cf45d9bc71e42336604b78_LIDAR_TOP_xyzi.npy,858a1ece22cf45d9bc71e42336604b78,difficult_geometry,noise_medium,1052,74,689,289,0.5442714454061288,0.12395437262357417,141.18329994380474,1102.383500081487,0.9071253333582017,True
W_BASE+THRESH_A,W_BASE,THRESH_A,858a1ece22cf45d9bc71e42336604b78_LIDAR_TOP_xyzi.npy,858a1ece22cf45d9bc71e42336604b78,difficult_geometry,noise_high,1049,73,694,282,0.5445980007887621,0.12340324118207821,223.06380001828074,1152.0055000437424,0.86805141117992,True
W_SEM+THRESH_A,W_SEM,THRESH_A,5991fad3280c4f84b331536c32001a04_LIDAR_TOP_xyzi.npy,5991fad3280c4f84b331536c32001a04,sparse,original,533,56,400,77,0.5782560224660248,0.10919324577861164,52.0951000507921,2096.6895000310615,0.4769423417178297,True
W_SEM+THRESH_A,W_SEM,THRESH_A,5991fad3280c4f84b331536c32001a04_LIDAR_TOP_xyzi.npy,5991fad3280c4f84b331536c32001a04,sparse,dropout_5pct,530,56,399,75,0.5779406792574826,0.1088679245283019,43.27449994161725,1916.1315000383183,0.5218848497506576,True
W_SEM+THRESH_A,W_SEM,THRESH_A,5991fad3280c4f84b331536c32001a04_LIDAR_TOP_xyzi.npy,5991fad3280c4f84b331536c32001a04,sparse,dropout_10pct,526,56,398,72,0.5785689656270441,0.10836501901140687,67.10230000317097,1574.5343999005854,0.6351083850966603,True
W_SEM+THRESH_A,W_SEM,THRESH_A,5991fad3280c4f84b331536c32001a04_LIDAR_TOP_xyzi.npy,5991fad3280c4f84b331536c32001a04,sparse,dropout_20pct,516,56,390,70,0.5788998445238991,0.10813953488372095,48.58659999445081,1367.5384999951348,0.7312408389259664,True
W_SEM+THRESH_A,W_SEM,THRESH_A,5991fad3280c4f84b331536c32001a04_LIDAR_TOP_xyzi.npy,5991fad3280c4f84b331536c32001a04,sparse,dropout_30pct,504,54,386,64,0.5790615951704782,0.10734126984126986,47.86960000637919,1110.9599999617785,0.900122416679632,True
W_SEM+THRESH_A,W_SEM,THRESH_A,5991fad3280c4f84b331536c32001a04_LIDAR_TOP_xyzi.npy,5991fad3280c4f84b331536c32001a04,sparse,sparse_75pct,517,56,391,70,0.5801493330764935,0.10812379110251452,63.66729992441833,1316.262299893424,0.7597269936858092,True
W_SEM+THRESH_A,W_SEM,THRESH_A,5991fad3280c4f84b331536c32001a04_LIDAR_TOP_xyzi.npy,5991fad3280c4f84b331536c32001a04,sparse,sparse_50pct,482,56,366,60,0.58349018847303,0.10663900414937762,44.193799956701696,1528.2394000096247,0.6543477415866271,True
W_SEM+THRESH_A,W_SEM,THRESH_A,5991fad3280c4f84b331536c32001a04_LIDAR_TOP_xyzi.npy,5991fad3280c4f84b331536c32001a04,sparse,sparse_25pct,414,42,331,41,0.5857554393726853,0.10483091787439615,66.93860003724694,912.6739001367241,1.0956816008984085,True
W_SEM+THRESH_A,W_SEM,THRESH_A,5991fad3280c4f84b331536c32001a04_LIDAR_TOP_xyzi.npy,5991fad3280c4f84b331536c32001a04,sparse,noise_low,532,55,401,76,0.5777167939511152,0.10911654135338347,50.20090006291866,1355.7933000847697,0.7375755581160314,True
W_SEM+THRESH_A,W_SEM,THRESH_A,5991fad3280c4f84b331536c32001a04_LIDAR_TOP_xyzi.npy,5991fad3280c4f84b331536c32001a04,sparse,noise_medium,535,54,404,77,0.5770221294902105,0.10934579439252337,58.14700003247708,1298.3559001004323,0.7702048413094179,True
W_SEM+THRESH_A,W_SEM,THRESH_A,5991fad3280c4f84b331536c32001a04_LIDAR_TOP_xyzi.npy,5991fad3280c4f84b331536c32001a04,sparse,noise_high,541,54,407,80,0.5764305650470319,0.10979667282809613,47.89559997152537,1772.5148999597877,0.5641701516995352,True
W_SEM+THRESH_A,W_SEM,THRESH_A,6d1d793b68b24165be5755a54054c82a_LIDAR_TOP_xyzi.npy,6d1d793b68b24165be5755a54054c82a,dense,original,759,22,618,119,0.5517753524962236,0.11422924901185769,112.90210008155555,1280.738800065592,0.7807993323453509,True
W_SEM+THRESH_A,W_SEM,THRESH_A,6d1d793b68b24165be5755a54054c82a_LIDAR_TOP_xyzi.npy,6d1d793b68b24165be5755a54054c82a,dense,dropout_5pct,751,22,612,117,0.5524229741331089,0.11411451398135818,66.18009996600449,798.1788999168202,1.252851961013016,True
W_SEM+THRESH_A,W_SEM,THRESH_A,6d1d793b68b24165be5755a54054c82a_LIDAR_TOP_xyzi.npy,6d1d793b68b24165be5755a54054c82a,dense,dropout_10pct,741,22,605,114,0.5518749455535924,0.11390013495276655,71.0642000194639,1502.0610000938177,0.6657519234821626,True
W_SEM+THRESH_A,W_SEM,THRESH_A,6d1d793b68b24165be5755a54054c82a_LIDAR_TOP_xyzi.npy,6d1d793b68b24165be5755a54054c82a,dense,dropout_20pct,725,22,599,104,0.552867810540941,0.11282758620689652,66.70269998721778,1372.1448999131098,0.7287860050810409,True
W_SEM+THRESH_A,W_SEM,THRESH_A,6d1d793b68b24165be5755a54054c82a_LIDAR_TOP_xyzi.npy,6d1d793b68b24165be5755a54054c82a,dense,dropout_30pct,705,21,583,101,0.5532346709667295,0.1128368794326241,66.9572000624612,902.31420006603,1.1082614015459598,True
W_SEM+THRESH_A,W_SEM,THRESH_A,6d1d793b68b24165be5755a54054c82a_LIDAR_TOP_xyzi.npy,6d1d793b68b24165be5755a54054c82a,dense,sparse_75pct,720,21,586,113,0.5517269605214077,0.11423611111111111,65.33420004416257,935.6418000534177,1.0687850841453512,True
W_SEM+THRESH_A,W_SEM,THRESH_A,6d1d793b68b24165be5755a54054c82a_LIDAR_TOP_xyzi.npy,6d1d793b68b24165be5755a54054c82a,dense,sparse_50pct,665,19,550,96,0.5528956745971286,0.11300751879699249,53.95710002630949,705.6719000684097,1.4170891598532651,True
W_SEM+THRESH_A,W_SEM,THRESH_A,6d1d793b68b24165be5755a54054c82a_LIDAR_TOP_xyzi.npy,6d1d793b68b24165be5755a54054c82a,dense,sparse_25pct,567,11,475,81,0.5542249845657672,0.11331569664902998,94.92870001122355,640.1557000353932,1.5621199654157754,True
W_SEM+THRESH_A,W_SEM,THRESH_A,6d1d793b68b24165be5755a54054c82a_LIDAR_TOP_xyzi.npy,6d1d793b68b24165be5755a54054c82a,dense,noise_low,755,21,617,117,0.551523126278559,0.11410596026490065,66.39070005621761,2932.351000024937,0.34102329495735534,True
W_SEM+THRESH_A,W_SEM,THRESH_A,6d1d793b68b24165be5755a54054c82a_LIDAR_TOP_xyzi.npy,6d1d793b68b24165be5755a54054c82a,dense,noise_medium,758,22,620,116,0.5521905860461341,0.11385224274406332,62.489100033417344,1917.6976999733597,0.5214586219787883,True
W_SEM+THRESH_A,W_SEM,THRESH_A,6d1d793b68b24165be5755a54054c82a_LIDAR_TOP_xyzi.npy,6d1d793b68b24165be5755a54054c82a,dense,noise_high,759,22,620,117,0.5524787459151609,0.11396574440052701,94.25179997924715,1759.8206001566723,0.5682397398410796,True
W_SEM+THRESH_A,W_SEM,THRESH_A,b26e791522294bec90f86fd72226e35c_LIDAR_TOP_xyzi.npy,b26e791522294bec90f86fd72226e35c,many_vehicles,original,1132,67,655,410,0.5351410601986435,0.13325971731448763,116.12079991027713,2129.037500009872,0.46969581324676674,True
W_SEM+THRESH_A,W_SEM,THRESH_A,b26e791522294bec90f86fd72226e35c_LIDAR_TOP_xyzi.npy,b26e791522294bec90f86fd72226e35c,many_vehicles,dropout_5pct,1123,67,653,403,0.535420369752451,0.13290293855743543,184.50650002341717,2446.0777000058442,0.40881775750525456,True
W_SEM+THRESH_A,W_SEM,THRESH_A,b26e791522294bec90f86fd72226e35c_LIDAR_TOP_xyzi.npy,b26e791522294bec90f86fd72226e35c,many_vehicles,dropout_10pct,1106,65,640,401,0.5348409918730218,0.13331826401446653,163.38550008367747,1984.5793000422418,0.5038851307069034,True
W_SEM+THRESH_A,W_SEM,THRESH_A,b26e791522294bec90f86fd72226e35c_LIDAR_TOP_xyzi.npy,b26e791522294bec90f86fd72226e35c,many_vehicles,dropout_20pct,1077,63,631,383,0.535257444691363,0.13263695450324975,96.67560004163533,1404.4122999766842,0.7120416134326094,True
W_SEM+THRESH_A,W_SEM,THRESH_A,b26e791522294bec90f86fd72226e35c_LIDAR_TOP_xyzi.npy,b26e791522294bec90f86fd72226e35c,many_vehicles,dropout_30pct,1034,61,614,359,0.5370009503454176,0.1317698259187621,104.47999997995794,1173.1372999493033,0.8524151436010216,True
W_SEM+THRESH_A,W_SEM,THRESH_A,b26e791522294bec90f86fd72226e35c_LIDAR_TOP_xyzi.npy,b26e791522294bec90f86fd72226e35c,many_vehicles,sparse_75pct,1048,65,630,353,0.5386274202392802,0.13058206106870232,121.07320001814514,2811.8888000026345,0.3556328401034433,True
W_SEM+THRESH_A,W_SEM,THRESH_A,b26e791522294bec90f86fd72226e35c_LIDAR_TOP_xyzi.npy,b26e791522294bec90f86fd72226e35c,many_vehicles,sparse_50pct,931,56,578,297,0.5405302809559589,0.1288936627282492,131.34800002444535,1766.9714000076056,0.565940116515579,True
W_SEM+THRESH_A,W_SEM,THRESH_A,b26e791522294bec90f86fd72226e35c_LIDAR_TOP_xyzi.npy,b26e791522294bec90f86fd72226e35c,many_vehicles,sparse_25pct,723,42,486,195,0.5471871949195366,0.12406639004149378,109.59040001034737,560.6721000513062,1.7835736786412086,True
W_SEM+THRESH_A,W_SEM,THRESH_A,b26e791522294bec90f86fd72226e35c_LIDAR_TOP_xyzi.npy,b26e791522294bec90f86fd72226e35c,many_vehicles,noise_low,1136,68,660,408,0.5354421712614932,0.1329225352112676,165.07330001331866,1308.0693000229076,0.7644854901666812,True
W_SEM+THRESH_A,W_SEM,THRESH_A,b26e791522294bec90f86fd72226e35c_LIDAR_TOP_xyzi.npy,b26e791522294bec90f86fd72226e35c,many_vehicles,noise_medium,1138,67,661,410,0.5351372832224703,0.13308435852372583,320.0662999879569,1475.4155999980867,0.6777751299371491,True
W_SEM+THRESH_A,W_SEM,THRESH_A,b26e791522294bec90f86fd72226e35c_LIDAR_TOP_xyzi.npy,b26e791522294bec90f86fd72226e35c,many_vehicles,noise_high,1139,68,660,411,0.5348817212662297,0.133099209833187,190.04509993828833,1143.7640999210998,0.874306161619326,True
W_SEM+THRESH_A,W_SEM,THRESH_A,dc4c80e8a1534ff8a3eb80307341161c_LIDAR_TOP_xyzi.npy,dc4c80e8a1534ff8a3eb80307341161c,pedestrian_vru,original,1257,31,912,314,0.53406772854763,0.12374701670644392,165.00150004867464,999.0439000539482,1.000957014947992,True
W_SEM+THRESH_A,W_SEM,THRESH_A,dc4c80e8a1534ff8a3eb80307341161c_LIDAR_TOP_xyzi.npy,dc4c80e8a1534ff8a3eb80307341161c,pedestrian_vru,dropout_5pct,1244,30,901,313,0.5339524317447586,0.12395498392282957,118.22820000816137,1325.26539999526,0.754565840173279,True
W_SEM+THRESH_A,W_SEM,THRESH_A,dc4c80e8a1534ff8a3eb80307341161c_LIDAR_TOP_xyzi.npy,dc4c80e8a1534ff8a3eb80307341161c,pedestrian_vru,dropout_10pct,1236,31,898,307,0.5343629518770534,0.123584142394822,137.33529997989535,914.9968000128865,1.09289999701192,True
W_SEM+THRESH_A,W_SEM,THRESH_A,dc4c80e8a1534ff8a3eb80307341161c_LIDAR_TOP_xyzi.npy,dc4c80e8a1534ff8a3eb80307341161c,pedestrian_vru,dropout_20pct,1198,29,874,295,0.5343673791809962,0.12341402337228712,171.46280000451952,905.2866999991238,1.1046224361862025,True
W_SEM+THRESH_A,W_SEM,THRESH_A,dc4c80e8a1534ff8a3eb80307341161c_LIDAR_TOP_xyzi.npy,dc4c80e8a1534ff8a3eb80307341161c,pedestrian_vru,dropout_30pct,1166,29,866,271,0.5374034276011386,0.1219982847341338,201.56189997214824,890.4839999740943,1.122984803802305,True
W_SEM+THRESH_A,W_SEM,THRESH_A,dc4c80e8a1534ff8a3eb80307341161c_LIDAR_TOP_xyzi.npy,dc4c80e8a1534ff8a3eb80307341161c,pedestrian_vru,sparse_75pct,1186,32,895,259,0.5396513883498515,0.12048903878583474,210.06170008331537,958.8529000757262,1.0429128387900002,True
W_SEM+THRESH_A,W_SEM,THRESH_A,dc4c80e8a1534ff8a3eb80307341161c_LIDAR_TOP_xyzi.npy,dc4c80e8a1534ff8a3eb80307341161c,pedestrian_vru,sparse_50pct,1047,26,805,216,0.5414372523123799,0.11938872970391598,156.8476998945698,663.5984998429194,1.5069352933086955,True
W_SEM+THRESH_A,W_SEM,THRESH_A,dc4c80e8a1534ff8a3eb80307341161c_LIDAR_TOP_xyzi.npy,dc4c80e8a1534ff8a3eb80307341161c,pedestrian_vru,sparse_25pct,855,24,674,157,0.5463910266482443,0.11695906432748537,102.88920009043068,399.3049000855535,2.504351937042956,True
W_SEM+THRESH_A,W_SEM,THRESH_A,dc4c80e8a1534ff8a3eb80307341161c_LIDAR_TOP_xyzi.npy,dc4c80e8a1534ff8a3eb80307341161c,pedestrian_vru,noise_low,1256,31,910,315,0.5340927506536385,0.12384554140127388,150.43540007900447,1106.5558000700548,0.903704991593457,True
W_SEM+THRESH_A,W_SEM,THRESH_A,dc4c80e8a1534ff8a3eb80307341161c_LIDAR_TOP_xyzi.npy,dc4c80e8a1534ff8a3eb80307341161c,pedestrian_vru,noise_medium,1263,30,914,319,0.5337900992470926,0.12406967537608866,249.04830008745193,1083.408700185828,0.9230127096343961,True
W_SEM+THRESH_A,W_SEM,THRESH_A,dc4c80e8a1534ff8a3eb80307341161c_LIDAR_TOP_xyzi.npy,dc4c80e8a1534ff8a3eb80307341161c,pedestrian_vru,noise_high,1263,31,914,318,0.5341315224894092,0.12395091053048299,208.7012999691069,1013.9197999378666,0.9862713008082892,True
W_SEM+THRESH_A,W_SEM,THRESH_A,c844bf5a9f2243ff8f4bf2c85fe218ff_LIDAR_TOP_xyzi.npy,c844bf5a9f2243ff8f4bf2c85fe218ff,complex_static,original,1059,53,612,394,0.5322011116636918,0.13470254957507083,176.00039998069406,1101.1151999700814,0.9081701896651423,True
W_SEM+THRESH_A,W_SEM,THRESH_A,c844bf5a9f2243ff8f4bf2c85fe218ff_LIDAR_TOP_xyzi.npy,c844bf5a9f2243ff8f4bf2c85fe218ff,complex_static,dropout_5pct,1049,52,614,383,0.5325942338379787,0.1340324118207817,229.89710001274943,1099.1656000260264,0.909781019326225,True
W_SEM+THRESH_A,W_SEM,THRESH_A,c844bf5a9f2243ff8f4bf2c85fe218ff_LIDAR_TOP_xyzi.npy,c844bf5a9f2243ff8f4bf2c85fe218ff,complex_static,dropout_10pct,1036,51,604,381,0.5320305160130565,0.13431467181467183,206.95130003150553,1023.1579001992941,0.9773662499260541,True
W_SEM+THRESH_A,W_SEM,THRESH_A,c844bf5a9f2243ff8f4bf2c85fe218ff_LIDAR_TOP_xyzi.npy,c844bf5a9f2243ff8f4bf2c85fe218ff,complex_static,dropout_20pct,1011,45,607,359,0.5322324623156237,0.13328387734915925,129.95860003866255,924.1232000058517,1.0821068013373842,True
W_SEM+THRESH_A,W_SEM,THRESH_A,c844bf5a9f2243ff8f4bf2c85fe218ff_LIDAR_TOP_xyzi.npy,c844bf5a9f2243ff8f4bf2c85fe218ff,complex_static,dropout_30pct,969,43,588,338,0.5329780142026824,0.1326625386996904,150.1624999800697,938.8475000159815,1.0651357115857234,True
W_SEM+THRESH_A,W_SEM,THRESH_A,c844bf5a9f2243ff8f4bf2c85fe218ff_LIDAR_TOP_xyzi.npy,c844bf5a9f2243ff8f4bf2c85fe218ff,complex_static,sparse_75pct,989,50,589,350,0.5343628941783869,0.1328614762386249,99.92189996410161,979.7705999808386,1.0206470780196477,True
W_SEM+THRESH_A,W_SEM,THRESH_A,c844bf5a9f2243ff8f4bf2c85fe218ff_LIDAR_TOP_xyzi.npy,c844bf5a9f2243ff8f4bf2c85fe218ff,complex_static,sparse_50pct,887,46,550,291,0.5384972918147746,0.1302142051860203,92.19670004677027,629.6010001096874,1.5883075151179598,True
W_SEM+THRESH_A,W_SEM,THRESH_A,c844bf5a9f2243ff8f4bf2c85fe218ff_LIDAR_TOP_xyzi.npy,c844bf5a9f2243ff8f4bf2c85fe218ff,complex_static,sparse_25pct,716,40,470,206,0.5449678373494485,0.1259776536312849,63.56209993828088,377.8118999907747,2.6468197534921947,True
W_SEM+THRESH_A,W_SEM,THRESH_A,c844bf5a9f2243ff8f4bf2c85fe218ff_LIDAR_TOP_xyzi.npy,c844bf5a9f2243ff8f4bf2c85fe218ff,complex_static,noise_low,1058,53,611,394,0.5321413626786978,0.13473534971644613,112.46569990180433,1012.2355999192223,0.9879123003377882,True
W_SEM+THRESH_A,W_SEM,THRESH_A,c844bf5a9f2243ff8f4bf2c85fe218ff_LIDAR_TOP_xyzi.npy,c844bf5a9f2243ff8f4bf2c85fe218ff,complex_static,noise_medium,1055,51,612,392,0.531962199319989,0.134739336492891,109.79989997576922,1047.2344999434426,0.9548959665232634,True
W_SEM+THRESH_A,W_SEM,THRESH_A,c844bf5a9f2243ff8f4bf2c85fe218ff_LIDAR_TOP_xyzi.npy,c844bf5a9f2243ff8f4bf2c85fe218ff,complex_static,noise_high,1056,54,611,391,0.532572392649838,0.13446969696969696,147.96909992583096,1156.496699899435,0.86468037486571,True
W_SEM+THRESH_A,W_SEM,THRESH_A,5c85640c10d9485c86bf6eb44778c002_LIDAR_TOP_xyzi.npy,5c85640c10d9485c86bf6eb44778c002,normal,original,509,80,384,45,0.6007503452120607,0.10098231827111985,53.10759996064007,857.8471000073478,1.1657089007952988,True
W_SEM+THRESH_A,W_SEM,THRESH_A,5c85640c10d9485c86bf6eb44778c002_LIDAR_TOP_xyzi.npy,5c85640c10d9485c86bf6eb44778c002,normal,dropout_5pct,507,80,383,44,0.6005443078577286,0.1007889546351085,53.568199975416064,745.7317999796942,1.3409646739313374,True
W_SEM+THRESH_A,W_SEM,THRESH_A,5c85640c10d9485c86bf6eb44778c002_LIDAR_TOP_xyzi.npy,5c85640c10d9485c86bf6eb44778c002,normal,dropout_10pct,503,80,381,42,0.6013027402714433,0.10039761431411531,44.056099955923855,726.6325999516994,1.3762113068784305,True
W_SEM+THRESH_A,W_SEM,THRESH_A,5c85640c10d9485c86bf6eb44778c002_LIDAR_TOP_xyzi.npy,5c85640c10d9485c86bf6eb44778c002,normal,dropout_20pct,497,79,379,39,0.6020048390863203,0.09989939637826964,62.9358000587672,659.5732999267057,1.5161317174469067,True
W_SEM+THRESH_A,W_SEM,THRESH_A,5c85640c10d9485c86bf6eb44778c002_LIDAR_TOP_xyzi.npy,5c85640c10d9485c86bf6eb44778c002,normal,dropout_30pct,492,82,375,35,0.6051558126322302,0.09878048780487807,55.57610001415014,577.8272999450564,1.7306208967542491,True
W_SEM+THRESH_A,W_SEM,THRESH_A,5c85640c10d9485c86bf6eb44778c002_LIDAR_TOP_xyzi.npy,5c85640c10d9485c86bf6eb44778c002,normal,sparse_75pct,495,81,378,36,0.603473756966909,0.0990909090909091,55.05620001349598,637.1709000086412,1.569437650066,True
W_SEM+THRESH_A,W_SEM,THRESH_A,5c85640c10d9485c86bf6eb44778c002_LIDAR_TOP_xyzi.npy,5c85640c10d9485c86bf6eb44778c002,normal,sparse_50pct,472,76,367,29,0.6027412491582055,0.09809322033898306,54.35770004987717,621.0973000852391,1.6100536902394527,True
W_SEM+THRESH_A,W_SEM,THRESH_A,5c85640c10d9485c86bf6eb44778c002_LIDAR_TOP_xyzi.npy,5c85640c10d9485c86bf6eb44778c002,normal,sparse_25pct,426,62,332,32,0.6000910665626004,0.10023474178403756,58.312400011345744,290.7962999306619,3.4388333009685548,True
W_SEM+THRESH_A,W_SEM,THRESH_A,5c85640c10d9485c86bf6eb44778c002_LIDAR_TOP_xyzi.npy,5c85640c10d9485c86bf6eb44778c002,normal,noise_low,506,77,385,44,0.5997272231558356,0.10108695652173914,68.48560005892068,887.3215999919921,1.1269871036713461,True
W_SEM+THRESH_A,W_SEM,THRESH_A,5c85640c10d9485c86bf6eb44778c002_LIDAR_TOP_xyzi.npy,5c85640c10d9485c86bf6eb44778c002,normal,noise_medium,506,79,382,45,0.6000340463860179,0.10108695652173914,51.40890006441623,951.2890999903902,1.0512051488975347,True
W_SEM+THRESH_A,W_SEM,THRESH_A,5c85640c10d9485c86bf6eb44778c002_LIDAR_TOP_xyzi.npy,5c85640c10d9485c86bf6eb44778c002,normal,noise_high,513,79,391,43,0.5995937261620768,0.10068226120857701,66.61850004456937,867.813200224191,1.1523217205519112,True
W_SEM+THRESH_A,W_SEM,THRESH_A,858a1ece22cf45d9bc71e42336604b78_LIDAR_TOP_xyzi.npy,858a1ece22cf45d9bc71e42336604b78,difficult_geometry,original,1055,76,755,224,0.5565293545167918,0.11763033175355452,96.76480002235621,1362.1323000406846,0.7341430784440921,True
W_SEM+THRESH_A,W_SEM,THRESH_A,858a1ece22cf45d9bc71e42336604b78_LIDAR_TOP_xyzi.npy,858a1ece22cf45d9bc71e42336604b78,difficult_geometry,dropout_5pct,1044,75,752,217,0.55699986104601,0.11719348659003834,149.81989993248135,1042.6922999322414,0.9590557061416721,True
W_SEM+THRESH_A,W_SEM,THRESH_A,858a1ece22cf45d9bc71e42336604b78_LIDAR_TOP_xyzi.npy,858a1ece22cf45d9bc71e42336604b78,difficult_geometry,dropout_10pct,1035,78,746,211,0.5584182559247414,0.11661835748792272,94.45119998417795,1079.6345999697223,0.9262393035829385,True
W_SEM+THRESH_A,W_SEM,THRESH_A,858a1ece22cf45d9bc71e42336604b78_LIDAR_TOP_xyzi.npy,858a1ece22cf45d9bc71e42336604b78,difficult_geometry,dropout_20pct,1012,76,737,199,0.5591136809196752,0.11590909090909093,86.25809999648482,924.4485999224707,1.0817259067555138,True
W_SEM+THRESH_A,W_SEM,THRESH_A,858a1ece22cf45d9bc71e42336604b78_LIDAR_TOP_xyzi.npy,858a1ece22cf45d9bc71e42336604b78,difficult_geometry,dropout_30pct,985,75,720,190,0.560048175610408,0.11548223350253808,84.89909989293665,1145.614699809812,0.8728938273627371,True
W_SEM+THRESH_A,W_SEM,THRESH_A,858a1ece22cf45d9bc71e42336604b78_LIDAR_TOP_xyzi.npy,858a1ece22cf45d9bc71e42336604b78,difficult_geometry,sparse_75pct,978,69,722,187,0.5595563548511859,0.11559304703476485,87.53899997100234,856.3827000325546,1.167702243356838,True
W_SEM+THRESH_A,W_SEM,THRESH_A,858a1ece22cf45d9bc71e42336604b78_LIDAR_TOP_xyzi.npy,858a1ece22cf45d9bc71e42336604b78,difficult_geometry,sparse_50pct,887,53,687,147,0.5589978465902121,0.11358511837655018,101.45430010743439,677.5619003456086,1.4758799151633573,True
W_SEM+THRESH_A,W_SEM,THRESH_A,858a1ece22cf45d9bc71e42336604b78_LIDAR_TOP_xyzi.npy,858a1ece22cf45d9bc71e42336604b78,difficult_geometry,sparse_25pct,749,47,598,104,0.5634000916788956,0.11074766355140185,71.40020001679659,480.66450003534555,2.0804532057733933,True
W_SEM+THRESH_A,W_SEM,THRESH_A,858a1ece22cf45d9bc71e42336604b78_LIDAR_TOP_xyzi.npy,858a1ece22cf45d9bc71e42336604b78,difficult_geometry,noise_low,1051,75,749,227,0.5563365369202662,0.1180304471931494,115.39829999674112,1324.4123000185937,0.7550518822469112,True
W_SEM+THRESH_A,W_SEM,THRESH_A,858a1ece22cf45d9bc71e42336604b78_LIDAR_TOP_xyzi.npy,858a1ece22cf45d9bc71e42336604b78,difficult_geometry,noise_medium,1052,81,745,226,0.5579986161925278,0.11763307984790877,95.7856000168249,1056.9858001545072,0.9460865035782154,True
W_SEM+THRESH_A,W_SEM,THRESH_A,858a1ece22cf45d9bc71e42336604b78_LIDAR_TOP_xyzi.npy,858a1ece22cf45d9bc71e42336604b78,difficult_geometry,noise_high,1049,78,753,218,0.5578621652314303,0.11706387035271688,100.57559993583709,1029.5172999612987,0.9713289908169506,True
W_SAFE+THRESH_A,W_SAFE,THRESH_A,5991fad3280c4f84b331536c32001a04_LIDAR_TOP_xyzi.npy,5991fad3280c4f84b331536c32001a04,sparse,original,533,49,407,77,0.572721313272779,0.1098499061913696,56.140300002880394,2100.7346999831498,0.4760239358201781,True
W_SAFE+THRESH_A,W_SAFE,THRESH_A,5991fad3280c4f84b331536c32001a04_LIDAR_TOP_xyzi.npy,5991fad3280c4f84b331536c32001a04,sparse,dropout_5pct,530,49,406,75,0.5723746415216335,0.10952830188679247,61.63279991596937,1934.4898000126705,0.5169321647462035,True
W_SAFE+THRESH_A,W_SAFE,THRESH_A,5991fad3280c4f84b331536c32001a04_LIDAR_TOP_xyzi.npy,5991fad3280c4f84b331536c32001a04,sparse,dropout_10pct,526,49,405,72,0.5729606006080326,0.10903041825095058,57.65649990644306,1565.0885998038575,0.6389414632023539,True
W_SAFE+THRESH_A,W_SAFE,THRESH_A,5991fad3280c4f84b331536c32001a04_LIDAR_TOP_xyzi.npy,5991fad3280c4f84b331536c32001a04,sparse,dropout_20pct,516,49,397,70,0.5732796894851394,0.10881782945736435,53.930899943225086,1372.882799943909,0.7283942955952659,True
W_SAFE+THRESH_A,W_SAFE,THRESH_A,5991fad3280c4f84b331536c32001a04_LIDAR_TOP_xyzi.npy,5991fad3280c4f84b331536c32001a04,sparse,dropout_30pct,504,49,391,64,0.5735060396149224,0.10783730158730162,51.6588999889791,1114.7492999443784,0.897062684901346,True
W_SAFE+THRESH_A,W_SAFE,THRESH_A,5991fad3280c4f84b331536c32001a04_LIDAR_TOP_xyzi.npy,5991fad3280c4f84b331536c32001a04,sparse,sparse_75pct,517,50,397,70,0.5746367605426442,0.10870406189555126,56.43790005706251,1309.032900026068,0.7639227402001019,True
W_SAFE+THRESH_A,W_SAFE,THRESH_A,5991fad3280c4f84b331536c32001a04_LIDAR_TOP_xyzi.npy,5991fad3280c4f84b331536c32001a04,sparse,sparse_50pct,482,51,371,60,0.5776810598423245,0.10715767634854774,45.79100001137704,1529.8366000643,0.6536645808826703,True
W_SAFE+THRESH_A,W_SAFE,THRESH_A,5991fad3280c4f84b331536c32001a04_LIDAR_TOP_xyzi.npy,5991fad3280c4f84b331536c32001a04,sparse,sparse_25pct,414,39,334,41,0.5806829756045693,0.10519323671497585,34.43270002026111,880.1680001197383,1.1361467354686374,True
W_SAFE+THRESH_A,W_SAFE,THRESH_A,5991fad3280c4f84b331536c32001a04_LIDAR_TOP_xyzi.npy,5991fad3280c4f84b331536c32001a04,sparse,noise_low,532,48,408,76,0.5722656661315663,0.10977443609022558,43.11760002747178,1348.7100000493228,0.7414492366508958,True
W_SAFE+THRESH_A,W_SAFE,THRESH_A,5991fad3280c4f84b331536c32001a04_LIDAR_TOP_xyzi.npy,5991fad3280c4f84b331536c32001a04,sparse,noise_medium,535,48,410,77,0.571695026686472,0.1099065420560748,52.984700072556734,1293.193600140512,0.7732794222700645,True
W_SAFE+THRESH_A,W_SAFE,THRESH_A,5991fad3280c4f84b331536c32001a04_LIDAR_TOP_xyzi.npy,5991fad3280c4f84b331536c32001a04,sparse,noise_high,541,49,412,80,0.5712549643076604,0.11025878003696858,47.090700012631714,1771.710000000894,0.564426458054363,True
W_SAFE+THRESH_A,W_SAFE,THRESH_A,6d1d793b68b24165be5755a54054c82a_LIDAR_TOP_xyzi.npy,6d1d793b68b24165be5755a54054c82a,dense,original,759,18,622,119,0.5502997266727716,0.11449275362318839,83.44040007796139,1251.2771000619978,0.7991834901721229,True
W_SAFE+THRESH_A,W_SAFE,THRESH_A,6d1d793b68b24165be5755a54054c82a_LIDAR_TOP_xyzi.npy,6d1d793b68b24165be5755a54054c82a,dense,dropout_5pct,751,18,616,117,0.5509316292596069,0.1143808255659121,77.44629995431751,809.4450999051332,1.235414236391325,True
W_SAFE+THRESH_A,W_SAFE,THRESH_A,6d1d793b68b24165be5755a54054c82a_LIDAR_TOP_xyzi.npy,6d1d793b68b24165be5755a54054c82a,dense,dropout_10pct,741,18,609,114,0.5503634745684371,0.11417004048582997,78.10969999991357,1509.1065000742674,0.6626437563888216,True
W_SAFE+THRESH_A,W_SAFE,THRESH_A,6d1d793b68b24165be5755a54054c82a_LIDAR_TOP_xyzi.npy,6d1d793b68b24165be5755a54054c82a,dense,dropout_20pct,725,18,603,104,0.551322982954734,0.11310344827586205,75.60760003980249,1381.0497999656945,0.7240868504704465,True
W_SAFE+THRESH_A,W_SAFE,THRESH_A,6d1d793b68b24165be5755a54054c82a_LIDAR_TOP_xyzi.npy,6d1d793b68b24165be5755a54054c82a,dense,dropout_30pct,705,17,587,101,0.5517169404702755,0.11312056737588652,74.09479992929846,909.4517999328673,1.0995634953648084,True
W_SAFE+THRESH_A,W_SAFE,THRESH_A,6d1d793b68b24165be5755a54054c82a_LIDAR_TOP_xyzi.npy,6d1d793b68b24165be5755a54054c82a,dense,sparse_75pct,720,18,589,113,0.5502408494102966,0.11444444444444445,91.70370001811534,962.0113000273705,1.0394888292596445,True
W_SAFE+THRESH_A,W_SAFE,THRESH_A,6d1d793b68b24165be5755a54054c82a_LIDAR_TOP_xyzi.npy,6d1d793b68b24165be5755a54054c82a,dense,sparse_50pct,665,17,552,96,0.5514370279805871,0.11315789473684211,101.15130001213402,752.8661000542343,1.328257441699079,True
W_SAFE+THRESH_A,W_SAFE,THRESH_A,6d1d793b68b24165be5755a54054c82a_LIDAR_TOP_xyzi.npy,6d1d793b68b24165be5755a54054c82a,dense,sparse_25pct,567,10,476,81,0.5532196935604761,0.11340388007054673,74.00100002996624,619.2280000541359,1.614914054132848,True
W_SAFE+THRESH_A,W_SAFE,THRESH_A,6d1d793b68b24165be5755a54054c82a_LIDAR_TOP_xyzi.npy,6d1d793b68b24165be5755a54054c82a,dense,noise_low,755,18,620,117,0.5501059077355126,0.1143046357615894,96.94179997313768,2962.902099941857,0.33750693282090677,True
W_SAFE+THRESH_A,W_SAFE,THRESH_A,6d1d793b68b24165be5755a54054c82a_LIDAR_TOP_xyzi.npy,6d1d793b68b24165be5755a54054c82a,dense,noise_medium,758,18,624,116,0.5507130134867674,0.11411609498680739,102.01020003296435,1957.2187999729067,0.5109290795765107,True
W_SAFE+THRESH_A,W_SAFE,THRESH_A,6d1d793b68b24165be5755a54054c82a_LIDAR_TOP_xyzi.npy,6d1d793b68b24165be5755a54054c82a,dense,noise_high,759,18,624,117,0.5510031200917089,0.11422924901185771,79.76100000087172,1745.3298001782969,0.5729576151726988,True
W_SAFE+THRESH_A,W_SAFE,THRESH_A,b26e791522294bec90f86fd72226e35c_LIDAR_TOP_xyzi.npy,b26e791522294bec90f86fd72226e35c,many_vehicles,original,1132,47,675,410,0.5312806361703749,0.13414310954063605,175.0028000678867,2187.9195001674816,0.45705520697788543,True
W_SAFE+THRESH_A,W_SAFE,THRESH_A,b26e791522294bec90f86fd72226e35c_LIDAR_TOP_xyzi.npy,b26e791522294bec90f86fd72226e35c,many_vehicles,dropout_5pct,1123,47,673,403,0.5315468167693699,0.13379341050756902,131.9300999166444,2393.5012998990715,0.41779797656352546,True
W_SAFE+THRESH_A,W_SAFE,THRESH_A,b26e791522294bec90f86fd72226e35c_LIDAR_TOP_xyzi.npy,b26e791522294bec90f86fd72226e35c,many_vehicles,dropout_10pct,1106,45,660,401,0.530998315561991,0.13422242314647376,112.10709996521473,1933.300899923779,0.5172500566463427,True
W_SAFE+THRESH_A,W_SAFE,THRESH_A,b26e791522294bec90f86fd72226e35c_LIDAR_TOP_xyzi.npy,b26e791522294bec90f86fd72226e35c,many_vehicles,dropout_20pct,1077,43,651,383,0.5313855783960983,0.13356545961002786,91.88020008150488,1399.6169000165537,0.7144812269615869,True
W_SAFE+THRESH_A,W_SAFE,THRESH_A,b26e791522294bec90f86fd72226e35c_LIDAR_TOP_xyzi.npy,b26e791522294bec90f86fd72226e35c,many_vehicles,dropout_30pct,1034,42,633,359,0.5330647801326516,0.13268858800773697,117.66929994337261,1186.326599912718,0.8429381926305736,True
W_SAFE+THRESH_A,W_SAFE,THRESH_A,b26e791522294bec90f86fd72226e35c_LIDAR_TOP_xyzi.npy,b26e791522294bec90f86fd72226e35c,many_vehicles,sparse_75pct,1048,46,649,353,0.5346102446667612,0.13148854961832063,97.2685000160709,2788.0841000005603,0.35866923813374174,True
W_SAFE+THRESH_A,W_SAFE,THRESH_A,b26e791522294bec90f86fd72226e35c_LIDAR_TOP_xyzi.npy,b26e791522294bec90f86fd72226e35c,many_vehicles,sparse_50pct,931,39,595,297,0.5365345774113831,0.12980665950590764,117.13960010092705,1752.7630000840873,0.5705277895254669,True
W_SAFE+THRESH_A,W_SAFE,THRESH_A,b26e791522294bec90f86fd72226e35c_LIDAR_TOP_xyzi.npy,b26e791522294bec90f86fd72226e35c,many_vehicles,sparse_25pct,723,30,498,195,0.5433144424990662,0.12489626556016599,72.65530002769083,523.7370000686496,1.9093552677563805,True
W_SAFE+THRESH_A,W_SAFE,THRESH_A,b26e791522294bec90f86fd72226e35c_LIDAR_TOP_xyzi.npy,b26e791522294bec90f86fd72226e35c,many_vehicles,noise_low,1136,47,681,408,0.5315513261910706,0.13384683098591552,212.54189999308437,1355.5379000026733,0.7377145264606971,True
W_SAFE+THRESH_A,W_SAFE,THRESH_A,b26e791522294bec90f86fd72226e35c_LIDAR_TOP_xyzi.npy,b26e791522294bec90f86fd72226e35c,many_vehicles,noise_medium,1138,46,682,410,0.5313147876161434,0.13400702987697716,113.37529995944351,1268.7245999695733,0.7881931193136652,True
W_SAFE+THRESH_A,W_SAFE,THRESH_A,b26e791522294bec90f86fd72226e35c_LIDAR_TOP_xyzi.npy,b26e791522294bec90f86fd72226e35c,many_vehicles,noise_high,1139,47,681,411,0.5310362427763262,0.13402107111501316,111.06109991669655,1064.780099899508,0.9391610531548985,True
W_SAFE+THRESH_A,W_SAFE,THRESH_A,dc4c80e8a1534ff8a3eb80307341161c_LIDAR_TOP_xyzi.npy,dc4c80e8a1534ff8a3eb80307341161c,pedestrian_vru,original,1257,30,913,314,0.5327948566303665,0.12378679395385836,126.79579993709922,960.8381999423727,1.040757954939735,True
W_SAFE+THRESH_A,W_SAFE,THRESH_A,dc4c80e8a1534ff8a3eb80307341161c_LIDAR_TOP_xyzi.npy,dc4c80e8a1534ff8a3eb80307341161c,pedestrian_vru,dropout_5pct,1244,29,902,313,0.5327064510373631,0.1239951768488746,92.41859999019653,1299.455799977295,0.7695529159340954,True
W_SAFE+THRESH_A,W_SAFE,THRESH_A,dc4c80e8a1534ff8a3eb80307341161c_LIDAR_TOP_xyzi.npy,dc4c80e8a1534ff8a3eb80307341161c,pedestrian_vru,dropout_10pct,1236,30,899,307,0.5330684534951763,0.12362459546925567,122.4064000416547,900.0679000746459,1.1110272901822922,True
W_SAFE+THRESH_A,W_SAFE,THRESH_A,dc4c80e8a1534ff8a3eb80307341161c_LIDAR_TOP_xyzi.npy,dc4c80e8a1534ff8a3eb80307341161c,pedestrian_vru,dropout_20pct,1198,28,875,295,0.533157028596689,0.12345575959933221,120.74310006573796,854.5670000603423,1.170183262318096,True
W_SAFE+THRESH_A,W_SAFE,THRESH_A,dc4c80e8a1534ff8a3eb80307341161c_LIDAR_TOP_xyzi.npy,dc4c80e8a1534ff8a3eb80307341161c,pedestrian_vru,dropout_30pct,1166,27,868,271,0.5361598598481367,0.12208404802744426,143.85540003422648,832.7775000361726,1.2008009341709687,True
W_SAFE+THRESH_A,W_SAFE,THRESH_A,dc4c80e8a1534ff8a3eb80307341161c_LIDAR_TOP_xyzi.npy,dc4c80e8a1534ff8a3eb80307341161c,pedestrian_vru,sparse_75pct,1186,31,896,259,0.5382601573211836,0.12053119730185496,125.05939998663962,873.8505999790505,1.1443603746727116,True
W_SAFE+THRESH_A,W_SAFE,THRESH_A,dc4c80e8a1534ff8a3eb80307341161c_LIDAR_TOP_xyzi.npy,dc4c80e8a1534ff8a3eb80307341161c,pedestrian_vru,sparse_50pct,1047,25,806,216,0.5401478540315776,0.11943648519579754,107.66850004438311,614.4192999927327,1.6275530407521832,True
W_SAFE+THRESH_A,W_SAFE,THRESH_A,dc4c80e8a1534ff8a3eb80307341161c_LIDAR_TOP_xyzi.npy,dc4c80e8a1534ff8a3eb80307341161c,pedestrian_vru,sparse_25pct,855,23,675,157,0.5449875178763144,0.11701754385964913,78.58349999878556,374.9991999939084,2.66667235561101,True
W_SAFE+THRESH_A,W_SAFE,THRESH_A,dc4c80e8a1534ff8a3eb80307341161c_LIDAR_TOP_xyzi.npy,dc4c80e8a1534ff8a3eb80307341161c,pedestrian_vru,noise_low,1256,30,911,315,0.5328188653033199,0.12388535031847134,168.19100000429899,1124.3113999953493,0.8894333011335974,True
W_SAFE+THRESH_A,W_SAFE,THRESH_A,dc4c80e8a1534ff8a3eb80307341161c_LIDAR_TOP_xyzi.npy,dc4c80e8a1534ff8a3eb80307341161c,pedestrian_vru,noise_medium,1263,29,915,319,0.5325628625091671,0.12410926365795724,115.48279994167387,949.8432000400499,1.0528053471960797,True
W_SAFE+THRESH_A,W_SAFE,THRESH_A,dc4c80e8a1534ff8a3eb80307341161c_LIDAR_TOP_xyzi.npy,dc4c80e8a1534ff8a3eb80307341161c,pedestrian_vru,noise_high,1263,30,915,318,0.532864697469615,0.12399049881235154,101.58440005034208,906.8029000191018,1.102775476323394,True
W_SAFE+THRESH_A,W_SAFE,THRESH_A,c844bf5a9f2243ff8f4bf2c85fe218ff_LIDAR_TOP_xyzi.npy,c844bf5a9f2243ff8f4bf2c85fe218ff,complex_static,original,1059,41,624,394,0.5286694780470722,0.13526912181303116,102.08730003796518,1027.2021000273526,0.9735182589418108,True
W_SAFE+THRESH_A,W_SAFE,THRESH_A,c844bf5a9f2243ff8f4bf2c85fe218ff_LIDAR_TOP_xyzi.npy,c844bf5a9f2243ff8f4bf2c85fe218ff,complex_static,dropout_5pct,1049,40,626,383,0.5291433282135745,0.13460438512869402,119.04780007898808,988.316300092265,1.0118218225345916,True
W_SAFE+THRESH_A,W_SAFE,THRESH_A,c844bf5a9f2243ff8f4bf2c85fe218ff_LIDAR_TOP_xyzi.npy,c844bf5a9f2243ff8f4bf2c85fe218ff,complex_static,dropout_10pct,1036,40,615,381,0.5285845700671103,0.13484555984555988,87.76869997382164,903.9753001416102,1.1062249154853536,True
W_SAFE+THRESH_A,W_SAFE,THRESH_A,c844bf5a9f2243ff8f4bf2c85fe218ff_LIDAR_TOP_xyzi.npy,c844bf5a9f2243ff8f4bf2c85fe218ff,complex_static,dropout_20pct,1011,36,616,359,0.529017823344308,0.13372898120672602,73.57070001307875,867.7352999802679,1.1524251693145822,True
W_SAFE+THRESH_A,W_SAFE,THRESH_A,c844bf5a9f2243ff8f4bf2c85fe218ff_LIDAR_TOP_xyzi.npy,c844bf5a9f2243ff8f4bf2c85fe218ff,complex_static,dropout_30pct,969,35,596,338,0.5298304393832808,0.13307533539731684,112.3796000611037,901.0646000970155,1.1097983428628007,True
W_SAFE+THRESH_A,W_SAFE,THRESH_A,c844bf5a9f2243ff8f4bf2c85fe218ff_LIDAR_TOP_xyzi.npy,c844bf5a9f2243ff8f4bf2c85fe218ff,complex_static,sparse_75pct,989,38,601,350,0.5308340771915315,0.13346814964610718,108.29990007914603,988.148600095883,1.0119935401446372,True
W_SAFE+THRESH_A,W_SAFE,THRESH_A,c844bf5a9f2243ff8f4bf2c85fe218ff_LIDAR_TOP_xyzi.npy,c844bf5a9f2243ff8f4bf2c85fe218ff,complex_static,sparse_50pct,887,36,560,291,0.5348107078237936,0.13077790304396847,101.35950008407235,638.7638001469895,1.565523906911889,True
W_SAFE+THRESH_A,W_SAFE,THRESH_A,c844bf5a9f2243ff8f4bf2c85fe218ff_LIDAR_TOP_xyzi.npy,c844bf5a9f2243ff8f4bf2c85fe218ff,complex_static,sparse_25pct,716,34,476,206,0.5410432563438619,0.12639664804469275,65.74970006477088,379.9995001172647,2.631582409164771,True
W_SAFE+THRESH_A,W_SAFE,THRESH_A,c844bf5a9f2243ff8f4bf2c85fe218ff_LIDAR_TOP_xyzi.npy,c844bf5a9f2243ff8f4bf2c85fe218ff,complex_static,noise_low,1058,41,623,394,0.5286063910340854,0.1353024574669187,165.65799992531538,1065.4278999427333,0.9385900257105618,True
W_SAFE+THRESH_A,W_SAFE,THRESH_A,c844bf5a9f2243ff8f4bf2c85fe218ff_LIDAR_TOP_xyzi.npy,c844bf5a9f2243ff8f4bf2c85fe218ff,complex_static,noise_medium,1055,39,624,392,0.5285119623531642,0.13530805687203795,146.51019999291748,1083.944799960591,0.9225562040025996,True
W_SAFE+THRESH_A,W_SAFE,THRESH_A,c844bf5a9f2243ff8f4bf2c85fe218ff_LIDAR_TOP_xyzi.npy,c844bf5a9f2243ff8f4bf2c85fe218ff,complex_static,noise_high,1056,42,623,391,0.5290591350740804,0.13503787878787882,154.97369994409382,1163.501299917698,0.8594747595647177,True
W_SAFE+THRESH_A,W_SAFE,THRESH_A,5c85640c10d9485c86bf6eb44778c002_LIDAR_TOP_xyzi.npy,5c85640c10d9485c86bf6eb44778c002,normal,original,509,78,386,45,0.592891799043102,0.10117878192534381,43.00210007932037,847.7416001260281,1.1796047284353355,True
W_SAFE+THRESH_A,W_SAFE,THRESH_A,5c85640c10d9485c86bf6eb44778c002_LIDAR_TOP_xyzi.npy,5c85640c10d9485c86bf6eb44778c002,normal,dropout_5pct,507,78,385,44,0.5926547615066436,0.10098619329388561,39.961300091817975,732.1249000960961,1.3658871592384627,True
W_SAFE+THRESH_A,W_SAFE,THRESH_A,5c85640c10d9485c86bf6eb44778c002_LIDAR_TOP_xyzi.npy,5c85640c10d9485c86bf6eb44778c002,normal,dropout_10pct,503,78,383,42,0.593350453989137,0.10059642147117298,43.10069989878684,725.6771998945624,1.3780231763452062,True
W_SAFE+THRESH_A,W_SAFE,THRESH_A,5c85640c10d9485c86bf6eb44778c002_LIDAR_TOP_xyzi.npy,5c85640c10d9485c86bf6eb44778c002,normal,dropout_20pct,497,77,381,39,0.59405715296962,0.1001006036217304,37.15250000823289,633.7899998761714,1.5778096849041134,True
W_SAFE+THRESH_A,W_SAFE,THRESH_A,5c85640c10d9485c86bf6eb44778c002_LIDAR_TOP_xyzi.npy,5c85640c10d9485c86bf6eb44778c002,normal,dropout_30pct,492,80,377,35,0.5968224792988969,0.09898373983739837,42.18780004885048,564.4389999797568,1.7716706323196383,True
W_SAFE+THRESH_A,W_SAFE,THRESH_A,5c85640c10d9485c86bf6eb44778c002_LIDAR_TOP_xyzi.npy,5c85640c10d9485c86bf6eb44778c002,normal,sparse_75pct,495,80,379,36,0.5952919387850907,0.0991919191919192,46.10769997816533,628.2223999733105,1.591792970200496,True
W_SAFE+THRESH_A,W_SAFE,THRESH_A,5c85640c10d9485c86bf6eb44778c002_LIDAR_TOP_xyzi.npy,5c85640c10d9485c86bf6eb44778c002,normal,sparse_50pct,472,75,368,29,0.5946904017005783,0.0981991525423729,47.26030002348125,613.9999000588432,1.628664760212769,True
W_SAFE+THRESH_A,W_SAFE,THRESH_A,5c85640c10d9485c86bf6eb44778c002_LIDAR_TOP_xyzi.npy,5c85640c10d9485c86bf6eb44778c002,normal,sparse_25pct,426,62,332,32,0.592814071257436,0.10023474178403756,90.07560007739812,322.5594999967143,3.1002032183525405,True
W_SAFE+THRESH_A,W_SAFE,THRESH_A,5c85640c10d9485c86bf6eb44778c002_LIDAR_TOP_xyzi.npy,5c85640c10d9485c86bf6eb44778c002,normal,noise_low,506,75,387,44,0.5921185275036616,0.10128458498023715,45.002799946814775,863.8387998798862,1.1576233900804715,True
W_SAFE+THRESH_A,W_SAFE,THRESH_A,5c85640c10d9485c86bf6eb44778c002_LIDAR_TOP_xyzi.npy,5c85640c10d9485c86bf6eb44778c002,normal,noise_medium,506,77,384,45,0.5922277222753458,0.10128458498023717,37.58350003045052,937.4636999564245,1.0667079696488326,True
W_SAFE+THRESH_A,W_SAFE,THRESH_A,5c85640c10d9485c86bf6eb44778c002_LIDAR_TOP_xyzi.npy,5c85640c10d9485c86bf6eb44778c002,normal,noise_high,513,77,393,43,0.5918939210938506,0.10087719298245615,58.78130008932203,859.9760002689436,1.1628231481893287,True
W_SAFE+THRESH_A,W_SAFE,THRESH_A,858a1ece22cf45d9bc71e42336604b78_LIDAR_TOP_xyzi.npy,858a1ece22cf45d9bc71e42336604b78,difficult_geometry,original,1055,71,760,224,0.5528326720523367,0.11786729857819905,115.12709991075099,1380.4945999290794,0.7243780599006858,True
W_SAFE+THRESH_A,W_SAFE,THRESH_A,858a1ece22cf45d9bc71e42336604b78_LIDAR_TOP_xyzi.npy,858a1ece22cf45d9bc71e42336604b78,difficult_geometry,dropout_5pct,1044,70,757,217,0.5533121215824084,0.1174329501915709,93.38019997812808,986.2525999778882,1.013939025379928,True
W_SAFE+THRESH_A,W_SAFE,THRESH_A,858a1ece22cf45d9bc71e42336604b78_LIDAR_TOP_xyzi.npy,858a1ece22cf45d9bc71e42336604b78,difficult_geometry,dropout_10pct,1035,73,751,211,0.5545535216252242,0.11685990338164252,141.21240004897118,1126.3958000345156,0.8877874011687167,True
W_SAFE+THRESH_A,W_SAFE,THRESH_A,858a1ece22cf45d9bc71e42336604b78_LIDAR_TOP_xyzi.npy,858a1ece22cf45d9bc71e42336604b78,difficult_geometry,dropout_20pct,1012,71,742,199,0.5553093330935881,0.11615612648221346,104.05490000266582,942.2453999286518,1.0612946479502277,True
W_SAFE+THRESH_A,W_SAFE,THRESH_A,858a1ece22cf45d9bc71e42336604b78_LIDAR_TOP_xyzi.npy,858a1ece22cf45d9bc71e42336604b78,difficult_geometry,dropout_30pct,985,70,725,190,0.5561903075901033,0.11573604060913707,92.19320002011955,1152.908799936995,0.8673712960250185,True
W_SAFE+THRESH_A,W_SAFE,THRESH_A,858a1ece22cf45d9bc71e42336604b78_LIDAR_TOP_xyzi.npy,858a1ece22cf45d9bc71e42336604b78,difficult_geometry,sparse_75pct,978,66,725,187,0.55592649800047,0.11574642126789368,83.44780001789331,852.2915000794455,1.1733074891710007,True
W_SAFE+THRESH_A,W_SAFE,THRESH_A,858a1ece22cf45d9bc71e42336604b78_LIDAR_TOP_xyzi.npy,858a1ece22cf45d9bc71e42336604b78,difficult_geometry,sparse_50pct,887,51,689,147,0.5558975083714974,0.11369785794813982,203.99680000264198,780.1044002408162,1.2818797069870425,True
W_SAFE+THRESH_A,W_SAFE,THRESH_A,858a1ece22cf45d9bc71e42336604b78_LIDAR_TOP_xyzi.npy,858a1ece22cf45d9bc71e42336604b78,difficult_geometry,sparse_25pct,749,47,598,104,0.5601958193157447,0.11074766355140185,145.94990003388375,555.2142000524327,1.8011066718134425,True
W_SAFE+THRESH_A,W_SAFE,THRESH_A,858a1ece22cf45d9bc71e42336604b78_LIDAR_TOP_xyzi.npy,858a1ece22cf45d9bc71e42336604b78,difficult_geometry,noise_low,1051,71,753,227,0.552673358994481,0.11822074215033304,89.17020005173981,1298.1842000735924,0.7703067098978029,True
W_SAFE+THRESH_A,W_SAFE,THRESH_A,858a1ece22cf45d9bc71e42336604b78_LIDAR_TOP_xyzi.npy,858a1ece22cf45d9bc71e42336604b78,difficult_geometry,noise_medium,1052,77,749,226,0.5540537492723755,0.11782319391634982,100.86010000668466,1062.060300144367,0.9415661237540552,True
W_SAFE+THRESH_A,W_SAFE,THRESH_A,858a1ece22cf45d9bc71e42336604b78_LIDAR_TOP_xyzi.npy,858a1ece22cf45d9bc71e42336604b78,difficult_geometry,noise_high,1049,74,757,218,0.5540966742876742,0.11725452812202099,118.59029997140169,1047.5319999968633,0.9546247751887239,True
W_BASE+THRESH_B,W_BASE,THRESH_B,5991fad3280c4f84b331536c32001a04_LIDAR_TOP_xyzi.npy,5991fad3280c4f84b331536c32001a04,sparse,original,533,31,259,243,0.5653436515506368,0.1426829268292683,55.80989993177354,2100.404299912043,0.47609881585267955,True
W_BASE+THRESH_B,W_BASE,THRESH_B,5991fad3280c4f84b331536c32001a04_LIDAR_TOP_xyzi.npy,5991fad3280c4f84b331536c32001a04,sparse,dropout_5pct,530,31,255,244,0.5646103083247033,0.14311320754716986,61.16570008452982,1934.022700181231,0.5170570127777162,True
W_BASE+THRESH_B,W_BASE,THRESH_B,5991fad3280c4f84b331536c32001a04_LIDAR_TOP_xyzi.npy,5991fad3280c4f84b331536c32001a04,sparse,dropout_10pct,526,30,256,240,0.5652538575497877,0.14277566539923955,65.28179999440908,1572.7138998918235,0.6358435568406837,True
W_BASE+THRESH_B,W_BASE,THRESH_B,5991fad3280c4f84b331536c32001a04_LIDAR_TOP_xyzi.npy,5991fad3280c4f84b331536c32001a04,sparse,dropout_20pct,516,30,249,237,0.565618343074949,0.1430232558139535,63.039799919351935,1381.991699920036,0.7235933472378029,True
W_BASE+THRESH_B,W_BASE,THRESH_B,5991fad3280c4f84b331536c32001a04_LIDAR_TOP_xyzi.npy,5991fad3280c4f84b331536c32001a04,sparse,dropout_30pct,504,31,240,233,0.5656890887058151,0.14315476190476195,37.47229999862611,1100.5626999540254,0.9086261055746971,True
W_BASE+THRESH_B,W_BASE,THRESH_B,5991fad3280c4f84b331536c32001a04_LIDAR_TOP_xyzi.npy,5991fad3280c4f84b331536c32001a04,sparse,sparse_75pct,517,32,258,227,0.5677929810827619,0.14081237911025146,46.317500062286854,1298.9125000312924,0.7698747990922473,True
W_BASE+THRESH_B,W_BASE,THRESH_B,5991fad3280c4f84b331536c32001a04_LIDAR_TOP_xyzi.npy,5991fad3280c4f84b331536c32001a04,sparse,sparse_50pct,482,33,239,210,0.5708074271081796,0.14014522821576766,44.49400003068149,1528.5396000836045,0.6542192298749109,True
W_BASE+THRESH_B,W_BASE,THRESH_B,5991fad3280c4f84b331536c32001a04_LIDAR_TOP_xyzi.npy,5991fad3280c4f84b331536c32001a04,sparse,sparse_25pct,414,30,216,168,0.5751661301801952,0.13695652173913045,37.06970007624477,882.805000175722,1.132752985994586,True
W_BASE+THRESH_B,W_BASE,THRESH_B,5991fad3280c4f84b331536c32001a04_LIDAR_TOP_xyzi.npy,5991fad3280c4f84b331536c32001a04,sparse,noise_low,532,30,260,242,0.5648829332348003,0.14266917293233083,45.22450000513345,1350.8169000269845,0.7402927813384801,True
W_BASE+THRESH_B,W_BASE,THRESH_B,5991fad3280c4f84b331536c32001a04_LIDAR_TOP_xyzi.npy,5991fad3280c4f84b331536c32001a04,sparse,noise_medium,535,30,265,240,0.5643380944446673,0.14205607476635515,51.018400001339614,1291.2273000692949,0.7744569836359052,True
W_BASE+THRESH_B,W_BASE,THRESH_B,5991fad3280c4f84b331536c32001a04_LIDAR_TOP_xyzi.npy,5991fad3280c4f84b331536c32001a04,sparse,noise_high,541,31,268,242,0.5639497452704246,0.14186691312384472,49.08010002691299,1773.6994000151753,0.5637933913669048,True
W_BASE+THRESH_B,W_BASE,THRESH_B,6d1d793b68b24165be5755a54054c82a_LIDAR_TOP_xyzi.npy,6d1d793b68b24165be5755a54054c82a,dense,original,759,6,326,427,0.541847307909531,0.15586297760210804,71.26480003353208,1239.1015000175685,0.8070363888558133,True
W_BASE+THRESH_B,W_BASE,THRESH_B,6d1d793b68b24165be5755a54054c82a_LIDAR_TOP_xyzi.npy,6d1d793b68b24165be5755a54054c82a,dense,dropout_5pct,751,6,326,419,0.542607805519914,0.15539280958721702,74.16570000350475,806.1644999543205,1.2404416220965606,True
W_BASE+THRESH_B,W_BASE,THRESH_B,6d1d793b68b24165be5755a54054c82a_LIDAR_TOP_xyzi.npy,6d1d793b68b24165be5755a54054c82a,dense,dropout_10pct,741,5,323,413,0.5415567257438769,0.15539811066126857,101.43409995362163,1532.4309000279754,0.6525579717700448,True
W_BASE+THRESH_B,W_BASE,THRESH_B,6d1d793b68b24165be5755a54054c82a_LIDAR_TOP_xyzi.npy,6d1d793b68b24165be5755a54054c82a,dense,dropout_20pct,725,5,322,398,0.5427145497278303,0.15455172413793103,68.03770002443343,1373.4798999503255,0.7280776369833785,True
W_BASE+THRESH_B,W_BASE,THRESH_B,6d1d793b68b24165be5755a54054c82a_LIDAR_TOP_xyzi.npy,6d1d793b68b24165be5755a54054c82a,dense,dropout_30pct,705,5,317,383,0.5432026694762703,0.15397163120567378,119.61139994673431,954.9683999503031,1.0471550682221948,True
W_BASE+THRESH_B,W_BASE,THRESH_B,6d1d793b68b24165be5755a54054c82a_LIDAR_TOP_xyzi.npy,6d1d793b68b24165be5755a54054c82a,dense,sparse_75pct,720,5,312,403,0.5413740693971414,0.15562499999999999,82.47320004738867,952.7808000566438,1.0495593529388385,True
W_BASE+THRESH_B,W_BASE,THRESH_B,6d1d793b68b24165be5755a54054c82a_LIDAR_TOP_xyzi.npy,6d1d793b68b24165be5755a54054c82a,dense,sparse_50pct,665,5,293,367,0.5427000837234497,0.15481203007518796,68.50950000807643,720.2243000501767,1.3884563460720942,True
W_BASE+THRESH_B,W_BASE,THRESH_B,6d1d793b68b24165be5755a54054c82a_LIDAR_TOP_xyzi.npy,6d1d793b68b24165be5755a54054c82a,dense,sparse_25pct,567,3,269,295,0.5453472264299197,0.15176366843033506,41.45839996635914,586.6853999905288,1.7044910270754028,True
W_BASE+THRESH_B,W_BASE,THRESH_B,6d1d793b68b24165be5755a54054c82a_LIDAR_TOP_xyzi.npy,6d1d793b68b24165be5755a54054c82a,dense,noise_low,755,6,325,424,0.5416995478756662,0.15576158940397353,100.30570009257644,2966.266000061296,0.3371241823826102,True
W_BASE+THRESH_B,W_BASE,THRESH_B,6d1d793b68b24165be5755a54054c82a_LIDAR_TOP_xyzi.npy,6d1d793b68b24165be5755a54054c82a,dense,noise_medium,758,5,331,422,0.5423830462067808,0.15534300791556727,74.2401999887079,1929.4487999286503,0.5182827344457025,True
W_BASE+THRESH_B,W_BASE,THRESH_B,6d1d793b68b24165be5755a54054c82a_LIDAR_TOP_xyzi.npy,6d1d793b68b24165be5755a54054c82a,dense,noise_high,759,5,335,419,0.5428273187853377,0.1548748353096179,76.03060000110418,1741.5994001785293,0.5741848555399658,True
W_BASE+THRESH_B,W_BASE,THRESH_B,b26e791522294bec90f86fd72226e35c_LIDAR_TOP_xyzi.npy,b26e791522294bec90f86fd72226e35c,many_vehicles,original,1132,17,360,755,0.5163809134880591,0.1659452296819788,111.05829989537597,2123.974999994971,0.470815334456558,True
W_BASE+THRESH_B,W_BASE,THRESH_B,b26e791522294bec90f86fd72226e35c_LIDAR_TOP_xyzi.npy,b26e791522294bec90f86fd72226e35c,many_vehicles,dropout_5pct,1123,17,360,746,0.5166403380909671,0.16567230632235083,127.38349998835474,2388.954699970782,0.4185931194142068,True
W_BASE+THRESH_B,W_BASE,THRESH_B,b26e791522294bec90f86fd72226e35c_LIDAR_TOP_xyzi.npy,b26e791522294bec90f86fd72226e35c,many_vehicles,dropout_10pct,1106,16,346,744,0.5157544969531669,0.16654611211573236,82.47220003977418,1903.6659999983385,0.5253022326400076,True
W_BASE+THRESH_B,W_BASE,THRESH_B,b26e791522294bec90f86fd72226e35c_LIDAR_TOP_xyzi.npy,b26e791522294bec90f86fd72226e35c,many_vehicles,dropout_20pct,1077,16,339,722,0.5161704864527865,0.16629526462395544,81.08729997184128,1388.82399990689,0.7200336400199322,True
W_BASE+THRESH_B,W_BASE,THRESH_B,b26e791522294bec90f86fd72226e35c_LIDAR_TOP_xyzi.npy,b26e791522294bec90f86fd72226e35c,many_vehicles,dropout_30pct,1034,17,335,682,0.5181330062215371,0.16513539651837528,124.37480001244694,1193.0320999817923,0.8382004138993927,True
W_BASE+THRESH_B,W_BASE,THRESH_B,b26e791522294bec90f86fd72226e35c_LIDAR_TOP_xyzi.npy,b26e791522294bec90f86fd72226e35c,many_vehicles,sparse_75pct,1048,17,350,681,0.5200528054529531,0.16416984732824427,89.27620004396886,2780.0918000284582,0.3597003523372011,True
W_BASE+THRESH_B,W_BASE,THRESH_B,b26e791522294bec90f86fd72226e35c_LIDAR_TOP_xyzi.npy,b26e791522294bec90f86fd72226e35c,many_vehicles,sparse_50pct,931,16,313,602,0.5218921867488946,0.16380236305048335,94.26529996562749,1729.8886999487877,0.5780718725023202,True
W_BASE+THRESH_B,W_BASE,THRESH_B,b26e791522294bec90f86fd72226e35c_LIDAR_TOP_xyzi.npy,b26e791522294bec90f86fd72226e35c,many_vehicles,sparse_25pct,723,12,278,433,0.5298058465813077,0.1590594744121715,67.18589994125068,518.2675999822095,1.9295051437410458,True
W_BASE+THRESH_B,W_BASE,THRESH_B,b26e791522294bec90f86fd72226e35c_LIDAR_TOP_xyzi.npy,b26e791522294bec90f86fd72226e35c,many_vehicles,noise_low,1136,17,360,759,0.5166660821666382,0.16606514084507043,93.89989997725934,1236.8958999868482,0.8084754747837978,True
W_BASE+THRESH_B,W_BASE,THRESH_B,b26e791522294bec90f86fd72226e35c_LIDAR_TOP_xyzi.npy,b26e791522294bec90f86fd72226e35c,many_vehicles,noise_medium,1138,17,360,761,0.5164507716718885,0.16612478031634448,114.12560008466244,1269.4749000947922,0.7877272720597545,True
W_BASE+THRESH_B,W_BASE,THRESH_B,b26e791522294bec90f86fd72226e35c_LIDAR_TOP_xyzi.npy,b26e791522294bec90f86fd72226e35c,many_vehicles,noise_high,1139,17,357,765,0.5159612188067517,0.1664179104477612,92.68610004801303,1046.4051000308245,0.9556528346149521,True
W_BASE+THRESH_B,W_BASE,THRESH_B,dc4c80e8a1534ff8a3eb80307341161c_LIDAR_TOP_xyzi.npy,dc4c80e8a1534ff8a3eb80307341161c,pedestrian_vru,original,1257,16,392,849,0.5205063586205791,0.16690533015115352,99.38709996640682,933.4294999716803,1.071318187426409,True
W_BASE+THRESH_B,W_BASE,THRESH_B,dc4c80e8a1534ff8a3eb80307341161c_LIDAR_TOP_xyzi.npy,dc4c80e8a1534ff8a3eb80307341161c,pedestrian_vru,dropout_5pct,1244,16,392,836,0.5204076289977729,0.1665594855305466,103.88529999181628,1310.9224999789149,0.7628216008315398,True
W_BASE+THRESH_B,W_BASE,THRESH_B,dc4c80e8a1534ff8a3eb80307341161c_LIDAR_TOP_xyzi.npy,dc4c80e8a1534ff8a3eb80307341161c,pedestrian_vru,dropout_10pct,1236,17,392,827,0.5207623490721466,0.16622168284789643,145.29030001722276,922.9518000502139,1.0834801990153702,True
W_BASE+THRESH_B,W_BASE,THRESH_B,dc4c80e8a1534ff8a3eb80307341161c_LIDAR_TOP_xyzi.npy,dc4c80e8a1534ff8a3eb80307341161c,pedestrian_vru,dropout_20pct,1198,17,375,806,0.5208659346151941,0.16656928213689481,114.62210002355278,848.4460000181571,1.1786253927516892,True
W_BASE+THRESH_B,W_BASE,THRESH_B,dc4c80e8a1534ff8a3eb80307341161c_LIDAR_TOP_xyzi.npy,dc4c80e8a1534ff8a3eb80307341161c,pedestrian_vru,dropout_30pct,1166,16,401,749,0.5249789955671992,0.16355060034305316,130.2609998965636,819.1830998985097,1.2207283086331884,True
W_BASE+THRESH_B,W_BASE,THRESH_B,dc4c80e8a1534ff8a3eb80307341161c_LIDAR_TOP_xyzi.npy,dc4c80e8a1534ff8a3eb80307341161c,pedestrian_vru,sparse_75pct,1186,19,427,740,0.5277326031141572,0.1615935919055649,102.45739994570613,851.248599938117,1.1747449570815116,True
W_BASE+THRESH_B,W_BASE,THRESH_B,dc4c80e8a1534ff8a3eb80307341161c_LIDAR_TOP_xyzi.npy,dc4c80e8a1534ff8a3eb80307341161c,pedestrian_vru,sparse_50pct,1047,17,381,649,0.5297362211508128,0.16117478510028654,90.14390001539141,596.894699963741,1.675337375354055,True
W_BASE+THRESH_B,W_BASE,THRESH_B,dc4c80e8a1534ff8a3eb80307341161c_LIDAR_TOP_xyzi.npy,dc4c80e8a1534ff8a3eb80307341161c,pedestrian_vru,sparse_25pct,855,19,338,498,0.5351705938079653,0.15713450292397663,129.48890007101,425.90460006613284,2.347943647109526,True
W_BASE+THRESH_B,W_BASE,THRESH_B,dc4c80e8a1534ff8a3eb80307341161c_LIDAR_TOP_xyzi.npy,dc4c80e8a1534ff8a3eb80307341161c,pedestrian_vru,noise_low,1256,16,396,844,0.5205153886434591,0.16656050955414012,96.47220000624657,1052.592599997297,0.9500351798051478,True
W_BASE+THRESH_B,W_BASE,THRESH_B,dc4c80e8a1534ff8a3eb80307341161c_LIDAR_TOP_xyzi.npy,dc4c80e8a1534ff8a3eb80307341161c,pedestrian_vru,noise_medium,1263,15,400,848,0.5202495231882118,0.16654790182106097,107.69530001562089,942.0557001139969,1.0615083586660443,True
W_BASE+THRESH_B,W_BASE,THRESH_B,dc4c80e8a1534ff8a3eb80307341161c_LIDAR_TOP_xyzi.npy,dc4c80e8a1534ff8a3eb80307341161c,pedestrian_vru,noise_high,1263,16,397,850,0.5206199865824309,0.16666666666666666,106.97219998110086,912.1906999498606,1.0962619987848659,True
W_BASE+THRESH_B,W_BASE,THRESH_B,c844bf5a9f2243ff8f4bf2c85fe218ff_LIDAR_TOP_xyzi.npy,c844bf5a9f2243ff8f4bf2c85fe218ff,complex_static,original,1059,20,329,710,0.5132016426504201,0.16610009442870635,144.01489996816963,1069.129699957557,0.9353402118000264,True
W_BASE+THRESH_B,W_BASE,THRESH_B,c844bf5a9f2243ff8f4bf2c85fe218ff_LIDAR_TOP_xyzi.npy,c844bf5a9f2243ff8f4bf2c85fe218ff,complex_static,dropout_5pct,1049,20,333,696,0.5139595927555263,0.165395614871306,82.9212999669835,952.1897999802604,1.0502107878289924,True
W_BASE+THRESH_B,W_BASE,THRESH_B,c844bf5a9f2243ff8f4bf2c85fe218ff_LIDAR_TOP_xyzi.npy,c844bf5a9f2243ff8f4bf2c85fe218ff,complex_static,dropout_10pct,1036,19,324,693,0.5131048674472302,0.1659749034749035,93.08420005254447,909.290800220333,1.099758184903759,True
W_BASE+THRESH_B,W_BASE,THRESH_B,c844bf5a9f2243ff8f4bf2c85fe218ff_LIDAR_TOP_xyzi.npy,c844bf5a9f2243ff8f4bf2c85fe218ff,complex_static,dropout_20pct,1011,17,326,668,0.5140011204107077,0.16523244312561822,92.88999997079372,887.0545999379829,1.1273263224945946,True
W_BASE+THRESH_B,W_BASE,THRESH_B,c844bf5a9f2243ff8f4bf2c85fe218ff_LIDAR_TOP_xyzi.npy,c844bf5a9f2243ff8f4bf2c85fe218ff,complex_static,dropout_30pct,969,16,318,635,0.5148119522062694,0.1647058823529412,96.66669997386634,885.3517000097781,1.1294946403660326,True
W_BASE+THRESH_B,W_BASE,THRESH_B,c844bf5a9f2243ff8f4bf2c85fe218ff_LIDAR_TOP_xyzi.npy,c844bf5a9f2243ff8f4bf2c85fe218ff,complex_static,sparse_75pct,989,19,315,655,0.5155833171447102,0.16526794742163803,92.08159998524934,971.9303000019863,1.028880363126817,True
W_BASE+THRESH_B,W_BASE,THRESH_B,c844bf5a9f2243ff8f4bf2c85fe218ff_LIDAR_TOP_xyzi.npy,c844bf5a9f2243ff8f4bf2c85fe218ff,complex_static,sparse_50pct,887,19,300,568,0.5199934186162531,0.16296505073280723,67.91440001688898,605.3187000798061,1.652022314638815,True
W_BASE+THRESH_B,W_BASE,THRESH_B,c844bf5a9f2243ff8f4bf2c85fe218ff_LIDAR_TOP_xyzi.npy,c844bf5a9f2243ff8f4bf2c85fe218ff,complex_static,sparse_25pct,716,19,263,434,0.5268036984193258,0.15928770949720672,53.067200002260506,367.3170000547543,2.722444101010665,True
W_BASE+THRESH_B,W_BASE,THRESH_B,c844bf5a9f2243ff8f4bf2c85fe218ff_LIDAR_TOP_xyzi.npy,c844bf5a9f2243ff8f4bf2c85fe218ff,complex_static,noise_low,1058,21,327,710,0.5131156023180007,0.1661153119092628,85.4160999879241,985.1860000053421,1.0150367544753758,True
W_BASE+THRESH_B,W_BASE,THRESH_B,c844bf5a9f2243ff8f4bf2c85fe218ff_LIDAR_TOP_xyzi.npy,c844bf5a9f2243ff8f4bf2c85fe218ff,complex_static,noise_medium,1055,20,327,708,0.5131340723857827,0.1661611374407583,95.78790003433824,1033.2225000020117,0.9678457447433182,True
W_BASE+THRESH_B,W_BASE,THRESH_B,c844bf5a9f2243ff8f4bf2c85fe218ff_LIDAR_TOP_xyzi.npy,c844bf5a9f2243ff8f4bf2c85fe218ff,complex_static,noise_high,1056,22,327,707,0.5136863526293004,0.16590909090909092,91.850999975577,1100.378599949181,0.9087781242257739,True
W_BASE+THRESH_B,W_BASE,THRESH_B,5c85640c10d9485c86bf6eb44778c002_LIDAR_TOP_xyzi.npy,5c85640c10d9485c86bf6eb44778c002,normal,original,509,33,314,162,0.5874286646715852,0.12858546168958743,39.94770010467619,844.6872001513839,1.1838701945770944,True
W_BASE+THRESH_B,W_BASE,THRESH_B,5c85640c10d9485c86bf6eb44778c002_LIDAR_TOP_xyzi.npy,5c85640c10d9485c86bf6eb44778c002,normal,dropout_5pct,507,32,310,165,0.5868938991581658,0.12938856015779093,53.418499999679625,745.5821000039577,1.3412339164187173,True
W_BASE+THRESH_B,W_BASE,THRESH_B,5c85640c10d9485c86bf6eb44778c002_LIDAR_TOP_xyzi.npy,5c85640c10d9485c86bf6eb44778c002,normal,dropout_10pct,503,32,310,161,0.5876838520772287,0.12882703777335985,46.206100028939545,728.7826000247151,1.3721513109205505,True
W_BASE+THRESH_B,W_BASE,THRESH_B,5c85640c10d9485c86bf6eb44778c002_LIDAR_TOP_xyzi.npy,5c85640c10d9485c86bf6eb44778c002,normal,dropout_20pct,497,31,314,152,0.5885889715314813,0.1274647887323944,54.49530004989356,651.132799917832,1.5357850197781349,True
W_BASE+THRESH_B,W_BASE,THRESH_B,5c85640c10d9485c86bf6eb44778c002_LIDAR_TOP_xyzi.npy,5c85640c10d9485c86bf6eb44778c002,normal,dropout_30pct,492,32,312,148,0.5916407963801347,0.12682926829268293,43.15199994016439,565.4031998710707,1.768649346569016,True
W_BASE+THRESH_B,W_BASE,THRESH_B,5c85640c10d9485c86bf6eb44778c002_LIDAR_TOP_xyzi.npy,5c85640c10d9485c86bf6eb44778c002,normal,sparse_75pct,495,35,307,153,0.5898124498303018,0.12737373737373736,41.25959996599704,623.3742999611422,1.604172645651793,True
W_BASE+THRESH_B,W_BASE,THRESH_B,5c85640c10d9485c86bf6eb44778c002_LIDAR_TOP_xyzi.npy,5c85640c10d9485c86bf6eb44778c002,normal,sparse_50pct,472,34,289,149,0.5887127690923324,0.12796610169491526,46.0997000336647,612.8393000690266,1.6317491386198075,True
W_BASE+THRESH_B,W_BASE,THRESH_B,5c85640c10d9485c86bf6eb44778c002_LIDAR_TOP_xyzi.npy,5c85640c10d9485c86bf6eb44778c002,normal,sparse_25pct,426,29,267,130,0.5867176707806696,0.12711267605633805,40.43200006708503,272.9158999864012,3.664132430722533,True
W_BASE+THRESH_B,W_BASE,THRESH_B,5c85640c10d9485c86bf6eb44778c002_LIDAR_TOP_xyzi.npy,5c85640c10d9485c86bf6eb44778c002,normal,noise_low,506,31,317,158,0.5868198629090566,0.12816205533596836,38.40129997115582,857.2372999042273,1.166538133736974,True
W_BASE+THRESH_B,W_BASE,THRESH_B,5c85640c10d9485c86bf6eb44778c002_LIDAR_TOP_xyzi.npy,5c85640c10d9485c86bf6eb44778c002,normal,noise_medium,506,31,311,164,0.5865680429177159,0.12934782608695655,40.648399968631566,940.5285998946056,1.0632318890803094,True
W_BASE+THRESH_B,W_BASE,THRESH_B,5c85640c10d9485c86bf6eb44778c002_LIDAR_TOP_xyzi.npy,5c85640c10d9485c86bf6eb44778c002,normal,noise_high,513,35,313,165,0.5863749387105026,0.1287524366471735,50.43240007944405,851.6271002590656,1.1742228490565874,True
W_BASE+THRESH_B,W_BASE,THRESH_B,858a1ece22cf45d9bc71e42336604b78_LIDAR_TOP_xyzi.npy,858a1ece22cf45d9bc71e42336604b78,difficult_geometry,original,1055,32,457,566,0.5429896141279448,0.15213270142180094,82.09099993109703,1347.4584999494255,0.7421378840517413,True
W_BASE+THRESH_B,W_BASE,THRESH_B,858a1ece22cf45d9bc71e42336604b78_LIDAR_TOP_xyzi.npy,858a1ece22cf45d9bc71e42336604b78,difficult_geometry,dropout_5pct,1044,32,455,557,0.5435695266181839,0.15181992337164754,82.64389995019883,975.5162999499589,1.0250981967715938,True
W_BASE+THRESH_B,W_BASE,THRESH_B,858a1ece22cf45d9bc71e42336604b78_LIDAR_TOP_xyzi.npy,858a1ece22cf45d9bc71e42336604b78,difficult_geometry,dropout_10pct,1035,33,452,550,0.5448953781108312,0.15154589371980678,88.61630002502352,1073.799700010568,0.9312723778840303,True
W_BASE+THRESH_B,W_BASE,THRESH_B,858a1ece22cf45d9bc71e42336604b78_LIDAR_TOP_xyzi.npy,858a1ece22cf45d9bc71e42336604b78,difficult_geometry,dropout_20pct,1012,31,445,536,0.5458024877365527,0.15143280632411066,95.41870001703501,933.6091999430209,1.0711119813954606,True
W_BASE+THRESH_B,W_BASE,THRESH_B,858a1ece22cf45d9bc71e42336604b78_LIDAR_TOP_xyzi.npy,858a1ece22cf45d9bc71e42336604b78,difficult_geometry,dropout_30pct,985,32,436,517,0.5467334594213757,0.15086294416243656,106.2211999669671,1166.9367998838425,0.8569444378646217,True
W_BASE+THRESH_B,W_BASE,THRESH_B,858a1ece22cf45d9bc71e42336604b78_LIDAR_TOP_xyzi.npy,858a1ece22cf45d9bc71e42336604b78,difficult_geometry,sparse_75pct,978,31,440,507,0.5469791635705858,0.15025562372188142,112.92779992800206,881.7714999895543,1.134080654695515,True
W_BASE+THRESH_B,W_BASE,THRESH_B,858a1ece22cf45d9bc71e42336604b78_LIDAR_TOP_xyzi.npy,858a1ece22cf45d9bc71e42336604b78,difficult_geometry,sparse_50pct,887,26,399,462,0.5472609494924978,0.15062006764374297,74.7469998896122,650.8546001277864,1.5364414721869735,True
W_BASE+THRESH_B,W_BASE,THRESH_B,858a1ece22cf45d9bc71e42336604b78_LIDAR_TOP_xyzi.npy,858a1ece22cf45d9bc71e42336604b78,difficult_geometry,sparse_25pct,749,26,343,380,0.5516318412551833,0.14899866488651536,73.10120004694909,482.36550006549805,2.073116754544458,True
W_BASE+THRESH_B,W_BASE,THRESH_B,858a1ece22cf45d9bc71e42336604b78_LIDAR_TOP_xyzi.npy,858a1ece22cf45d9bc71e42336604b78,difficult_geometry,noise_low,1051,32,452,567,0.5428653804236669,0.15242626070409135,147.5581000559032,1356.5721000777557,0.7371521203647651,True
W_BASE+THRESH_B,W_BASE,THRESH_B,858a1ece22cf45d9bc71e42336604b78_LIDAR_TOP_xyzi.npy,858a1ece22cf45d9bc71e42336604b78,difficult_geometry,noise_medium,1052,37,451,564,0.5442714454061288,0.1518536121673004,119.72790001891553,1080.9281001565978,0.9251309128286391,True
W_BASE+THRESH_B,W_BASE,THRESH_B,858a1ece22cf45d9bc71e42336604b78_LIDAR_TOP_xyzi.npy,858a1ece22cf45d9bc71e42336604b78,difficult_geometry,noise_high,1049,38,451,560,0.5445980007887621,0.15157292659675883,99.41199992317706,1028.3536999486387,0.9724280663841101,True
W_BASE+THRESH_C,W_BASE,THRESH_C,5991fad3280c4f84b331536c32001a04_LIDAR_TOP_xyzi.npy,5991fad3280c4f84b331536c32001a04,sparse,original,533,52,429,52,0.5653436515506368,0.10487804878048781,50.062699941918254,2094.6570999221876,0.47740510847200146,True
W_BASE+THRESH_C,W_BASE,THRESH_C,5991fad3280c4f84b331536c32001a04_LIDAR_TOP_xyzi.npy,5991fad3280c4f84b331536c32001a04,sparse,dropout_5pct,530,52,429,49,0.5646103083247033,0.10433962264150944,51.18930002208799,1924.046300118789,0.5197380125095019,True
W_BASE+THRESH_C,W_BASE,THRESH_C,5991fad3280c4f84b331536c32001a04_LIDAR_TOP_xyzi.npy,5991fad3280c4f84b331536c32001a04,sparse,dropout_10pct,526,52,425,49,0.5652538575497877,0.1043726235741445,57.619000086560845,1565.0510999839753,0.6389567727278931,True
W_BASE+THRESH_C,W_BASE,THRESH_C,5991fad3280c4f84b331536c32001a04_LIDAR_TOP_xyzi.npy,5991fad3280c4f84b331536c32001a04,sparse,dropout_20pct,516,52,412,52,0.565618343074949,0.10503875968992249,54.20739995315671,1373.1592999538407,0.7282476257733647,True
W_BASE+THRESH_C,W_BASE,THRESH_C,5991fad3280c4f84b331536c32001a04_LIDAR_TOP_xyzi.npy,5991fad3280c4f84b331536c32001a04,sparse,dropout_30pct,504,51,405,48,0.5656890887058151,0.10446428571428575,52.45770001783967,1115.548099973239,0.8964203336673596,True
W_BASE+THRESH_C,W_BASE,THRESH_C,5991fad3280c4f84b331536c32001a04_LIDAR_TOP_xyzi.npy,5991fad3280c4f84b331536c32001a04,sparse,sparse_75pct,517,53,413,51,0.5677929810827619,0.10473887814313347,63.260799972340465,1315.855799941346,0.7599616918849122,True
W_BASE+THRESH_C,W_BASE,THRESH_C,5991fad3280c4f84b331536c32001a04_LIDAR_TOP_xyzi.npy,5991fad3280c4f84b331536c32001a04,sparse,sparse_50pct,482,54,385,43,0.5708074271081796,0.10331950207468882,57.09089990705252,1541.1364999599755,0.648871790413095,True
W_BASE+THRESH_C,W_BASE,THRESH_C,5991fad3280c4f84b331536c32001a04_LIDAR_TOP_xyzi.npy,5991fad3280c4f84b331536c32001a04,sparse,sparse_25pct,414,41,350,23,0.5751661301801952,0.10060386473429953,34.77910009678453,880.5144001962617,1.1356997679732501,True
W_BASE+THRESH_C,W_BASE,THRESH_C,5991fad3280c4f84b331536c32001a04_LIDAR_TOP_xyzi.npy,5991fad3280c4f84b331536c32001a04,sparse,noise_low,532,51,429,52,0.5648829332348003,0.10498120300751881,42.324099922552705,1347.9164999444038,0.7418857177289885,True
W_BASE+THRESH_C,W_BASE,THRESH_C,5991fad3280c4f84b331536c32001a04_LIDAR_TOP_xyzi.npy,5991fad3280c4f84b331536c32001a04,sparse,noise_medium,535,51,431,53,0.5643380944446673,0.10514018691588785,38.98960002698004,1279.1985000949353,0.7817395032325205,True
W_BASE+THRESH_C,W_BASE,THRESH_C,5991fad3280c4f84b331536c32001a04_LIDAR_TOP_xyzi.npy,5991fad3280c4f84b331536c32001a04,sparse,noise_high,541,52,434,55,0.5639497452704246,0.10536044362292052,59.6697999862954,1784.2890999745578,0.5604472952361021,True
W_BASE+THRESH_C,W_BASE,THRESH_C,6d1d793b68b24165be5755a54054c82a_LIDAR_TOP_xyzi.npy,6d1d793b68b24165be5755a54054c82a,dense,original,759,20,684,55,0.541847307909531,0.1059288537549407,82.41920010186732,1250.2559000859037,0.7998362574664044,True
W_BASE+THRESH_C,W_BASE,THRESH_C,6d1d793b68b24165be5755a54054c82a_LIDAR_TOP_xyzi.npy,6d1d793b68b24165be5755a54054c82a,dense,dropout_5pct,751,20,679,52,0.542607805519914,0.10559254327563247,75.13429992832243,807.1330998791382,1.2389530303610918,True
W_BASE+THRESH_C,W_BASE,THRESH_C,6d1d793b68b24165be5755a54054c82a_LIDAR_TOP_xyzi.npy,6d1d793b68b24165be5755a54054c82a,dense,dropout_10pct,741,20,672,49,0.5415567257438769,0.10526315789473684,89.7796000353992,1520.776400109753,0.6575588626492566,True
W_BASE+THRESH_C,W_BASE,THRESH_C,6d1d793b68b24165be5755a54054c82a_LIDAR_TOP_xyzi.npy,6d1d793b68b24165be5755a54054c82a,dense,dropout_20pct,725,20,656,49,0.5427145497278303,0.10537931034482757,82.84759998787194,1388.289799913764,0.7203107017440571,True
W_BASE+THRESH_C,W_BASE,THRESH_C,6d1d793b68b24165be5755a54054c82a_LIDAR_TOP_xyzi.npy,6d1d793b68b24165be5755a54054c82a,dense,dropout_30pct,705,19,641,45,0.5432026694762703,0.10503546099290778,56.10519996844232,891.4621999720111,1.1217525544340485,True
W_BASE+THRESH_C,W_BASE,THRESH_C,6d1d793b68b24165be5755a54054c82a_LIDAR_TOP_xyzi.npy,6d1d793b68b24165be5755a54054c82a,dense,sparse_75pct,720,19,649,52,0.5413740693971414,0.10590277777777778,53.15290007274598,923.4605000820011,1.082883350085036,True
W_BASE+THRESH_C,W_BASE,THRESH_C,6d1d793b68b24165be5755a54054c82a_LIDAR_TOP_xyzi.npy,6d1d793b68b24165be5755a54054c82a,dense,sparse_50pct,665,18,602,45,0.5427000837234497,0.10541353383458646,49.83130004256964,701.5461000846699,1.425423076087672,True
W_BASE+THRESH_C,W_BASE,THRESH_C,6d1d793b68b24165be5755a54054c82a_LIDAR_TOP_xyzi.npy,6d1d793b68b24165be5755a54054c82a,dense,sparse_25pct,567,11,522,34,0.5453472264299197,0.10502645502645502,59.97269996441901,605.1996999885887,1.6523471508972252,True
W_BASE+THRESH_C,W_BASE,THRESH_C,6d1d793b68b24165be5755a54054c82a_LIDAR_TOP_xyzi.npy,6d1d793b68b24165be5755a54054c82a,dense,noise_low,755,19,681,55,0.5416995478756662,0.10602649006622517,75.30570006929338,2941.266000038013,0.3399896507106382,True
W_BASE+THRESH_C,W_BASE,THRESH_C,6d1d793b68b24165be5755a54054c82a_LIDAR_TOP_xyzi.npy,6d1d793b68b24165be5755a54054c82a,dense,noise_medium,758,20,685,53,0.5423830462067808,0.10567282321899735,115.37140002474189,1970.5799999646842,0.5074648073247072,True
W_BASE+THRESH_C,W_BASE,THRESH_C,6d1d793b68b24165be5755a54054c82a_LIDAR_TOP_xyzi.npy,6d1d793b68b24165be5755a54054c82a,dense,noise_high,759,20,687,52,0.5428273187853377,0.10553359683794465,62.5388000626117,1728.1076002400368,0.5786676708447428,True
W_BASE+THRESH_C,W_BASE,THRESH_C,b26e791522294bec90f86fd72226e35c_LIDAR_TOP_xyzi.npy,b26e791522294bec90f86fd72226e35c,many_vehicles,original,1132,59,791,282,0.5163809134880591,0.12230565371024733,131.81659998372197,2144.733300083317,0.4662584387350879,True
W_BASE+THRESH_C,W_BASE,THRESH_C,b26e791522294bec90f86fd72226e35c_LIDAR_TOP_xyzi.npy,b26e791522294bec90f86fd72226e35c,many_vehicles,dropout_5pct,1123,59,785,279,0.5166403380909671,0.1222172751558326,151.32589999120682,2412.897099973634,0.41443955484505623,True
W_BASE+THRESH_C,W_BASE,THRESH_C,b26e791522294bec90f86fd72226e35c_LIDAR_TOP_xyzi.npy,b26e791522294bec90f86fd72226e35c,many_vehicles,dropout_10pct,1106,58,767,281,0.5157544969531669,0.1227848101265823,110.06550001911819,1931.2592999776825,0.5177968592884218,True
W_BASE+THRESH_C,W_BASE,THRESH_C,b26e791522294bec90f86fd72226e35c_LIDAR_TOP_xyzi.npy,b26e791522294bec90f86fd72226e35c,many_vehicles,dropout_20pct,1077,55,750,272,0.5161704864527865,0.12270194986072422,111.19419999886304,1418.9308999339119,0.7047559539696937,True
W_BASE+THRESH_C,W_BASE,THRESH_C,b26e791522294bec90f86fd72226e35c_LIDAR_TOP_xyzi.npy,b26e791522294bec90f86fd72226e35c,many_vehicles,dropout_30pct,1034,53,730,251,0.5181330062215371,0.12171179883945843,97.45190001558512,1166.1091999849305,0.8575526202974155,True
W_BASE+THRESH_C,W_BASE,THRESH_C,b26e791522294bec90f86fd72226e35c_LIDAR_TOP_xyzi.npy,b26e791522294bec90f86fd72226e35c,many_vehicles,sparse_75pct,1048,56,744,248,0.5200528054529531,0.12099236641221377,90.19160002935678,2781.007200013846,0.35958195289642586,True
W_BASE+THRESH_C,W_BASE,THRESH_C,b26e791522294bec90f86fd72226e35c_LIDAR_TOP_xyzi.npy,b26e791522294bec90f86fd72226e35c,many_vehicles,sparse_50pct,931,49,669,213,0.5218921867488946,0.12024704618689583,77.9961000662297,1713.61950004939,0.5835601193679099,True
W_BASE+THRESH_C,W_BASE,THRESH_C,b26e791522294bec90f86fd72226e35c_LIDAR_TOP_xyzi.npy,b26e791522294bec90f86fd72226e35c,many_vehicles,sparse_25pct,723,38,547,138,0.5298058465813077,0.11645919778699862,65.93200005590916,517.013700096868,1.93418472240221,True
W_BASE+THRESH_C,W_BASE,THRESH_C,b26e791522294bec90f86fd72226e35c_LIDAR_TOP_xyzi.npy,b26e791522294bec90f86fd72226e35c,many_vehicles,noise_low,1136,58,798,280,0.5166660821666382,0.12209507042253523,107.51820006407797,1250.5142000736669,0.7996710472708672,True
W_BASE+THRESH_C,W_BASE,THRESH_C,b26e791522294bec90f86fd72226e35c_LIDAR_TOP_xyzi.npy,b26e791522294bec90f86fd72226e35c,many_vehicles,noise_medium,1138,57,800,281,0.5164507716718885,0.12218804920913885,129.31989994831383,1284.6691999584436,0.7784105044569823,True
W_BASE+THRESH_C,W_BASE,THRESH_C,b26e791522294bec90f86fd72226e35c_LIDAR_TOP_xyzi.npy,b26e791522294bec90f86fd72226e35c,many_vehicles,noise_high,1139,58,798,283,0.5159612188067517,0.12230026338893768,138.62770004197955,1092.346700024791,0.9154602654791787,True
W_BASE+THRESH_C,W_BASE,THRESH_C,dc4c80e8a1534ff8a3eb80307341161c_LIDAR_TOP_xyzi.npy,dc4c80e8a1534ff8a3eb80307341161c,pedestrian_vru,original,1257,30,1050,177,0.5205063586205791,0.11288782816229118,104.29059993475676,938.3329999400303,1.0657197392225477,True
W_BASE+THRESH_C,W_BASE,THRESH_C,dc4c80e8a1534ff8a3eb80307341161c_LIDAR_TOP_xyzi.npy,dc4c80e8a1534ff8a3eb80307341161c,pedestrian_vru,dropout_5pct,1244,29,1038,177,0.5204076289977729,0.11306270096463021,103.90019998885691,1310.9373999759555,0.7628129306695662,True
W_BASE+THRESH_C,W_BASE,THRESH_C,dc4c80e8a1534ff8a3eb80307341161c_LIDAR_TOP_xyzi.npy,dc4c80e8a1534ff8a3eb80307341161c,pedestrian_vru,dropout_10pct,1236,30,1028,178,0.5207623490721466,0.11318770226537217,96.71309997793287,874.374600010924,1.1436745760770115,True
W_BASE+THRESH_C,W_BASE,THRESH_C,dc4c80e8a1534ff8a3eb80307341161c_LIDAR_TOP_xyzi.npy,dc4c80e8a1534ff8a3eb80307341161c,pedestrian_vru,dropout_20pct,1198,28,999,171,0.5208659346151941,0.1131051752921536,97.7760999230668,831.5999999176711,1.2025012026202508,True
W_BASE+THRESH_C,W_BASE,THRESH_C,dc4c80e8a1534ff8a3eb80307341161c_LIDAR_TOP_xyzi.npy,dc4c80e8a1534ff8a3eb80307341161c,pedestrian_vru,dropout_30pct,1166,27,985,154,0.5249789955671992,0.11204974271012005,86.21370000764728,775.1358000095934,1.2900965224256493,True
W_BASE+THRESH_C,W_BASE,THRESH_C,dc4c80e8a1534ff8a3eb80307341161c_LIDAR_TOP_xyzi.npy,dc4c80e8a1534ff8a3eb80307341161c,pedestrian_vru,sparse_75pct,1186,31,1007,148,0.5277326031141572,0.11117200674536254,131.56639994122088,880.3575999336317,1.1359020471628665,True
W_BASE+THRESH_C,W_BASE,THRESH_C,dc4c80e8a1534ff8a3eb80307341161c_LIDAR_TOP_xyzi.npy,dc4c80e8a1534ff8a3eb80307341161c,pedestrian_vru,sparse_50pct,1047,25,907,115,0.5297362211508128,0.10978987583572113,249.70379995647818,756.4545999048278,1.3219564004578908,True
W_BASE+THRESH_C,W_BASE,THRESH_C,dc4c80e8a1534ff8a3eb80307341161c_LIDAR_TOP_xyzi.npy,dc4c80e8a1534ff8a3eb80307341161c,pedestrian_vru,sparse_25pct,855,23,752,80,0.5351705938079653,0.10801169590643274,59.70250000245869,356.11819999758154,2.808056426228121,True
W_BASE+THRESH_C,W_BASE,THRESH_C,dc4c80e8a1534ff8a3eb80307341161c_LIDAR_TOP_xyzi.npy,dc4c80e8a1534ff8a3eb80307341161c,pedestrian_vru,noise_low,1256,30,1049,177,0.5205153886434591,0.11289808917197451,108.44340000767261,1064.563799998723,0.939351873510258,True
W_BASE+THRESH_C,W_BASE,THRESH_C,dc4c80e8a1534ff8a3eb80307341161c_LIDAR_TOP_xyzi.npy,dc4c80e8a1534ff8a3eb80307341161c,pedestrian_vru,noise_medium,1263,29,1055,179,0.5202495231882118,0.11302454473475851,166.60499991849065,1000.9654000168666,0.9990355310814436,True
W_BASE+THRESH_C,W_BASE,THRESH_C,dc4c80e8a1534ff8a3eb80307341161c_LIDAR_TOP_xyzi.npy,dc4c80e8a1534ff8a3eb80307341161c,pedestrian_vru,noise_high,1263,30,1055,178,0.5206199865824309,0.1129057798891528,132.61929992586374,937.8377998946235,1.06628246388913,True
W_BASE+THRESH_C,W_BASE,THRESH_C,c844bf5a9f2243ff8f4bf2c85fe218ff_LIDAR_TOP_xyzi.npy,c844bf5a9f2243ff8f4bf2c85fe218ff,complex_static,original,1059,49,730,280,0.5132016426504201,0.12412653446647783,172.00440005399287,1097.1192000433803,0.9114779870413897,True
W_BASE+THRESH_C,W_BASE,THRESH_C,c844bf5a9f2243ff8f4bf2c85fe218ff_LIDAR_TOP_xyzi.npy,c844bf5a9f2243ff8f4bf2c85fe218ff,complex_static,dropout_5pct,1049,48,728,273,0.5139595927555263,0.12373689227836035,101.17700009141117,970.4455001046881,1.0304545694653884,True
W_BASE+THRESH_C,W_BASE,THRESH_C,c844bf5a9f2243ff8f4bf2c85fe218ff_LIDAR_TOP_xyzi.npy,c844bf5a9f2243ff8f4bf2c85fe218ff,complex_static,dropout_10pct,1036,48,714,274,0.5131048674472302,0.12413127413127416,130.68449997808784,946.8911001458764,1.0560876534228083,True
W_BASE+THRESH_C,W_BASE,THRESH_C,c844bf5a9f2243ff8f4bf2c85fe218ff_LIDAR_TOP_xyzi.npy,c844bf5a9f2243ff8f4bf2c85fe218ff,complex_static,dropout_20pct,1011,42,710,259,0.5140011204107077,0.1235410484668645,101.58979997504503,895.7543999422342,1.1163774356726448,True
W_BASE+THRESH_C,W_BASE,THRESH_C,c844bf5a9f2243ff8f4bf2c85fe218ff_LIDAR_TOP_xyzi.npy,c844bf5a9f2243ff8f4bf2c85fe218ff,complex_static,dropout_30pct,969,41,684,244,0.5148119522062694,0.12306501547987617,162.92159992735833,951.6065999632701,1.050854418242368,True
W_BASE+THRESH_C,W_BASE,THRESH_C,c844bf5a9f2243ff8f4bf2c85fe218ff_LIDAR_TOP_xyzi.npy,c844bf5a9f2243ff8f4bf2c85fe218ff,complex_static,sparse_75pct,989,46,690,253,0.5155833171447102,0.12325581395348839,91.8963000876829,971.7450001044199,1.029076558039963,True
W_BASE+THRESH_C,W_BASE,THRESH_C,c844bf5a9f2243ff8f4bf2c85fe218ff_LIDAR_TOP_xyzi.npy,c844bf5a9f2243ff8f4bf2c85fe218ff,complex_static,sparse_50pct,887,43,634,210,0.5199934186162531,0.12125140924464488,105.09189998265356,642.4962000455707,1.5564294386940691,True
W_BASE+THRESH_C,W_BASE,THRESH_C,c844bf5a9f2243ff8f4bf2c85fe218ff_LIDAR_TOP_xyzi.npy,c844bf5a9f2243ff8f4bf2c85fe218ff,complex_static,sparse_25pct,716,39,521,156,0.5268036984193258,0.11906424581005587,74.47849994059652,388.72829999309033,2.572490863201303,True
W_BASE+THRESH_C,W_BASE,THRESH_C,c844bf5a9f2243ff8f4bf2c85fe218ff_LIDAR_TOP_xyzi.npy,c844bf5a9f2243ff8f4bf2c85fe218ff,complex_static,noise_low,1058,49,727,282,0.5131156023180007,0.12433837429111533,82.61010004207492,982.3800000594929,1.0179360328380465,True
W_BASE+THRESH_C,W_BASE,THRESH_C,c844bf5a9f2243ff8f4bf2c85fe218ff_LIDAR_TOP_xyzi.npy,c844bf5a9f2243ff8f4bf2c85fe218ff,complex_static,noise_medium,1055,48,729,278,0.5131340723857827,0.12407582938388625,79.54309997148812,1016.9776999391615,0.983305730361465,True
W_BASE+THRESH_C,W_BASE,THRESH_C,c844bf5a9f2243ff8f4bf2c85fe218ff_LIDAR_TOP_xyzi.npy,c844bf5a9f2243ff8f4bf2c85fe218ff,complex_static,noise_high,1056,51,726,279,0.5136863526293004,0.1240056818181818,87.60219998657703,1096.1297999601811,0.9123007147842589,True
W_BASE+THRESH_C,W_BASE,THRESH_C,5c85640c10d9485c86bf6eb44778c002_LIDAR_TOP_xyzi.npy,5c85640c10d9485c86bf6eb44778c002,normal,original,509,80,403,26,0.5874286646715852,0.09724950884086445,48.98319998756051,853.7227000342682,1.1713405300806226,True
W_BASE+THRESH_C,W_BASE,THRESH_C,5c85640c10d9485c86bf6eb44778c002_LIDAR_TOP_xyzi.npy,5c85640c10d9485c86bf6eb44778c002,normal,dropout_5pct,507,80,401,26,0.5868938991581658,0.09723865877712032,60.11620000936091,752.279800013639,1.3292926381671684,True
W_BASE+THRESH_C,W_BASE,THRESH_C,5c85640c10d9485c86bf6eb44778c002_LIDAR_TOP_xyzi.npy,5c85640c10d9485c86bf6eb44778c002,normal,dropout_10pct,503,80,398,25,0.5876838520772287,0.0970178926441352,57.90369992610067,740.4801999218762,1.3504750027151358,True
W_BASE+THRESH_C,W_BASE,THRESH_C,5c85640c10d9485c86bf6eb44778c002_LIDAR_TOP_xyzi.npy,5c85640c10d9485c86bf6eb44778c002,normal,dropout_20pct,497,79,394,24,0.5885889715314813,0.09688128772635816,52.04290000256151,648.6803998705,1.541591206084901,True
W_BASE+THRESH_C,W_BASE,THRESH_C,5c85640c10d9485c86bf6eb44778c002_LIDAR_TOP_xyzi.npy,5c85640c10d9485c86bf6eb44778c002,normal,dropout_30pct,492,82,389,21,0.5916407963801347,0.09593495934959351,52.722300053574145,574.9734999844804,1.739210589752383,True
W_BASE+THRESH_C,W_BASE,THRESH_C,5c85640c10d9485c86bf6eb44778c002_LIDAR_TOP_xyzi.npy,5c85640c10d9485c86bf6eb44778c002,normal,sparse_75pct,495,81,390,24,0.5898124498303018,0.09666666666666666,43.106500059366226,625.2212000545114,1.59943392820463,True
W_BASE+THRESH_C,W_BASE,THRESH_C,5c85640c10d9485c86bf6eb44778c002_LIDAR_TOP_xyzi.npy,5c85640c10d9485c86bf6eb44778c002,normal,sparse_50pct,472,76,379,17,0.5887127690923324,0.09555084745762714,50.50540005322546,617.2450000885874,1.620102228218097,True
W_BASE+THRESH_C,W_BASE,THRESH_C,5c85640c10d9485c86bf6eb44778c002_LIDAR_TOP_xyzi.npy,5c85640c10d9485c86bf6eb44778c002,normal,sparse_25pct,426,62,352,12,0.5867176707806696,0.09553990610328639,48.45570004545152,280.9395999647677,3.559483960699769,True
W_BASE+THRESH_C,W_BASE,THRESH_C,5c85640c10d9485c86bf6eb44778c002_LIDAR_TOP_xyzi.npy,5c85640c10d9485c86bf6eb44778c002,normal,noise_low,506,77,404,25,0.5868198629090566,0.0973320158102767,57.31839989311993,876.1543998261914,1.1413513419534007,True
W_BASE+THRESH_C,W_BASE,THRESH_C,5c85640c10d9485c86bf6eb44778c002_LIDAR_TOP_xyzi.npy,5c85640c10d9485c86bf6eb44778c002,normal,noise_medium,506,79,402,25,0.5865680429177159,0.09713438735177866,48.3190999366343,948.1992998626083,1.0546306036556845,True
W_BASE+THRESH_C,W_BASE,THRESH_C,5c85640c10d9485c86bf6eb44778c002_LIDAR_TOP_xyzi.npy,5c85640c10d9485c86bf6eb44778c002,normal,noise_high,513,79,408,26,0.5863749387105026,0.09736842105263159,60.7869999948889,861.9817001745105,1.1601174361329798,True
W_BASE+THRESH_C,W_BASE,THRESH_C,858a1ece22cf45d9bc71e42336604b78_LIDAR_TOP_xyzi.npy,858a1ece22cf45d9bc71e42336604b78,difficult_geometry,original,1055,73,841,141,0.5429896141279448,0.1099052132701422,103.15819992683828,1368.5256999451667,0.7307133509002187,True
W_BASE+THRESH_C,W_BASE,THRESH_C,858a1ece22cf45d9bc71e42336604b78_LIDAR_TOP_xyzi.npy,858a1ece22cf45d9bc71e42336604b78,difficult_geometry,dropout_5pct,1044,72,836,136,0.5435695266181839,0.10957854406130269,104.33940007351339,997.2118000732735,1.0027959957217931,True
W_BASE+THRESH_C,W_BASE,THRESH_C,858a1ece22cf45d9bc71e42336604b78_LIDAR_TOP_xyzi.npy,858a1ece22cf45d9bc71e42336604b78,difficult_geometry,dropout_10pct,1035,75,825,135,0.5448953781108312,0.10942028985507248,85.5177000630647,1070.701100048609,0.9339674722988524,True
W_BASE+THRESH_C,W_BASE,THRESH_C,858a1ece22cf45d9bc71e42336604b78_LIDAR_TOP_xyzi.npy,858a1ece22cf45d9bc71e42336604b78,difficult_geometry,dropout_20pct,1012,73,813,126,0.5458024877365527,0.1088438735177866,104.13699992932379,942.3274998553097,1.0612021830558331,True
W_BASE+THRESH_C,W_BASE,THRESH_C,858a1ece22cf45d9bc71e42336604b78_LIDAR_TOP_xyzi.npy,858a1ece22cf45d9bc71e42336604b78,difficult_geometry,dropout_30pct,985,72,794,119,0.5467334594213757,0.1084263959390863,91.80090005975217,1152.5164999766275,0.8676665366788932,True
W_BASE+THRESH_C,W_BASE,THRESH_C,858a1ece22cf45d9bc71e42336604b78_LIDAR_TOP_xyzi.npy,858a1ece22cf45d9bc71e42336604b78,difficult_geometry,sparse_75pct,978,66,794,118,0.5469791635705858,0.10869120654396729,70.00709988642484,838.8507999479771,1.192107106605867,True
W_BASE+THRESH_C,W_BASE,THRESH_C,858a1ece22cf45d9bc71e42336604b78_LIDAR_TOP_xyzi.npy,858a1ece22cf45d9bc71e42336604b78,difficult_geometry,sparse_50pct,887,51,743,93,0.5472609494924978,0.1076099210822999,69.59789991378784,645.705500151962,1.5486936378343648,True
W_BASE+THRESH_C,W_BASE,THRESH_C,858a1ece22cf45d9bc71e42336604b78_LIDAR_TOP_xyzi.npy,858a1ece22cf45d9bc71e42336604b78,difficult_geometry,sparse_25pct,749,47,644,58,0.5516318412551833,0.10460614152202936,68.10139992740005,477.365699945949,2.094830022586934,True
W_BASE+THRESH_C,W_BASE,THRESH_C,858a1ece22cf45d9bc71e42336604b78_LIDAR_TOP_xyzi.npy,858a1ece22cf45d9bc71e42336604b78,difficult_geometry,noise_low,1051,72,840,139,0.5428653804236669,0.10980019029495719,92.15739998035133,1301.1714000022039,0.7685382571414544,True
W_BASE+THRESH_C,W_BASE,THRESH_C,858a1ece22cf45d9bc71e42336604b78_LIDAR_TOP_xyzi.npy,858a1ece22cf45d9bc71e42336604b78,difficult_geometry,noise_medium,1052,78,835,139,0.5442714454061288,0.10950570342205324,105.72610003873706,1066.9263001764193,0.9372718620158179,True
W_BASE+THRESH_C,W_BASE,THRESH_C,858a1ece22cf45d9bc71e42336604b78_LIDAR_TOP_xyzi.npy,858a1ece22cf45d9bc71e42336604b78,difficult_geometry,noise_high,1049,75,842,132,0.5445980007887621,0.10900857959961871,113.61890006810427,1042.5606000935659,0.959176857355106,True
