x,y,elevation,occupancy,resolution,importance,semantic_class,semantic_source,confidence,point_count,region_id
-34.98336410522461,-64.92623901367188,-0.009900277480483055,1.0,0.2,0.38374614017104136,unknown,fallback,0.0,1,0
-30.791479110717773,-68.2314682006836,-3.4985408782958984,1.0,0.2,0.3804274372328178,unknown,fallback,0.0,1,1
-28.83648109436035,3.713472843170166,-0.023775627836585045,1.0,0.1,0.5177761918845475,unknown,fallback,0.0,1,2
-28.223861312866212,9.317585563659668,-0.019895296171307565,1.0,0.1,0.5158416537126495,unknown,fallback,0.0,5,3
-28.167924880981445,10.444957733154297,-0.019176077097654343,1.0,0.1,0.5148736320085406,unknown,fallback,0.0,1,4
-25.327029546101887,-52.28988265991211,-2.2595121463139853,1.0,0.1,0.45600397092994727,unknown,fallback,0.0,3,5
-24.070999145507812,-50.5573844909668,-1.9584415555000305,1.0,0.1,0.46276660576957285,unknown,fallback,0.0,2,6
-23.20079517364502,-52.17934036254883,-2.0057762265205383,1.0,0.1,0.4609433685141896,unknown,fallback,0.0,2,7
-23.729063034057617,-50.24351119995117,-2.5969319343566895,1.0,0.2,0.43830474016467924,unknown,fallback,0.0,1,8
-23.79538345336914,-39.773433685302734,-3.2443313598632812,1.0,0.1,0.46595570235601735,unknown,fallback,0.0,1,9
-20.53310489654541,-52.157583236694336,-1.308893084526062,1.0,0.2,0.43691033844406624,unknown,fallback,0.0,2,10
-21.465064366658527,-51.43231074015299,-1.3013092279434204,1.0,0.2,0.4379728124543478,unknown,fallback,0.0,3,11
-18.972227096557617,-53.24204126993815,-1.3200227816899617,1.0,0.2,0.43584506359623576,unknown,fallback,0.0,6,12
-19.848840713500977,-51.725223541259766,-1.2937456369400024,1.0,0.2,0.4387914651632804,unknown,fallback,0.0,1,13
-18.351311683654785,-1.4731440544128418,-1.2876611351966858,1.0,0.1,0.5497769162355318,unknown,fallback,0.0,2,14
-18.556593894958496,1.8629852533340454,-0.8934563100337982,1.0,0.1,0.5490805217810093,unknown,fallback,0.0,2,15
-18.362202644348145,2.4915720224380493,-0.8879439234733582,1.0,0.1,0.5494252554020037,unknown,fallback,0.0,2,16
-16.297476450602215,-56.72828801472982,-1.3785167535146077,1.0,0.2,0.42810508104874423,unknown,fallback,0.0,3,17
-17.204375076293946,-55.0656623840332,-1.3473925113677978,1.0,0.2,0.43247824083494035,unknown,fallback,0.0,5,18
-17.859800338745117,-53.856178283691406,-1.325117588043213,1.0,0.2,0.4347791326917251,unknown,fallback,0.0,1,19
-16.25194549560547,-51.09095001220703,-3.7531471252441406,1.0,0.2,0.4441594014252691,unknown,fallback,0.0,1,20
-16.41118049621582,-29.247926712036133,1.5552912950515747,1.0,0.1,0.5043873141195003,unknown,fallback,0.0,1,21
-16.524070627549115,-27.61320910734289,4.1187957314883965,1.0,0.1,0.5651921787282629,unknown,fallback,0.0,17,22
-14.635601043701172,-58.516807556152344,-1.4088557958602905,1.0,0.2,0.42404210915169416,unknown,fallback,0.0,1,23
-15.205603122711182,-57.26997947692871,-1.3839722871780396,1.0,0.2,0.4277415795253432,unknown,fallback,0.0,2,24
-14.786303520202637,-52.174564361572266,-3.7962796688079834,1.0,0.2,0.442505433267983,unknown,fallback,0.0,2,25
-15.570835828781128,-51.513723373413086,-3.767371356487274,1.0,0.2,0.4439418421183208,unknown,fallback,0.0,4,26
-14.029929161071777,-33.6259880065918,-0.006975193042308092,1.0,0.1,0.4956934867669939,unknown,fallback,0.0,1,27
-15.596428871154785,-28.16558837890625,1.4927756786346436,1.0,0.1,0.508413558610089,unknown,fallback,0.0,1,28
-15.915166854858398,-27.886077880859375,5.260068416595459,1.0,0.1,0.5086758966802284,unknown,fallback,0.0,1,29
-14.97855007648468,-25.494920015335083,0.6796891093254089,1.0,0.1,0.5163046878158858,unknown,fallback,0.0,8,30
-14.807609558105469,-10.23034954071045,-1.0501618385314941,1.0,0.1,0.5593448800882913,unknown,fallback,0.0,2,31
-14.724984032767159,-1.209586337918327,-0.6960229976005697,1.0,0.1,0.5983493976981795,unknown,fallback,0.0,21,32
-14.650277072733099,1.2594657811251553,0.42355407562784175,1.0,0.1,0.6097115196416439,unknown,fallback,0.0,44,33
-14.832253196022727,2.8328523130127876,0.7364446471134821,1.0,0.1,0.596429084274971,unknown,fallback,0.0,33,34
-12.096163749694824,-60.0157356262207,-1.430068850517273,1.0,0.2,0.421332225739128,unknown,fallback,0.0,1,35
-13.12145185470581,-58.935995737711586,-1.4104005098342896,1.0,0.2,0.4242497250491021,unknown,fallback,0.0,6,36
-13.459560871124268,-53.821245193481445,-1.2959774732589722,1.0,0.2,0.4385697057130935,unknown,fallback,0.0,2,37
-12.792867660522461,-33.04506174723307,-0.0070048383592317505,1.0,0.1,0.4986955537623776,unknown,fallback,0.0,6,38
-12.612052917480469,-24.36458683013916,-2.559894323348999,1.0,0.1,0.5231978357513436,unknown,fallback,0.0,4,39
-13.163626930930398,-22.951915567571465,-2.469189990650524,1.0,0.1,0.5271961274859404,unknown,fallback,0.0,11,40
-13.561834335327148,-21.840280532836914,-2.3987951278686523,1.0,0.1,0.5278748365406798,unknown,fallback,0.0,1,41
-13.10897699991862,-11.90573533376058,-0.41461215835685533,1.0,0.1,0.5653238920135785,unknown,fallback,0.0,3,42
-13.088428497314453,-9.129913330078125,1.111891746520996,1.0,0.1,0.5571255757058483,unknown,fallback,0.0,1,43
-13.399655525500958,-1.0880023203790188,0.9459374447212142,1.0,0.1,0.6036949589688729,unknown,fallback,0.0,26,44
-13.790026664733887,0.007217296399176121,1.6126362085342407,1.0,0.1,0.5636299143398161,unknown,fallback,0.0,1,45
-12.997163870395758,2.9983643813010974,0.3313230485774768,1.0,0.1,0.5917718020717632,unknown,fallback,0.0,39,46
-13.555356740951538,13.337348620096842,-0.15904146743317446,1.0,0.1,0.5631247093549663,unknown,fallback,0.0,12,47
-12.280572175979614,51.199400901794434,3.090397357940674,1.0,0.1,0.4716756513960946,unknown,fallback,0.0,4,48
-12.359144687652588,53.58064842224121,3.227542757987976,1.0,0.1,0.46571580920393907,unknown,fallback,0.0,2,49
-12.142853260040283,54.09560585021973,3.25454580783844,1.0,0.1,0.46461806124801475,unknown,fallback,0.0,2,50
-12.329432725906372,57.2869815826416,3.439799666404724,1.0,0.1,0.4566392696130531,unknown,fallback,0.0,4,51
-12.354139645894369,61.13191350301107,3.420417229334513,1.0,0.2,0.4459788212369108,unknown,fallback,0.0,3,52
-12.28725290298462,63.365020751953125,3.7886918783187866,1.0,0.2,0.44147726364084583,unknown,fallback,0.0,2,53
-12.87341594696045,73.24610137939453,3.4961633682250977,1.0,0.2,0.3818936445351321,unknown,fallback,0.0,1,54
-13.136757850646973,77.30004119873047,3.6862003803253174,1.0,0.2,0.36977492271152795,unknown,fallback,0.0,1,55
-12.412566184997559,78.61936950683594,3.742152690887451,1.0,0.2,0.36622040801495587,unknown,fallback,0.0,1,56
-10.788300196329752,-30.598839441935223,-1.747470239798228,1.0,0.1,0.5348209560603097,unknown,fallback,0.0,3,57
-10.416894912719727,-29.22493553161621,-1.6955385605494182,1.0,0.1,0.5265985260368339,unknown,fallback,0.0,3,58
-10.313352108001709,-26.27934980392456,-1.9756895899772644,1.0,0.1,0.520527388769504,unknown,fallback,0.0,4,59
-10.471195220947266,-24.967012405395508,-1.5877849459648132,1.0,0.1,0.5378950594311976,unknown,fallback,0.0,2,60
-10.419752438863119,-22.857699076334637,-1.5585132439931233,1.0,0.1,0.5396766937687207,unknown,fallback,0.0,6,61
-10.42027997970581,-21.32470178604126,-2.2141892313957214,1.0,0.1,0.5346188808807387,unknown,fallback,0.0,4,62
-10.99511963670904,-16.835984793576326,0.7340941037524097,1.0,0.1,0.6179243016776239,unknown,fallback,0.0,132,63
-10.910355158205386,-14.910182225262677,0.6338859782485222,1.0,0.1,0.6223626584803816,unknown,fallback,0.0,135,64
-10.999303050373875,-12.927090494022814,0.5381273600781813,1.0,0.1,0.6172665070984465,unknown,fallback,0.0,215,65
-11.110936026058287,-10.937250499993983,0.5181328383407735,1.0,0.1,0.619219150844812,unknown,fallback,0.0,213,66
-11.103566247520718,-8.98571654245363,0.29780112958351374,1.0,0.1,0.621044304091885,unknown,fallback,0.0,282,67
-11.162330027376667,-7.107190492894319,0.32206769049043804,1.0,0.1,0.6190969575473421,unknown,fallback,0.0,267,68
-11.012006062079655,-4.996766161160418,0.04967750984370748,1.0,0.1,0.6159943751305434,unknown,fallback,0.0,283,69
-11.103700285487704,-2.9911241663826837,-0.13123364399669096,1.0,0.1,0.6072715081691562,unknown,fallback,0.0,360,70
-11.08099945701847,-1.0094671819977403,-0.054916045791281766,1.0,0.1,0.6120255948410687,unknown,fallback,0.0,277,71
-10.96274419074511,1.189207045682604,-0.1288823731869024,1.0,0.1,0.6211479029388018,unknown,fallback,0.0,137,72
-11.196228786956432,3.0030166506767273,0.10807287918273793,1.0,0.1,0.6174186227186927,unknown,fallback,0.0,172,73
-10.926154060496224,5.055904201335377,0.13617615681788367,1.0,0.1,0.6096080039128076,unknown,fallback,0.0,288,74
-11.133717582143586,7.023193986251436,0.5796454257917879,1.0,0.1,0.6094640676663373,unknown,fallback,0.0,232,75
-11.169141277190178,9.005385570262435,0.6531306605245317,1.0,0.1,0.615461614303626,unknown,fallback,0.0,217,76
-11.233189250576881,10.925807583716608,1.0296833754246755,1.0,0.1,0.6110560322992215,unknown,fallback,0.0,155,77
-11.267962746322155,12.965119130909443,1.5191434758744435,1.0,0.1,0.5988682775264349,unknown,fallback,0.0,128,78
-11.030357455159281,14.891211624983903,1.9791411750919217,1.0,0.1,0.5891847879964252,unknown,fallback,0.0,91,79
-11.145693069280581,16.94097266086312,2.3328768347584923,1.0,0.1,0.5879843150410594,unknown,fallback,0.0,43,80
-11.235775232315063,19.00360734646137,2.6690372687119703,1.0,0.1,0.5810910457524636,unknown,fallback,0.0,52,81
-11.259055671691895,20.969982528686522,2.560302183628082,1.0,0.1,0.5828670294420341,unknown,fallback,0.0,50,82
-11.236226068960654,23.14505012615307,2.0309705240463183,1.0,0.1,0.598212020344313,unknown,fallback,0.0,74,83
-11.074890341077532,24.9843289965675,2.7264277812293067,1.0,0.1,0.5886377661492979,unknown,fallback,0.0,42,84
-11.219022317366166,27.124289079145953,3.4669238274747674,1.0,0.1,0.5705255702820524,unknown,fallback,0.0,22,85
-11.238012109483991,28.906706060682023,3.6602024606295993,1.0,0.1,0.5708556448773605,unknown,fallback,0.0,28,86
-11.237024697390469,30.97599801150235,4.317036206072027,1.0,0.1,0.5636361202452045,unknown,fallback,0.0,22,87
-11.20049290223555,33.03486945412376,4.457765232432973,1.0,0.1,0.5590649921731813,unknown,fallback,0.0,22,88
-11.089544632855583,34.87161434397978,4.6228039264678955,1.0,0.1,0.5526235834157796,unknown,fallback,0.0,17,89
-11.244005107879639,37.128910827636716,5.030486226081848,1.0,0.1,0.5433433397665592,unknown,fallback,0.0,10,90
-11.239051818847656,38.399248123168945,5.187096416950226,1.0,0.1,0.5271557542851389,unknown,fallback,0.0,4,91
-11.222521781921387,40.9775258844549,5.9322498494928535,1.0,0.1,0.5294210449298583,unknown,fallback,0.0,11,92
-11.20785623438218,43.1668025746065,5.011767303242403,1.0,0.1,0.5542804676250079,unknown,fallback,0.0,17,93
-11.111430168151855,44.68855667114258,5.425616468702044,1.0,0.1,0.5537548333810376,unknown,fallback,0.0,7,94
-11.278370993477958,47.07796042306082,6.0243193762643,1.0,0.1,0.5065170672511289,unknown,fallback,0.0,7,95
-11.278031539916991,49.09827423095703,7.1336315155029295,1.0,0.1,0.522021224146627,unknown,fallback,0.0,5,96
-11.29620361328125,51.05217742919922,6.404581451416016,1.0,0.1,0.48606339813258026,unknown,fallback,0.0,5,97
-11.25304467337472,53.284050532749724,7.721325125013079,1.0,0.1,0.526334947658838,unknown,fallback,0.0,7,98
-11.146588802337646,54.27920436859131,7.1766005754470825,1.0,0.1,0.4970492545103875,unknown,fallback,0.0,4,99
-11.338726043701172,56.8359375,6.130265474319458,1.0,0.1,0.4584596632281682,unknown,fallback,0.0,2,100
-11.326287269592285,58.57432556152344,6.310367107391357,1.0,0.1,0.45425955167617127,unknown,fallback,0.0,2,101
-11.364033699035645,60.603660583496094,5.789316654205322,1.0,0.2,0.4200202593733796,unknown,fallback,0.0,1,102
-11.228981971740723,64.0443344116211,6.104407787322998,1.0,0.2,0.4099361610724759,unknown,fallback,0.0,1,103
-11.379404067993164,78.47685241699219,9.324556350708008,1.0,0.2,0.3671072409256867,unknown,fallback,0.0,1,104
-8.113408088684082,-34.26826477050781,-3.285750389099121,1.0,0.1,0.49935307741937596,unknown,fallback,0.0,1,105
-8.706444263458252,-33.73107719421387,-3.2504204511642456,1.0,0.1,0.5006347900983631,unknown,fallback,0.0,2,106
-8.933824221293131,-30.399912516276043,-1.8693814277648926,1.0,0.1,0.6081475242381935,unknown,fallback,0.0,6,107
-8.236196358998617,-29.819724082946777,-0.48462778760585934,1.0,0.1,0.5896219434901077,unknown,fallback,0.0,12,108
-9.406535466512045,-26.639347712198894,-2.1924766500790915,1.0,0.1,0.5313386128068233,unknown,fallback,0.0,6,109
-8.938688141959053,-24.535845620291575,-2.0069712230137418,1.0,0.1,0.5486968430875991,unknown,fallback,0.0,7,110
-9.08098545074463,-23.331776237487794,-1.741425883769989,1.0,0.1,0.5518347649065927,unknown,fallback,0.0,10,111
-9.31710843478932,-21.489161435295554,-2.022974729537964,1.0,0.1,0.5442262767849508,unknown,fallback,0.0,17,112
-8.66930091381073,-18.881033182144165,-2.4248026460409164,1.0,0.1,0.5440706452132882,unknown,fallback,0.0,16,113
-9.657843589782715,-17.32643803683194,-2.3149233731356533,1.0,0.1,0.5465635407280092,unknown,fallback,0.0,11,114
-8.588634317571467,-12.957076679576527,-2.183408574624495,1.0,0.1,0.5597903917048557,unknown,fallback,0.0,22,115
-9.576917743682861,-11.215599870681762,-2.0718964099884034,1.0,0.1,0.5618665042240931,unknown,fallback,0.0,20,116
-8.524801287157782,-8.957424755754142,-2.031369994426596,1.0,0.1,0.5693072268712237,unknown,fallback,0.0,29,117
-9.004969596862793,-6.789151081672082,-1.916389633447696,1.0,0.1,0.5723572764787273,unknown,fallback,0.0,39,118
-9.159468351091657,-4.808215073176792,-0.9979611192430768,1.0,0.1,0.6330833913425853,unknown,fallback,0.0,70,119
-9.417329316980698,-2.9523476404302262,0.27694176505593693,1.0,0.1,0.6418363779241906,unknown,fallback,0.0,170,120
-9.272109141494289,-1.0883467762872125,-0.12050173932855779,1.0,0.1,0.6435123585514205,unknown,fallback,0.0,165,121
-9.130364396021916,1.0891842508115448,-0.03815363645553589,1.0,0.1,0.6427558211774952,unknown,fallback,0.0,130,122
-9.288640887396676,2.9905947055135456,0.0031680285930633543,1.0,0.1,0.6409497321825528,unknown,fallback,0.0,140,123
-9.201540489586032,5.001977847546947,0.3040189420690342,1.0,0.1,0.6396809839164689,unknown,fallback,0.0,98,124
-9.10877148858432,7.015100964184465,-1.2905908503152173,1.0,0.1,0.5927481949905529,unknown,fallback,0.0,58,125
-8.823850163873637,9.276862918205982,-1.28721329176201,1.0,0.1,0.5805388368904628,unknown,fallback,0.0,53,126
-9.432576179504395,10.185392951965332,-0.9418483257293702,1.0,0.1,0.5831570111813366,unknown,fallback,0.0,5,127
-9.30294942855835,15.325432141621908,0.7249053418636322,1.0,0.1,0.6129224103168002,unknown,fallback,0.0,6,128
-9.266468524932861,19.32801691691081,-0.8523961771279573,1.0,0.1,0.5558200874946627,unknown,fallback,0.0,6,129
-8.760958406660292,20.32259538438585,-0.5507478980450995,1.0,0.1,0.5642718346578163,unknown,fallback,0.0,18,130
-8.278083483378092,23.421776453653973,1.1659127473831177,1.0,0.05,0.7705558799199815,vehicle,annotation,0.0,3,131
-9.91310739517212,34.554901123046875,3.8083223700523376,1.0,0.1,0.535014690666647,unknown,fallback,0.0,4,132
-8.037878036499023,36.572357177734375,-0.00012014048843411729,1.0,0.1,0.49266432830223206,unknown,fallback,0.0,1,133
-8.03098201751709,42.539634704589844,1.0142995119094849,1.0,0.05,0.7151267743655736,vehicle,annotation,0.0,1,134
-8.036736488342285,68.86546325683594,1.6300162076950073,1.0,0.2,0.397001513306815,unknown,fallback,0.0,1,135
-7.361536843436105,-34.73183005196707,-2.6009625366755893,1.0,0.05,0.7655771018386256,vehicle,annotation,0.0,7,136
-7.937880516052246,-29.681873321533203,-2.8663997650146484,1.0,0.1,0.5128251012549295,unknown,fallback,0.0,1,137
-6.542508443196614,-22.937210083007812,-2.7828832467397056,1.0,0.1,0.5350252451190897,unknown,fallback,0.0,9,138
-7.200654593381015,-20.660069725730203,-2.552718856117942,1.0,0.1,0.5410821034567629,unknown,fallback,0.0,11,139
-7.84423844019572,-19.87088139851888,-2.492264191309611,1.0,0.1,0.5411279474590932,unknown,fallback,0.0,3,140
-6.546118406149057,-16.906091396625225,-2.544286141028771,1.0,0.1,0.5521779341344722,unknown,fallback,0.0,13,141
-7.314416991339789,-14.81749571694268,-2.319748361905416,1.0,0.1,0.5570409630535911,unknown,fallback,0.0,18,142
-6.707769608497619,-13.051958036422729,-2.3690861582756044,1.0,0.1,0.5633460956054027,unknown,fallback,0.0,20,143
-7.029993790846604,-10.67985104291867,-2.1951080591250687,1.0,0.1,0.569139817461252,unknown,fallback,0.0,39,144
-6.783078168567858,-8.750855119604813,-2.1467345702020744,1.0,0.1,0.574581550519053,unknown,fallback,0.0,38,145
-6.99511439179721,-6.968535762943634,-2.057355975451535,1.0,0.1,0.5782903005520744,unknown,fallback,0.0,73,146
-6.994236792603584,-4.679972250167638,-1.3879745077462995,1.0,0.1,0.6210633772496671,unknown,fallback,0.0,146,147
-7.071302538766911,-3.016318232601226,-1.632580284399824,1.0,0.1,0.6105845486792816,unknown,fallback,0.0,191,148
-6.914169197179834,-0.8842790633516044,-1.81796302844067,1.0,0.1,0.5873983950053929,unknown,fallback,0.0,196,149
-6.906458773899599,1.006771904261798,-1.7527785809313665,1.0,0.1,0.5876407640192216,unknown,fallback,0.0,183,150
-6.924157437525298,2.885531411359185,-1.6822647977816432,1.0,0.1,0.5861807588955765,unknown,fallback,0.0,152,151
-6.968418364524841,4.849532651901245,-1.6360930120944976,1.0,0.1,0.5829748259433827,unknown,fallback,0.0,100,152
-7.056941996921193,6.876447731798345,-1.6188856227831407,1.0,0.1,0.5762227184523011,unknown,fallback,0.0,44,153
-7.213419498541416,9.113104441227057,-1.138314461096739,1.0,0.05,0.8252880421484726,vehicle,annotation,0.0,78,154
-7.007375193423912,10.71959282921963,-0.9551163044926084,1.0,0.05,0.8246163746228823,vehicle,annotation,0.0,61,155
-7.170810738547903,12.748405550347,-0.7533199423771413,1.0,0.05,0.826397016063241,vehicle,annotation,0.0,61,156
-7.00131713019477,15.551723374260796,-1.2222067250145807,1.0,0.1,0.554415685792477,unknown,fallback,0.0,18,157
-7.130832767486572,19.938475608825684,-0.502819088101387,1.0,0.05,0.799145304947011,vehicle,annotation,0.0,10,158
-7.1641073062502105,20.601282843228045,-0.3667506499954596,1.0,0.1,0.5635267970824188,unknown,fallback,0.0,29,159
-7.126921793993781,23.11385648390826,0.6373089842553086,1.0,0.05,0.7957911572844613,vehicle,annotation,0.0,17,160
-6.85136079788208,24.83526185842661,0.08530421300719564,1.0,0.05,0.7904960725361713,vehicle,annotation,0.0,13,161
-6.767928643660112,26.78835747458718,-0.4198327131400054,1.0,0.1,0.5387091104335294,unknown,fallback,0.0,11,162
-7.433782577514648,32.881446838378906,-0.001567468629218638,1.0,0.05,0.7438661479703552,vehicle,annotation,0.0,1,163
-7.6334584554036455,36.80077234903971,7.983756889492118e-05,1.0,0.1,0.492252632916093,unknown,fallback,0.0,3,164
-7.7033116817474365,42.87228584289551,1.0207383632659912,1.0,0.05,0.7145156038008837,vehicle,annotation,0.0,2,165
-7.517845153808594,44.86693000793457,1.0665207505226135,1.0,0.05,0.7092169506104,vehicle,annotation,0.0,2,166
-7.110307216644287,55.22252655029297,1.3074654340744019,1.0,0.1,0.6779648086006548,vehicle,annotation,0.0,1,167
-7.154022693634033,58.40420150756836,2.766913414001465,1.0,0.1,0.6684778281633179,vehicle,annotation,0.0,1,168
-7.661313533782959,69.11961364746094,1.635071873664856,1.0,0.2,0.39637126170506914,unknown,fallback,0.0,1,169
-5.69978141784668,-63.695281982421875,-1.4939481019973755,1.0,0.2,0.4131506109071932,unknown,fallback,0.0,1,170
-4.679973125457764,-56.28573226928711,-2.640209913253784,1.0,0.1,0.6755601220199215,vehicle,annotation,0.0,1,171
-5.271355628967285,-55.538352966308594,-2.6078615188598633,1.0,0.1,0.6776361372237246,vehicle,annotation,0.0,1,172
-4.96951060295105,-35.55951690673828,-3.2671706438064576,1.0,0.1,0.5076038108420206,unknown,fallback,0.0,10,173
-5.023175366719564,-23.7130916595459,-2.8283444086710614,1.0,0.1,0.5326971978614199,unknown,fallback,0.0,15,174
-4.3129927317301435,-18.074897130330402,-2.606535712877909,1.0,0.1,0.549287448893153,unknown,fallback,0.0,6,175
-5.284280226780818,-17.692313267634464,-2.5909787508157582,1.0,0.1,0.5500230534062114,unknown,fallback,0.0,13,176
-4.604182147979737,-14.299029350280762,-2.462123489379883,1.0,0.1,0.5601697366264096,unknown,fallback,0.0,15,177
-5.58193302154541,-13.745102670457628,-2.431878513760037,1.0,0.1,0.5608859227027845,unknown,fallback,0.0,9,178
-4.978269853899556,-11.307521789304671,-2.3237507650929112,1.0,0.1,0.5688117708519809,unknown,fallback,0.0,31,179
-4.836479488172029,-8.981597532305802,-2.2317193516513756,1.0,0.1,0.5754850682594866,unknown,fallback,0.0,57,180
-4.926858407695119,-6.899043240198275,-2.1410748958587646,1.0,0.1,0.5805366856853951,unknown,fallback,0.0,82,181
-4.913018804018189,-4.926299419532827,-2.054320192661415,1.0,0.1,0.5851868976297354,unknown,fallback,0.0,147,182
-4.867902147166924,-2.9114304191871376,-1.967290695075395,1.0,0.1,0.589000263560048,unknown,fallback,0.0,257,183
-4.82611997339738,-0.9670735721992016,-1.8893370921699164,1.0,0.1,0.5911890711697638,unknown,fallback,0.0,382,184
-4.8335552242592446,0.9402555901103418,-1.8150458585776958,1.0,0.1,0.5911727457242537,unknown,fallback,0.0,353,185
-4.857392145148458,2.9143978352063553,-1.737685117427473,1.0,0.1,0.5890047445601493,unknown,fallback,0.0,227,186
-4.878246574690848,4.951025016380079,-1.6595385697754947,1.0,0.1,0.5852532827015009,unknown,fallback,0.0,132,187
-4.94987193240395,7.041845925246613,-1.5768771171569824,1.0,0.1,0.5802411704302786,unknown,fallback,0.0,79,188
-5.014981963417747,8.976253740715258,-1.4979188153238008,1.0,0.1,0.5747820661380646,unknown,fallback,0.0,33,189
-4.970896567617144,10.743685756410871,-1.4276987995420183,1.0,0.1,0.5700827439500604,unknown,fallback,0.0,28,190
-5.030573646227519,12.90866768360138,-1.3301325490077336,1.0,0.1,0.5638568949263708,unknown,fallback,0.0,24,191
-4.928414922011526,15.779366292451558,-1.1852615193316811,1.0,0.1,0.5556723667849358,unknown,fallback,0.0,19,192
-5.704962094624837,19.916927337646484,-0.9865048130353292,1.0,0.1,0.5428855159595859,unknown,fallback,0.0,3,193
-4.789210359255473,20.18554973602295,-0.9876149396101633,1.0,0.1,0.542852787756183,unknown,fallback,0.0,12,194
-5.049877444903056,26.98980442682902,-0.6478730092446009,1.0,0.1,0.5226998394330162,unknown,fallback,0.0,12,195
-5.964115619659424,40.5473518371582,0.002081141574308276,1.0,0.1,0.48204909213357283,unknown,fallback,0.0,1,196
-2.967291620042589,-35.90733930799696,-3.361691051059299,1.0,0.1,0.49713102777263996,unknown,fallback,0.0,9,197
-2.97363437016805,-24.194011561075847,-2.8438888072967528,1.0,0.1,0.532027202703694,unknown,fallback,0.0,15,198
-3.005961443248548,-18.372385426571494,-2.612023140254774,1.0,0.1,0.5492808750303387,unknown,fallback,0.0,19,199
-2.995378832022349,-14.842237710952759,-2.4819207787513733,1.0,0.1,0.5598432158864921,unknown,fallback,0.0,24,200
-2.8624341106414795,-12.27999683380127,-2.368112564086914,1.0,0.1,0.5674115283801769,unknown,fallback,0.0,25,201
-3.113711997082359,-10.57066149460642,-2.3031047080692493,1.0,0.1,0.5727333898579188,unknown,fallback,0.0,38,202
-2.8170544971119273,-8.746913979270241,-2.2257816488092597,1.0,0.1,0.5782012604700826,unknown,fallback,0.0,55,203
-2.9917957477080517,-6.911468998998658,-2.1441380692343426,1.0,0.1,0.5834734691799051,unknown,fallback,0.0,117,204
-2.9800148986059907,-4.924483478320802,-2.0530347592719997,1.0,0.1,0.588804015220898,unknown,fallback,0.0,237,205
-3.251352058367783,-2.927221211154809,-1.9620329690783211,1.0,0.1,0.5928730074823706,unknown,fallback,0.0,356,206
-3.3912666884420437,-0.954612376622185,-1.8745770011162806,1.0,0.1,0.5954946924701313,unknown,fallback,0.0,511,207
-3.4310189382154115,1.0842821461799534,-1.7889025162677377,1.0,0.1,0.5952082611860107,unknown,fallback,0.0,392,208
-3.1269677306666517,3.0418544516418917,-1.6983161864858685,1.0,0.1,0.5931440058562181,unknown,fallback,0.0,330,209
-2.885783331109843,4.8516464255271705,-1.6192790477647694,1.0,0.1,0.589111312241391,unknown,fallback,0.0,218,210
-3.0096868665322014,6.75600422465283,-1.548626396967017,1.0,0.1,0.5838221931365081,unknown,fallback,0.0,92,211
-2.9755838656089675,8.775110419367401,-1.4679796628549064,1.0,0.1,0.5784460764806973,unknown,fallback,0.0,71,212
-2.964947248327321,10.978019451272898,-1.3731959112759293,1.0,0.1,0.5714554569274204,unknown,fallback,0.0,29,213
-3.004182472229004,13.019203186035156,-1.2837941360473633,1.0,0.1,0.5654186889119981,unknown,fallback,0.0,25,214
-2.965921095439366,15.922833715166364,-1.1613275210062664,1.0,0.1,0.5567083884442002,unknown,fallback,0.0,21,215
-3.0288617891423844,20.352370991426355,-0.9792925224584692,1.0,0.1,0.5433839169235367,unknown,fallback,0.0,17,216
-3.0368090042701135,27.062787716205303,-0.6420624943879935,1.0,0.1,0.5233816408388428,unknown,fallback,0.0,13,217
-2.3191365003585815,41.67272758483887,0.003389805555343628,1.0,0.1,0.479789191032594,unknown,fallback,0.0,2,218
-1.0157533586025238,-36.84980773925781,-3.4391220808029175,1.0,0.1,0.4944146809692277,unknown,fallback,0.0,4,219
-1.9207937717437744,-35.900054931640625,-3.3539066314697266,1.0,0.1,0.49714579036831497,unknown,fallback,0.0,1,220
-0.9494240692417536,-24.552303041730607,-2.8661197083336964,1.0,0.1,0.5316431597288753,unknown,fallback,0.0,14,221
-0.9899858558844579,-18.77605518541838,-2.6373908268777946,1.0,0.1,0.5489348852897663,unknown,fallback,0.0,19,222
-0.9765992081197707,-15.25123936197032,-2.503794255463973,1.0,0.1,0.5593555598513955,unknown,fallback,0.0,23,223
-1.0082272725800674,-12.647890302870008,-2.381744216989588,1.0,0.1,0.5671069123620708,unknown,fallback,0.0,27,224
-1.0194284948520362,-10.871900260448456,-2.3109096363186836,1.0,0.1,0.5723440934566729,unknown,fallback,0.0,32,225
-1.000966869488165,-8.935299514176009,-2.230657874763786,1.0,0.1,0.578966825209137,unknown,fallback,0.0,77,226
-1.0566133349272075,-6.881002999063748,-2.135478783009657,1.0,0.1,0.5851110089691524,unknown,fallback,0.0,134,227
-1.5035539006485659,-5.450673012172475,-2.073243845911587,1.0,0.1,0.5886196864749954,unknown,fallback,0.0,68,228
-0.05677181425316909,-0.25961050330198604,-0.07257888724205645,1.0,0.1,0.6095276191975766,unknown,fallback,0.0,5726,229
-0.27808910127214403,0.28197524504267835,-0.3496569409035146,1.0,0.1,0.6072033466075293,unknown,fallback,0.0,1088,230
-1.4424641367513686,3.6399669479578733,-1.6637534955516458,1.0,0.1,0.5935979155659089,unknown,fallback,0.0,128,231
-0.9889519403294369,4.812993410906177,-1.6155327964414117,1.0,0.1,0.591664803762832,unknown,fallback,0.0,326,232
-0.9560381917106192,6.810186128546722,-1.5285901301098566,1.0,0.1,0.5852491530265108,unknown,fallback,0.0,137,233
-0.9948270929775931,9.029024588095176,-1.4406461216307975,1.0,0.1,0.578768074171956,unknown,fallback,0.0,74,234
-0.9810521936664979,11.136907482147217,-1.3499059716860453,1.0,0.1,0.571537209218138,unknown,fallback,0.0,30,235
-0.9931032117456198,13.15450903085562,-1.2670493034216075,1.0,0.1,0.5655209982620614,unknown,fallback,0.0,26,236
-1.6702569723129272,15.965989271799723,-1.1500845551490784,1.0,0.1,0.5568522860288402,unknown,fallback,0.0,6,237
-0.6799027973165115,16.04259821573893,-1.1501339673995972,1.0,0.1,0.5569142032055028,unknown,fallback,0.0,15,238
-0.9792600214371786,20.494085424086627,-0.9757269024848938,1.0,0.1,0.5434980942537706,unknown,fallback,0.0,17,239
-0.9667261500054827,27.225783421443058,-0.6416249366906973,1.0,0.1,0.5233109300357652,unknown,fallback,0.0,13,240
0.733023539185524,-30.153364499409992,-2.8130618731180825,1.0,0.05,0.7546995652120152,vehicle,annotation,0.0,6,241
1.0368029384740762,-24.696189199175155,-2.8829820326396396,1.0,0.1,0.5310516322000499,unknown,fallback,0.0,14,242
1.012042293118106,-18.8277006149292,-2.6440581215752497,1.0,0.1,0.5485639442309289,unknown,fallback,0.0,18,243
1.0409227033024249,-15.247351190318232,-2.502903430358223,1.0,0.1,0.5593495354906605,unknown,fallback,0.0,23,244
0.9915777921477067,-12.640802145004272,-2.378976447241647,1.0,0.1,0.5670812788356634,unknown,fallback,0.0,28,245
1.0094289290577625,-10.848720030351119,-2.304118387626879,1.0,0.1,0.5724966039692371,unknown,fallback,0.0,33,246
0.9967158508923235,-8.896199636821505,-2.218137617352643,1.0,0.1,0.5790823661815806,unknown,fallback,0.0,79,247
1.0547484497827806,-6.862409200599726,-2.129257099233943,1.0,0.1,0.5850568156882533,unknown,fallback,0.0,139,248
1.4487899204618053,-5.458009663381074,-2.070720525164353,1.0,0.1,0.5886010711776978,unknown,fallback,0.0,76,249
0.26663885864559755,-0.6959420575128862,-0.34184081844316616,1.0,0.1,0.6050403338532448,unknown,fallback,0.0,948,250
0.2858442873246848,0.32910727275758317,-0.35032172680629314,1.0,0.1,0.6073260927275919,unknown,fallback,0.0,1111,251
1.424195832375324,3.6507025559743247,-1.668257025155154,1.0,0.1,0.593846919184274,unknown,fallback,0.0,132,252
0.9645477910661318,4.806570301055908,-1.6158226247934195,1.0,0.1,0.5912169774765914,unknown,fallback,0.0,325,253
0.979815282376965,6.798975877828531,-1.531319930836871,1.0,0.1,0.5853981680201755,unknown,fallback,0.0,143,254
1.0104683403026413,9.025341536547687,-1.4375023777420457,1.0,0.1,0.5787899047380629,unknown,fallback,0.0,74,255
1.0114882574727138,11.143070125579834,-1.3489152948061625,1.0,0.1,0.5715252254745663,unknown,fallback,0.0,30,256
0.9792226110585034,13.155126889546713,-1.2653985619544983,1.0,0.1,0.5655099616760655,unknown,fallback,0.0,24,257
1.7312299410502117,15.960808118184408,-1.1481892069180806,1.0,0.1,0.5568582297558405,unknown,fallback,0.0,6,258
0.7415236309170723,16.033593241373698,-1.1488661607106527,1.0,0.1,0.5569070580302992,unknown,fallback,0.0,15,259
0.9806174506743749,20.4721066792806,-0.9738500992457072,1.0,0.1,0.5435845758018734,unknown,fallback,0.0,15,260
0.9381410300731658,27.40599479675293,-0.6451080977916718,1.0,0.1,0.5227848588930649,unknown,fallback,0.0,10,261
3.3815303643544516,-40.3757069905599,0.9292338093121847,1.0,0.1,0.48355379315173586,unknown,fallback,0.0,3,262
3.853379726409912,-39.24495887756348,0.9041416347026825,1.0,0.1,0.48710397050698695,unknown,fallback,0.0,2,263
3.8038511276245117,-37.10211944580078,-3.4790921211242676,1.0,0.1,0.4931101927924425,unknown,fallback,0.0,1,264
2.6509690284729004,-24.420935524834526,-2.864325841267904,1.0,0.1,0.531727312683518,unknown,fallback,0.0,9,265
3.552963972091675,-22.446350574493408,-2.6492037177085876,1.0,0.1,0.5379735435829593,unknown,fallback,0.0,8,266
2.4521935515933566,-18.567205005221897,-2.625019391377767,1.0,0.1,0.5491343133635521,unknown,fallback,0.0,9,267
3.3611574343272617,-16.832604816981725,-2.4052291257040843,1.0,0.1,0.5551529999736847,unknown,fallback,0.0,14,268
2.5259182850519815,-14.848916610081991,-2.4647433360417685,1.0,0.1,0.5612912101382088,unknown,fallback,0.0,12,269
2.979393449322931,-12.940345237995016,-2.307050293889539,1.0,0.1,0.5669662683367982,unknown,fallback,0.0,29,270
2.9876455821489034,-10.788621526015433,-2.2058575467059485,1.0,0.1,0.5739147441747765,unknown,fallback,0.0,38,271
2.8610980914189263,-8.840746468764085,-2.1256340430333065,1.0,0.1,0.5798318940835059,unknown,fallback,0.0,65,272
2.9625815508019833,-6.92281531559602,-2.0404126962632625,1.0,0.1,0.5852879031697199,unknown,fallback,0.0,131,273
2.933543895374645,-4.912373851429332,-1.9540005670894276,1.0,0.1,0.5909729463656787,unknown,fallback,0.0,275,274
3.1333480042926336,-2.903534775568267,-1.8339838698758917,1.0,0.1,0.5948290763050221,unknown,fallback,0.0,472,275
3.227100560117082,-0.9967084978491093,-1.720636718967823,1.0,0.1,0.5965126206942969,unknown,fallback,0.0,683,276
3.2460390171556,1.0121576551966625,-1.6387758158040389,1.0,0.1,0.5959955883415332,unknown,fallback,0.0,627,277
3.073356974599512,2.9770691986664675,-1.581536196713146,1.0,0.1,0.594369489344132,unknown,fallback,0.0,427,278
2.8471881496399987,4.853497950726955,-1.5279005494357076,1.0,0.1,0.5911245830581359,unknown,fallback,0.0,259,279
2.968460449465999,6.800867292616102,-1.4325785979076668,1.0,0.1,0.5854142099185276,unknown,fallback,0.0,108,280
2.9749690353870393,8.914565694332122,-1.3395585149526597,1.0,0.1,0.5800439800708289,unknown,fallback,0.0,80,281
2.9614322619004683,11.381467674717758,-1.2434754046526821,1.0,0.1,0.5730816779148958,unknown,fallback,0.0,33,282
2.4126944541931152,12.898981412251791,-1.2567392488320668,1.0,0.1,0.5664730450794273,unknown,fallback,0.0,12,283
2.9862759494781494,14.861444053649903,-1.085829391479492,1.0,0.1,0.5611577635556817,unknown,fallback,0.0,25,284
3.2194221871239797,18.466353280203684,-0.8917389171464103,1.0,0.1,0.5492613328008658,unknown,fallback,0.0,14,285
2.2563392162322997,20.262364196777344,-0.9679779767990112,1.0,0.1,0.5439299087876547,unknown,fallback,0.0,5,286
3.3249709606170654,25.709110260009766,-0.6101579533682929,1.0,0.1,0.5273782940581863,unknown,fallback,0.0,9,287
2.3941066741943358,27.334346771240234,-0.6449644684791564,1.0,0.1,0.5227247530728434,unknown,fallback,0.0,5,288
3.2771569887797036,41.58081309000651,0.004575822502374649,1.0,0.1,0.47987466558271163,unknown,fallback,0.0,6,289
3.091833710670471,47.90656089782715,1.6933123469352722,1.0,0.1,0.4835605465291598,unknown,fallback,0.0,2,290
3.0412395000457764,57.342315673828125,2.70202898979187,1.0,0.2,0.4327312775318678,unknown,fallback,0.0,1,291
4.270761489868164,-44.624305725097656,-0.009641202166676521,1.0,0.1,0.47051538159940776,unknown,fallback,0.0,1,292
4.861668056911892,-42.82589594523112,0.8727596363880568,1.0,0.1,0.5395358226783133,unknown,fallback,0.0,9,293
5.335823102430864,-41.08020088889382,0.8697027459063313,1.0,0.1,0.5226508096281184,unknown,fallback,0.0,11,294
4.8813982009887695,-39.167493184407554,0.30016913016637164,1.0,0.1,0.5209991869495012,unknown,fallback,0.0,3,295
4.631782174110413,-36.21263599395752,-0.4310715028550476,1.0,0.1,0.5123658111562719,unknown,fallback,0.0,4,296
4.4737381140391035,-34.74616305033366,-3.2677603165308633,1.0,0.1,0.5010503964327655,unknown,fallback,0.0,6,297
5.5842334747314455,-33.42274475097656,-3.1604932308197022,1.0,0.1,0.5041977099454586,unknown,fallback,0.0,5,298
5.819815397262573,-29.113807678222656,-2.7683939933776855,1.0,0.1,0.516131681253687,unknown,fallback,0.0,2,299
5.123612017858596,-25.31357192993164,-0.5795496837901217,1.0,0.1,0.5491112487470875,unknown,fallback,0.0,21,300
4.494210243225098,-22.14216068812779,-2.6335833072662354,1.0,0.1,0.5373071958920175,unknown,fallback,0.0,7,301
5.04697585105896,-20.85579554239909,-2.5006889502207437,1.0,0.1,0.5424663336862364,unknown,fallback,0.0,6,302
5.418735861778259,-19.754423141479492,-2.3868064284324646,1.0,0.1,0.5437574409096745,unknown,fallback,0.0,4,303
5.015518796855006,-16.348694439592034,-0.0498024992933818,1.0,0.1,0.6216253310779282,unknown,fallback,0.0,29,304
5.195379339415451,-15.47328337307634,-0.2612758169416338,1.0,0.1,0.6119275018800809,unknown,fallback,0.0,58,305
4.537043780088425,-12.824841678142548,-2.2025176137685776,1.0,0.1,0.56630088180315,unknown,fallback,0.0,16,306
5.228491855704266,-11.145181469295336,-1.9641238140023274,1.0,0.1,0.5764683091286497,unknown,fallback,0.0,46,307
4.771846172421477,-8.956912085067394,-2.0064463449078938,1.0,0.1,0.576115103349285,unknown,fallback,0.0,43,308
4.900419248234142,-6.459445409341292,-0.6270323942140252,1.0,0.1,0.628960636695175,unknown,fallback,0.0,220,309
5.05313590761564,-5.3531860425767706,-0.7588771079903098,1.0,0.1,0.6290628431358268,unknown,fallback,0.0,347,310
5.090160733580325,-2.9761759404861214,-1.514968574707894,1.0,0.1,0.599322362678114,unknown,fallback,0.0,451,311
4.85186479555236,-0.8913257022039034,-1.3192031939824422,1.0,0.05,0.8461022870159212,vehicle,annotation,0.0,720,312
4.768060129295368,0.9549643577272084,-1.534800662201658,1.0,0.1,0.5965318676634161,unknown,fallback,0.0,397,313
4.906091672092227,2.9911413624059016,-0.7980673681177086,1.0,0.1,0.6277030622078206,unknown,fallback,0.0,398,314
4.756634974825209,4.918693922568059,-1.4067726005678591,1.0,0.1,0.5865759740558046,unknown,fallback,0.0,138,315
5.229019922546193,6.8695844155323655,-0.9784970457040811,1.0,0.05,0.8323696761293823,vehicle,annotation,0.0,158,316
5.223366144226818,9.13124164720861,-0.8742437770238101,1.0,0.05,0.8302766476785496,vehicle,annotation,0.0,82,317
5.0336006971505975,10.694626368009127,-0.9296339462296321,1.0,0.1,0.5834050855239258,unknown,fallback,0.0,39,318
5.198433665486125,12.873506385010558,0.18688193431075711,1.0,0.1,0.5986909827258667,unknown,fallback,0.0,77,319
5.154740844454084,14.735879216875349,-0.7567018696240017,1.0,0.05,0.8099089262285704,vehicle,annotation,0.0,14,320
4.975918906075614,16.918790817260742,-0.7765172358070102,1.0,0.1,0.5576045655774308,unknown,fallback,0.0,14,321
4.457403659820557,18.08953921000163,-0.8113195796807607,1.0,0.1,0.55560058377629,unknown,fallback,0.0,6,322
5.477344512939453,20.871592712402343,-0.3055914363823831,1.0,0.05,0.7901490059715761,vehicle,annotation,0.0,5,323
5.8494486808776855,22.982114791870117,0.27535416022874415,1.0,0.05,0.7849597747854722,vehicle,annotation,0.0,2,324
4.868185736916282,24.969587672840465,-0.5456671821990643,1.0,0.1,0.5355774671246643,unknown,fallback,0.0,11,325
4.4508795738220215,26.008214950561523,-0.6203489303588867,1.0,0.1,0.5258410575799708,unknown,fallback,0.0,1,326
4.97991943359375,31.90428352355957,0.0010245481971651316,1.0,0.05,0.7481303281406583,vehicle,annotation,0.0,2,327
5.290764331817627,32.02857208251953,0.001144467038102448,1.0,0.05,0.7476121437152462,vehicle,annotation,0.0,1,328
4.213906288146973,41.160457611083984,0.004603173583745956,1.0,0.1,0.4808732376569581,unknown,fallback,0.0,2,329
4.751073837280273,44.86979389190674,2.1260564029216766,1.0,0.1,0.5002189291601417,unknown,fallback,0.0,4,330
4.757543563842773,53.97798538208008,2.549962282180786,1.0,0.2,0.4424382759071829,unknown,fallback,0.0,1,331
4.7636168003082275,54.09892272949219,2.5556968450546265,1.0,0.2,0.44215997620768566,unknown,fallback,0.0,2,332
4.593605677286784,63.57776769002279,2.50000270207723,1.0,0.2,0.4420575189403697,unknown,fallback,0.0,3,333
5.865850448608398,66.74747467041016,1.5775389671325684,1.0,0.1,0.6439858159550367,vehicle,annotation,0.0,1,334
5.3347344398498535,78.75727462768555,5.559889554977417,1.0,0.2,0.36877204317117046,unknown,fallback,0.0,2,335
6.605599244435628,-49.458550771077476,-3.1053539911905923,1.0,0.1,0.477103941405452,unknown,fallback,0.0,3,336
6.720247220993042,-42.58856620788574,-0.09428300857543945,1.0,0.1,0.5567042004790976,unknown,fallback,0.0,10,337
6.862524151802063,-40.66798464457194,0.7881509296906491,1.0,0.1,0.5255389612966429,unknown,fallback,0.0,12,338
6.94096565246582,-39.46542612711588,0.5249058952968981,1.0,0.1,0.5588588208811534,unknown,fallback,0.0,9,339
6.099837779998779,-32.95494079589844,-3.125667095184326,1.0,0.1,0.504455854003173,unknown,fallback,0.0,1,340
7.128712773323059,-30.18849468231201,-2.8925021290779114,1.0,0.1,0.5121720221752444,unknown,fallback,0.0,4,341
6.35680627822876,-29.572030067443848,-2.8204950094223022,1.0,0.1,0.5159984316699657,unknown,fallback,0.0,2,342
6.952849107630112,-24.85590699139763,-1.5222281217575073,1.0,0.05,0.7839345788519428,vehicle,annotation,0.0,17,343
6.993658661842346,-22.993406295776367,-2.8015313744544983,1.0,0.05,0.7733401386800581,vehicle,annotation,0.0,4,344
6.964220643043518,-21.77884578704834,-2.399500608444214,1.0,0.05,0.7874956466454894,vehicle,annotation,0.0,4,345
6.753073374430339,-18.864042282104492,-2.3343087832132974,1.0,0.1,0.5477722799859107,unknown,fallback,0.0,3,346
7.007979758950167,-16.640974044799805,-1.7261007109353708,1.0,0.05,0.8238066464854336,vehicle,annotation,0.0,43,347
6.239136695861816,-15.197209676106771,-2.300610303878784,1.0,0.1,0.5562800830822897,unknown,fallback,0.0,3,348
7.248304605484009,-12.239752769470215,-1.3240238428115845,1.0,0.05,0.8029980652030786,vehicle,annotation,0.0,2,349
7.044851225965163,-10.948629084755392,-1.684143207529012,1.0,0.05,0.8190540082998726,vehicle,annotation,0.0,68,350
7.156801594628228,-9.74153921339247,-2.265321413675944,1.0,0.1,0.5691539985896964,unknown,fallback,0.0,18,351
7.172991819159929,-6.729436741318813,-1.4780162001071975,1.0,0.05,0.8466413228000463,vehicle,annotation,0.0,43,352
6.861690813919593,-5.215731436630775,-1.157999941809424,1.0,0.05,0.8409261654846855,vehicle,annotation,0.0,145,353
6.845630147116525,-2.830257703236171,-1.1241519703183855,1.0,0.05,0.8426525157810697,vehicle,annotation,0.0,175,354
7.058074312210083,-0.7118124491162598,-0.6799919675290584,1.0,0.05,0.8442126337325554,vehicle,annotation,0.0,100,355
6.711372679279696,1.2948295448215739,-1.150947580114007,1.0,0.05,0.8430285970196999,vehicle,annotation,0.0,248,356
6.826724138416227,3.181912163241965,-0.8913931650544715,1.0,0.05,0.8406730797780456,vehicle,annotation,0.0,244,357
6.569676062020149,4.712501960564714,-0.7509631555635503,1.0,0.05,0.8418605633512637,vehicle,annotation,0.0,181,358
6.861395899929217,6.6518470813978965,-0.7318669802043587,1.0,0.05,0.8371816900816619,vehicle,annotation,0.0,134,359
6.514017238173374,9.053925248079521,-0.33696067306148103,1.0,0.05,0.827169502066952,vehicle,annotation,0.0,43,360
6.394835985623873,11.382415404686562,-0.3729968979739799,1.0,0.05,0.8273861879744646,vehicle,annotation,0.0,26,361
6.6515129293714255,12.520773717335292,-0.14372556049576296,1.0,0.05,0.827812227600118,vehicle,annotation,0.0,28,362
6.4986497561136884,14.973125378290812,-0.30976026780748117,1.0,0.05,0.8209646051505805,vehicle,annotation,0.0,24,363
6.221128066380818,17.624895731608074,-0.7391118903954824,1.0,0.1,0.5572313211639314,unknown,fallback,0.0,6,364
6.412551561991374,18.693277994791668,-0.3195166706573218,1.0,0.05,0.8035685878839507,vehicle,annotation,0.0,3,365
6.653984387715657,22.831565856933594,0.5560554464658102,1.0,0.05,0.7737690784084874,vehicle,annotation,0.0,3,366
6.723377466201782,28.381028652191162,-0.15117837488651276,1.0,0.1,0.5538166891539875,unknown,fallback,0.0,4,367
7.4918538729349775,33.202643076578774,0.002106155346458157,1.0,0.05,0.7428901486026284,vehicle,annotation,0.0,3,368
7.253562246050153,40.09273747035435,2.190451604979379,1.0,0.1,0.499999929022075,unknown,fallback,0.0,7,369
6.215518951416016,55.82886505126953,1.3216184377670288,1.0,0.1,0.6764786255730909,vehicle,annotation,0.0,1,370
6.6329474449157715,66.74896240234375,1.5793535709381104,1.0,0.1,0.6437668522276495,vehicle,annotation,0.0,1,371
7.324857393900554,77.64073689778645,7.322141806284587,1.0,0.2,0.3719636978869159,unknown,fallback,0.0,3,372
6.696937084197998,78.52683448791504,5.556439816951752,1.0,0.2,0.42137466320315864,unknown,fallback,0.0,4,373
8.543087005615234,-47.82798385620117,-2.2710630893707275,1.0,0.1,0.4592450571060763,unknown,fallback,0.0,1,374
9.333478291829428,-42.49801762898763,1.3348321424176295,1.0,0.1,0.5124936784782459,unknown,fallback,0.0,3,375
9.005784381519664,-40.77339831265536,0.7840013442222368,1.0,0.1,0.519496695934441,unknown,fallback,0.0,11,376
9.226933479309082,-39.77533213297526,0.30874065558115643,1.0,0.1,0.5181188627755194,unknown,fallback,0.0,3,377
8.437433242797852,-24.710342407226562,-1.220607340335846,1.0,0.05,0.7667207934612393,vehicle,annotation,0.0,2,378
8.922662496566772,-16.556206226348877,-1.3083068281412125,1.0,0.05,0.8088630154324726,vehicle,annotation,0.0,4,379
8.9989257292314,-12.209368532354182,-2.482020941647616,1.0,0.1,0.5600118810638336,unknown,fallback,0.0,11,380
8.311444950103759,-10.977230978012084,-1.3737431436777114,1.0,0.05,0.8201854262153301,vehicle,annotation,0.0,20,381
8.29313039779663,-6.04708456993103,-2.169834017753601,1.0,0.1,0.5742089477494076,unknown,fallback,0.0,2,382
8.503881454467773,-5.159723281860352,-0.6134441792964935,1.0,0.05,0.8262617133395589,vehicle,annotation,0.0,11,383
8.694746280538626,-2.8167155693317283,-1.2029758845937664,1.0,0.05,0.8448218776502516,vehicle,annotation,0.0,29,384
8.936165237426758,1.0631670395533244,-1.283318637063106,1.0,0.05,0.8444271156971083,vehicle,annotation,0.0,60,385
8.509342193603516,3.691186472221657,-0.7559064069279918,1.0,0.05,0.8326302267016231,vehicle,annotation,0.0,27,386
8.66508268055163,4.86324059335809,-1.2220332224755304,1.0,0.1,0.6052260423479944,unknown,fallback,0.0,19,387
8.263926579402042,7.153440622182993,-0.9819203774229839,1.0,0.1,0.6030419614144682,unknown,fallback,0.0,13,388
9.071928977966309,8.076879024505615,-0.2920752465724945,1.0,0.05,0.8087712631164842,vehicle,annotation,0.0,2,389
8.309179306030273,40.03195571899414,1.6830527931451797,1.0,0.1,0.4990141780197277,unknown,fallback,0.0,4,390
9.82334041595459,75.86809539794922,5.388753890991211,1.0,0.2,0.3754957663872833,unknown,fallback,0.0,1,391
9.135658979415894,76.7454891204834,5.0032846331596375,1.0,0.2,0.43468492617498766,unknown,fallback,0.0,4,392
8.81208610534668,78.64739227294922,7.43026876449585,1.0,0.2,0.3675814106777467,unknown,fallback,0.0,1,393
11.300496419270834,-52.63917668660482,-2.930595556894938,1.0,0.1,0.46627430985778795,unknown,fallback,0.0,3,394
10.793127059936523,-47.694400787353516,-1.143126130104065,1.0,0.1,0.45829885098006296,unknown,fallback,0.0,1,395
10.305809020996094,-45.73223876953125,2.1711747646331787,1.0,0.1,0.4643627849320957,unknown,fallback,0.0,1,396
10.608018493652343,-42.99482650756836,0.3925429340451956,1.0,0.1,0.4918584179032297,unknown,fallback,0.0,5,397
11.203969955444336,-41.050263214111325,-0.995123279094696,1.0,0.1,0.4777036371283726,unknown,fallback,0.0,5,398
10.594968795776367,0.919964800862705,-1.8016045409090378,1.0,0.1,0.5926398835785878,unknown,fallback,0.0,17,399
10.325199127197266,2.6837708950042725,-0.506926029920578,1.0,0.05,0.8131026496372511,vehicle,annotation,0.0,2,400
10.256146430969238,75.76905059814453,5.385859489440918,1.0,0.2,0.37561988291611015,unknown,fallback,0.0,1,401
11.126357396443685,76.63146209716797,4.851280053456624,1.0,0.2,0.4068820218110897,unknown,fallback,0.0,3,402
11.411184310913086,78.89872741699219,7.484715223312378,1.0,0.2,0.3668125942197071,unknown,fallback,0.0,2,403
12.136577606201172,-52.1006965637207,-2.5005249977111816,1.0,0.2,0.44451320339122546,unknown,fallback,0.0,1,404
13.115823745727539,-51.16007614135742,1.2130515575408936,1.0,0.2,0.4465563065001755,unknown,fallback,0.0,1,405
12.867749214172363,-48.98658752441406,-0.01044110069051385,1.0,0.1,0.45305764335404153,unknown,fallback,0.0,2,406
12.192999839782715,-47.464210510253906,-1.1455575227737427,1.0,0.1,0.45798406644145084,unknown,fallback,0.0,1,407
12.992851972579956,-38.26081371307373,1.1655092388391495,1.0,0.1,0.5006557341025114,unknown,fallback,0.0,4,408
13.367289066314697,-36.77405405044556,1.0146922394633293,1.0,0.1,0.5209782166017523,unknown,fallback,0.0,8,409
13.477523591783312,-35.46027035183377,0.09378316005071004,1.0,0.1,0.5366258019490588,unknown,fallback,0.0,9,410
13.123270695026104,1.0513504560177143,-2.1726786356705885,1.0,0.1,0.5662835290505974,unknown,fallback,0.0,13,411
13.006128549575806,77.42533302307129,4.616977274417877,1.0,0.2,0.40703301349281884,unknown,fallback,0.0,4,412
14.116706848144531,-53.77181625366211,1.277294635772705,1.0,0.2,0.43821808635500537,unknown,fallback,0.0,1,413
14.202521324157715,-50.47316360473633,-0.010618861764669418,1.0,0.2,0.44770007404292045,unknown,fallback,0.0,1,414
14.991844367980956,-38.86559829711914,1.925768907740712,1.0,0.1,0.5288701590628555,unknown,fallback,0.0,5,415
15.063804229100546,-36.65815385182699,1.765171290608123,1.0,0.1,0.5350120319265028,unknown,fallback,0.0,12,416
15.126515759362114,-35.414312574598526,0.5379775879490707,1.0,0.1,0.5357451612669625,unknown,fallback,0.0,18,417
16.69066572189331,-38.40202331542969,-0.7357360885944217,1.0,0.1,0.4961579945040041,unknown,fallback,0.0,4,418
16.657967567443848,-36.51004981994629,1.9458976209163665,1.0,0.1,0.5197176974983739,unknown,fallback,0.0,10,419
16.950449562072755,-35.18342113494873,0.6291519096586853,1.0,0.1,0.5308435028459093,unknown,fallback,0.0,20,420
16.530736650739396,1.3211015250001634,-2.339291674750192,1.0,0.1,0.5564944549313517,unknown,fallback,0.0,14,421
18.328266143798828,-38.20726013183594,-0.009424173273146152,1.0,0.1,0.47787218793836916,unknown,fallback,0.0,1,422
19.083927790323894,-37.01097742716471,-0.009296623058617115,1.0,0.1,0.4800763427409248,unknown,fallback,0.0,3,423
18.087190628051758,-35.139488220214844,1.8287758827209473,1.0,0.1,0.4864362160069656,unknown,fallback,0.0,1,424
19.664947509765625,-24.411962509155273,-2.192664623260498,1.0,0.1,0.5109580590002941,unknown,fallback,0.0,1,425
19.68684959411621,-22.524234771728516,-2.0924432277679443,1.0,0.1,0.5152547004521146,unknown,fallback,0.0,1,426
19.892212867736816,1.8613048791885376,-2.3400202989578247,1.0,0.1,0.5452945283393013,unknown,fallback,0.0,2,427
19.749788920084637,2.134717067082723,-2.327009916305542,1.0,0.1,0.5455548857351826,unknown,fallback,0.0,3,428
18.277379989624023,79.13982391357422,1.9146140813827515,1.0,0.2,0.36133102549727475,unknown,fallback,0.0,1,429
21.546579360961914,-42.33897399902344,-1.1102184653282166,1.0,0.1,0.4625345906282452,unknown,fallback,0.0,2,430
20.28158696492513,-21.901899337768555,-2.0879334608713784,1.0,0.1,0.5157355062990708,unknown,fallback,0.0,3,431
20.220511542426216,1.2470929755104914,-2.37225612004598,1.0,0.1,0.5447187815942742,unknown,fallback,0.0,9,432
23.50972557067871,-44.33266830444336,1.152553379535675,1.0,0.1,0.45448591172564745,unknown,fallback,0.0,2,433
23.277015447616577,-42.82333517074585,-0.1470215026056394,1.0,0.1,0.5007747403844836,unknown,fallback,0.0,8,434
23.449365888323104,-41.26761736188616,-0.14676002093723842,1.0,0.1,0.6126061762939716,unknown,fallback,0.0,7,435
22.424232482910156,-5.703952789306641,-2.1603541374206543,1.0,0.05,0.7755850771171487,vehicle,annotation,0.0,1,436
23.919580936431885,0.7659812718629837,-1.398485153913498,1.0,0.1,0.5581407289330823,unknown,fallback,0.0,4,437
23.008869171142578,2.646817684173584,-2.1671152114868164,1.0,0.1,0.5355277552061677,unknown,fallback,0.0,3,438
23.676098142351425,5.639262403760638,2.8487580163138255,1.0,0.1,0.5325463339443186,unknown,fallback,0.0,7,439
23.586457661220006,6.786432220822289,3.1256085463932584,1.0,0.1,0.5438742655411059,unknown,fallback,0.0,21,440
23.676956335703533,8.777060270309448,1.829365284803013,1.0,0.1,0.5945434974986681,unknown,fallback,0.0,12,441
23.47590923309326,10.031219005584717,-0.29998995747882873,1.0,0.1,0.5403177735424068,unknown,fallback,0.0,2,442
23.7740695476532,27.013893127441406,4.2332717180252075,1.0,0.1,0.49865326113933717,unknown,fallback,0.0,8,443
23.353901227315266,28.832894325256348,4.365509510040283,1.0,0.1,0.49506598001012925,unknown,fallback,0.0,6,444
24.44542058308919,-45.277400970458984,1.598025797555844,1.0,0.1,0.49611042799529426,unknown,fallback,0.0,3,445
24.500402450561523,-42.84684626261393,0.7507682011152307,1.0,0.1,0.47844327355238403,unknown,fallback,0.0,6,446
24.429681873321535,-40.581227493286136,2.0499671516008675,1.0,0.1,0.6011951615988776,unknown,fallback,0.0,20,447
24.41740878423055,-38.9467970530192,1.3081050297090162,1.0,0.1,0.5945894016938119,unknown,fallback,0.0,36,448
24.420580863952637,-36.98093185424805,2.3482297097332774,1.0,0.1,0.6101877103265748,unknown,fallback,0.0,40,449
24.406298737776908,-35.09440763373124,1.7335165261634087,1.0,0.1,0.5873887630448678,unknown,fallback,0.0,38,450
24.37078150580911,-33.099062751321235,-0.2740398431196809,1.0,0.1,0.5576265036359682,unknown,fallback,0.0,17,451
24.34737926059299,-31.03291787041558,-1.4327829215261672,1.0,0.1,0.5048896577511177,unknown,fallback,0.0,9,452
24.326911290486652,-28.81773503621419,-1.7622151374816895,1.0,0.1,0.4929434297959894,unknown,fallback,0.0,3,453
24.310910330878365,-26.898486879136826,-1.4132701026068792,1.0,0.1,0.5123610076279285,unknown,fallback,0.0,9,454
24.35048768785265,-24.74287011888292,0.6891223124849299,1.0,0.1,0.5968818619794711,unknown,fallback,0.0,45,455
24.386529343037665,-23.0033788560312,1.7957868006410478,1.0,0.1,0.5998479770019345,unknown,fallback,0.0,79,456
24.37228228947888,-20.988035358794747,2.2544584494811315,1.0,0.1,0.5856631711839803,unknown,fallback,0.0,73,457
24.36654709546994,-18.963500829843376,2.8026187498994077,1.0,0.1,0.5861695670835759,unknown,fallback,0.0,78,458
24.35573404888774,-16.98314123375471,2.688853900235276,1.0,0.1,0.587741682105387,unknown,fallback,0.0,86,459
24.35723636700557,-14.96321400312277,2.4064072923501953,1.0,0.1,0.5970899962826497,unknown,fallback,0.0,104,460
24.35195002008657,-12.980772370197734,1.9365031326105666,1.0,0.1,0.603676106682291,unknown,fallback,0.0,122,461
24.334654639748965,-10.993571946600905,2.0994798750029644,1.0,0.1,0.5989444361601189,unknown,fallback,0.0,119,462
24.322979634202373,-8.991199560991422,2.1018075695166027,1.0,0.1,0.5962103650003656,unknown,fallback,0.0,127,463
24.310248236820616,-6.968112393083244,1.7290788132055053,1.0,0.1,0.6052624914065848,unknown,fallback,0.0,145,464
24.32238366603851,-5.028436291217804,1.640997418979532,1.0,0.1,0.6102337614345658,unknown,fallback,0.0,160,465
24.639214379446848,-3.7668446472712924,1.0815849514744644,1.0,0.1,0.5785924009985044,unknown,fallback,0.0,14,466
24.920491960313583,-0.31699813364280593,0.5129793996715711,1.0,0.1,0.5673057668526903,unknown,fallback,0.0,9,467
24.810522637716154,1.2371765215222428,-1.1297585956820446,1.0,0.1,0.5731050073946306,unknown,fallback,0.0,41,468
24.829385386572945,2.752154767513275,-0.30182792318777907,1.0,0.1,0.5951673678473575,unknown,fallback,0.0,36,469
24.628062402048418,5.10457843349826,3.038167122871645,1.0,0.1,0.5544650797401477,unknown,fallback,0.0,31,470
24.39488395379514,6.633379498306586,2.350033339759221,1.0,0.1,0.5957287178707067,unknown,fallback,0.0,49,471
24.57203619820731,8.906441188993908,3.1462238975689703,1.0,0.1,0.5769432462010592,unknown,fallback,0.0,21,472
24.525940895080566,10.872265656789144,3.252293845017751,1.0,0.1,0.534050105464533,unknown,fallback,0.0,12,473
24.554879698642466,13.496211850365928,2.739597858335866,1.0,0.1,0.5877335430509024,unknown,fallback,0.0,43,474
24.261011291952695,14.803846331203685,2.81985462939038,1.0,0.1,0.583014687166611,unknown,fallback,0.0,68,475
24.249579429626465,16.515429496765137,3.1378310322761536,1.0,0.1,0.6153545187539432,unknown,fallback,0.0,2,476
24.217935313349184,19.39754510962445,2.611802067445672,1.0,0.1,0.5944235348441568,unknown,fallback,0.0,23,477
24.221600154660784,21.134748134972913,3.1040760020040117,1.0,0.1,0.5786395652740524,unknown,fallback,0.0,53,478
24.241043167114256,22.890314598083496,3.6976388025283815,1.0,0.1,0.5786809053103642,unknown,fallback,0.0,50,479
24.261426389217377,25.02744150161743,5.111949518322945,1.0,0.1,0.543422545640419,unknown,fallback,0.0,32,480
24.27881976536342,26.917714346022834,5.624765203112648,1.0,0.1,0.5414124145539461,unknown,fallback,0.0,21,481
24.24778275740774,28.83292760347065,6.091515403044851,1.0,0.1,0.5304064994776653,unknown,fallback,0.0,19,482
24.270007046786223,31.09162538701838,5.618884595957669,1.0,0.1,0.5484431147315714,unknown,fallback,0.0,22,483
24.222448110580444,33.01139144897461,4.340043252706527,1.0,0.1,0.5707964440177272,unknown,fallback,0.0,40,484
24.217645287513733,34.95241057872772,4.851924724876881,1.0,0.1,0.5639308071298402,unknown,fallback,0.0,32,485
24.186671998765732,36.893010739926936,4.385854067625822,1.0,0.1,0.5483243857723333,unknown,fallback,0.0,27,486
24.204319173639472,38.864649685946375,5.046504107388583,1.0,0.1,0.539688290876399,unknown,fallback,0.0,22,487
24.20894964536031,40.91445334752401,5.039142449696858,1.0,0.1,0.539497711021014,unknown,fallback,0.0,24,488
24.199682737651624,42.923608478746914,5.067474729136417,1.0,0.1,0.5389709292149591,unknown,fallback,0.0,19,489
24.187200297480043,45.01311260720958,5.545046702675197,1.0,0.1,0.5322070949861277,unknown,fallback,0.0,23,490
24.15658810933431,47.2240229288737,4.992858521143595,1.0,0.1,0.5169402867510595,unknown,fallback,0.0,15,491
24.148771632801402,49.06059611927379,4.909554589878429,1.0,0.1,0.5165089780885125,unknown,fallback,0.0,11,492
24.17291784286499,50.95177149772644,6.148540213704109,1.0,0.1,0.5329411808087812,unknown,fallback,0.0,16,493
24.153110376993816,53.0295405069987,5.945579290390015,1.0,0.1,0.5361752946640742,unknown,fallback,0.0,15,494
24.160842895507812,55.05702667236328,7.085090907414754,1.0,0.1,0.5368696265450047,unknown,fallback,0.0,15,495
24.159216117858886,57.023688888549806,7.455015707015991,1.0,0.1,0.5302285536336336,unknown,fallback,0.0,10,496
24.249631881713867,58.671905517578125,10.498967170715332,1.0,0.1,0.4758681744542035,unknown,fallback,0.0,2,497
24.21770668029785,60.60659599304199,10.022142887115479,1.0,0.1,0.5034335647883701,unknown,fallback,0.0,2,498
24.235191345214844,63.83658981323242,11.277145385742188,1.0,0.2,0.4001534909091722,unknown,fallback,0.0,1,499
24.092936515808105,69.6817855834961,7.797658443450928,1.0,0.2,0.41906900190332863,unknown,fallback,0.0,2,500
24.061935424804688,70.98164367675781,7.036523818969727,1.0,0.2,0.3801526422681931,unknown,fallback,0.0,1,501
26.298173904418945,-45.060829162597656,-0.009946108795702457,1.0,0.2,0.44847955251868576,unknown,fallback,0.0,1,502
26.770867665608723,9.135073407491047,0.9251139049107829,1.0,0.1,0.5364454514646501,unknown,fallback,0.0,15,503
27.236992899576823,11.140958213806153,1.2475110390999664,1.0,0.1,0.5428178178767487,unknown,fallback,0.0,15,504
27.798438531381112,13.013453518902814,1.4635396987799107,1.0,0.1,0.5394466402190469,unknown,fallback,0.0,27,505
27.177491244147806,14.093782424926758,3.001350469448987,1.0,0.1,0.5737859176478937,unknown,fallback,0.0,17,506
28.594972610473633,-50.379212379455566,2.702776789665222,1.0,0.1,0.5690943165035882,unknown,fallback,0.0,4,507
28.583231412447414,-48.93994580782377,2.74527024384588,1.0,0.1,0.5553379713478707,unknown,fallback,0.0,13,508
29.78021812438965,-4.24868631362915,-0.004213324980810285,1.0,0.1,0.5147552833681374,unknown,fallback,0.0,2,509
29.796014938354492,-2.9953309631347658,1.2515060472488404,1.0,0.1,0.5361568735162201,unknown,fallback,0.0,25,510
29.61943298837413,-0.9223816713480197,2.4093539973963862,1.0,0.1,0.5839943007936971,unknown,fallback,0.0,46,511
29.628265331953,0.8996795637485309,2.3676708875558314,1.0,0.1,0.5822202261583824,unknown,fallback,0.0,39,512
29.630498325123508,2.9618004209855022,2.160265540375429,1.0,0.1,0.5782910875329886,unknown,fallback,0.0,34,513
29.671108563741047,4.889406522115071,1.9811895688374836,1.0,0.1,0.5661248809927915,unknown,fallback,0.0,12,514
29.772069931030273,6.628214631761823,1.4227248089654105,1.0,0.1,0.5136544473604839,unknown,fallback,0.0,7,515
29.411037233140732,9.360937224494087,1.930102195849435,1.0,0.1,0.5397468422918168,unknown,fallback,0.0,9,516
28.5393556867327,10.498822212219238,2.1308082853044783,1.0,0.1,0.5157015876412554,unknown,fallback,0.0,7,517
31.37492847442627,11.516539335250854,5.80472457408905,1.0,0.1,0.5194522249392343,unknown,fallback,0.0,8,518
31.07577809420499,13.163944417780096,5.710105440833352,1.0,0.1,0.5287095819963422,unknown,fallback,0.0,22,519
33.04712390899658,1.1245682537555695,2.5036303997039795,1.0,0.1,0.519200498215723,unknown,fallback,0.0,4,520
32.83724247325551,3.0400899973782627,3.856886690313166,1.0,0.1,0.5192951598785533,unknown,fallback,0.0,11,521
33.219696925236626,5.249417194953332,4.48956639950092,1.0,0.1,0.536115959102104,unknown,fallback,0.0,13,522
33.21280648973253,6.804169204499987,5.8973373307122126,1.0,0.1,0.5258397110455628,unknown,fallback,0.0,18,523
32.263498306274414,9.236271540323893,5.257509281305829,1.0,0.1,0.5983780198775327,unknown,fallback,0.0,6,524
32.041943868001304,10.589954535166422,6.371031761169434,1.0,0.1,0.5045514427716111,unknown,fallback,0.0,6,525
34.62917938232422,-4.227912044525146,2.27969527952373,1.0,0.1,0.5758845129724808,unknown,fallback,0.0,5,526
34.663158089773994,-2.9648311001913887,3.233308481884056,1.0,0.1,0.5834412713378372,unknown,fallback,0.0,35,527
34.65698089599609,-1.1271063013002276,3.147537398291752,1.0,0.1,0.5781612179768479,unknown,fallback,0.0,25,528
34.62811198987459,0.9196683717401404,2.1332911399413685,1.0,0.1,0.5840960304486494,unknown,fallback,0.0,19,529
34.564811282687714,2.8928983211517334,-0.17330367697609794,1.0,0.1,0.5726542811465882,unknown,fallback,0.0,9,530
34.307534535725914,5.002950781867618,0.1866433032389198,1.0,0.1,0.5270758237557667,unknown,fallback,0.0,21,531
34.31065705243279,7.098628717310288,0.37939764793811587,1.0,0.1,0.5160167175660921,unknown,fallback,0.0,17,532
