x,y,elevation,occupancy,semantic_class,confidence,importance,resolution,point_count,region_id,semantic_source
-26.005449295043945,31.25728988647461,6.6808695793151855,1.0,unknown,0.0,0.4830175665238724,0.2,1,0,fallback
-24.56118392944336,29.479907035827637,4.04336142539978,1.0,unknown,0.0,0.6176310226830836,0.1,2,1,fallback
-25.032727813720705,31.410624694824218,1.9772790908813476,1.0,unknown,0.0,0.5772445204626308,0.1,10,2,fallback
-22.82749366760254,29.170964770846897,3.2703498668140836,1.0,unknown,0.0,0.5915985147328576,0.1,9,3,fallback
-22.868874277387345,31.086550167628697,1.6037639805248805,1.0,unknown,0.0,0.5408687841641029,0.1,14,4,fallback
-20.694095770517986,28.774152596791584,4.211357208235616,1.0,unknown,0.0,0.6297558109540318,0.1,12,5,fallback
-21.25862142774794,30.493634965684677,0.8693218436900578,1.0,unknown,0.0,0.5398001847689665,0.1,9,6,fallback
-20.77883529663086,74.52229309082031,5.410311222076416,1.0,unknown,0.0,0.37290521446144526,0.2,1,7,fallback
-18.48380470275879,27.96859359741211,4.711943626403809,1.0,unknown,0.0,0.5044264479251013,0.1,1,8,fallback
-18.691194025675454,28.579834111531575,2.393700474787814,1.0,unknown,0.0,0.6034864716369778,0.1,15,9,fallback
-19.13903045654297,30.227120399475098,0.8335615267618172,1.0,unknown,0.0,0.5696499314376514,0.1,6,10,fallback
-18.378469467163086,62.627723693847656,9.947559356689453,1.0,unknown,0.0,0.45251526426754496,0.2,2,11,fallback
-19.026390075683594,68.60798645019531,13.414660453796387,1.0,unknown,0.0,0.39140802000880204,0.2,1,12,fallback
-16.66039161682129,27.776320457458496,2.6463270624604776,1.0,unknown,0.0,0.5724105307069511,0.1,10,13,fallback
-16.90500511441912,29.062055247170584,1.8158764433049197,1.0,unknown,0.0,0.5763411256033424,0.1,28,14,fallback
-17.048789660135906,30.358727773030598,2.8242048819859824,1.0,unknown,0.0,0.5820692419337561,0.1,6,15,fallback
-16.364612579345703,48.711063385009766,3.5936264991760254,1.0,unknown,0.0,0.4508406208862572,0.2,1,16,fallback
-16.462689808436803,53.105272565569194,8.763570513044085,1.0,unknown,0.0,0.5246800619377023,0.1,7,17,fallback
-17.385411262512207,54.97258377075195,4.708779811859131,1.0,unknown,0.0,0.47147926762653347,0.2,2,18,fallback
-17.641135215759277,56.84898376464844,4.855909109115601,1.0,unknown,0.0,0.46503494637805276,0.2,2,19,fallback
-17.673283767700195,63.05332870483399,9.83076877593994,1.0,unknown,0.0,0.4982614561914873,0.2,5,20,fallback
-14.128142356872559,17.291975021362305,-1.0410394668579102,1.0,unknown,0.0,0.5380108123697617,0.1,1,21,fallback
-14.94877265481388,19.262823890237247,-0.23160746229490647,1.0,vehicle,0.0,0.7875872834758241,0.05,17,22,annotation
-14.52761697769165,20.068915367126465,-0.287055866632727,1.0,vehicle,0.0,0.786986106796775,0.05,2,23,annotation
-14.891753938463,22.42131339179145,-0.6246826648712158,1.0,unknown,0.0,0.5245795873091426,0.1,9,24,fallback
-14.827050654093425,27.113135401407877,4.201044511795044,1.0,unknown,0.0,0.5909739431235533,0.1,15,25,fallback
-15.012765526771545,29.075082619984943,1.8226293740178032,1.0,unknown,0.0,0.5830962135101528,0.1,24,26,fallback
-14.050337314605713,33.37504959106445,5.080137729644775,1.0,unknown,0.0,0.5408900345859167,0.1,2,27,fallback
-14.257161140441895,35.519891103108726,4.1794741948445635,1.0,unknown,0.0,0.5541055120763649,0.1,3,28,fallback
-14.633556365966797,37.70832443237305,3.7739343643188477,1.0,unknown,0.0,0.48365533249986936,0.2,1,29,fallback
-14.133156776428223,38.30973434448242,1.9045236110687256,1.0,unknown,0.0,0.4824992375774452,0.2,1,30,fallback
-14.736618518829346,44.89640712738037,7.489053130149841,1.0,unknown,0.0,0.5391220948656984,0.1,8,31,fallback
-15.885601043701172,53.50935363769531,7.1859681606292725,1.0,unknown,0.0,0.47468703006277957,0.2,2,32,fallback
-12.931636376814408,17.28974897211248,-1.0068643201481213,1.0,unknown,0.0,0.5411820162012402,0.1,11,33,fallback
-12.994815746943155,22.40642277399699,-0.6012243429819742,1.0,unknown,0.0,0.5277252676439235,0.1,12,34,fallback
-13.0791322072347,27.179936917622886,2.9796074133754398,1.0,unknown,0.0,0.5989056378060704,0.1,30,35,fallback
-13.159112001076723,28.762311250735554,1.4971734646600312,1.0,unknown,0.0,0.5825276429642797,0.1,39,36,fallback
-12.61814205463116,30.769009810227615,2.2164684442373424,1.0,unknown,0.0,0.5732321646851689,0.1,13,37,fallback
-13.733296871185303,33.38429069519043,3.791495680809021,1.0,unknown,0.0,0.5191319322756386,0.1,2,38,fallback
-13.016086769104003,34.664351272583005,1.9706509292125702,1.0,unknown,0.0,0.5647668539637052,0.1,10,39,fallback
-12.851908683776855,38.46929804484049,1.8920124371846516,1.0,unknown,0.0,0.48370627016578893,0.2,3,40,fallback
-12.279435157775879,40.34061813354492,1.966720700263977,1.0,unknown,0.0,0.4784956522774231,0.2,1,41,fallback
-10.056381361825126,7.744826861790249,2.30458927154541,1.0,unknown,0.0,0.5750818377902585,0.1,7,42,fallback
-10.186783163171066,9.097517942127428,2.1921751757985666,1.0,unknown,0.0,0.5963353820785462,0.1,38,43,fallback
-10.188434298221882,10.804610023131737,0.7993853141693902,1.0,unknown,0.0,0.6253926252370059,0.1,104,44,fallback
-10.413253466288248,12.809568246205648,-0.3349785202972271,1.0,unknown,0.0,0.6221214300104978,0.1,24,45,fallback
-11.748433113098145,14.111064910888672,2.5807900428771973,1.0,unknown,0.0,0.5499152425639334,0.1,1,46,fallback
-11.035776646931966,17.463706970214844,-0.9634639898935954,1.0,unknown,0.0,0.5436805358651718,0.1,15,47,fallback
-10.986695549704812,22.239687659523703,-0.5757870728319342,1.0,unknown,0.0,0.5309796866009181,0.1,11,48,fallback
-11.231932973861694,28.50795946121216,1.9506030922653737,1.0,unknown,0.0,0.6352533129005765,0.1,20,49,fallback
-11.376457405090331,31.13237609863281,3.4219758987426756,1.0,unknown,0.0,0.6097534747068577,0.1,5,50,fallback
-11.50320053100586,32.80999247233073,3.51924459139506,1.0,unknown,0.0,0.523587744682398,0.1,3,51,fallback
-11.723264694213867,34.88901329040527,2.136576235294342,1.0,unknown,0.0,0.5164259934598224,0.1,2,52,fallback
-11.824556350708008,38.05801773071289,1.8587311506271362,1.0,unknown,0.0,0.48544208257776933,0.2,1,53,fallback
-8.96546459197998,-4.605576753616333,-0.0464894101023674,1.0,unknown,0.0,0.5985111349690185,0.1,4,54,fallback
-8.191610874273838,-2.593246423281156,0.726838709881868,1.0,unknown,0.0,0.6130663115045966,0.1,117,55,fallback
-8.341477076834662,-0.9228633469072719,0.42503437845324166,1.0,unknown,0.0,0.6221243072067187,0.1,511,56,fallback
-9.190805508648907,1.0029357829855547,-0.22328386923962237,1.0,unknown,0.0,0.6444540260864172,0.1,675,57,fallback
-9.017515068534035,2.9207685990903363,-0.1417234941587171,1.0,unknown,0.0,0.6400900820783292,0.1,636,58,fallback
-9.086618193873653,4.906762131938228,0.04788893629766891,1.0,unknown,0.0,0.6382839396683561,0.1,432,59,fallback
-9.462646897742365,6.940674134081948,0.047670008681906045,1.0,unknown,0.0,0.6347360769172923,0.1,293,60,fallback
-9.63865083949581,8.788964636006932,-0.10315625097631895,1.0,unknown,0.0,0.6251236044396388,0.1,157,61,fallback
-9.139247197371263,10.98622021308312,-1.182328394972361,1.0,unknown,0.0,0.5798970417044543,0.1,26,62,fallback
-9.397049903869629,13.778789867054332,-1.1662513342770664,1.0,unknown,0.0,0.5557188124216292,0.1,11,63,fallback
-8.481943236456978,14.133914311726889,-1.1526101297802396,1.0,unknown,0.0,0.5559446475667063,0.1,9,64,fallback
-8.933597028255463,17.424090027809143,-0.9132813028991222,1.0,unknown,0.0,0.5469114525301864,0.1,16,65,fallback
-8.742543411254882,21.856769943237303,-0.5464371800422668,1.0,unknown,0.0,0.5347061227116681,0.1,10,66,fallback
-9.79584789276123,22.052777608235676,-0.5600486199061075,1.0,unknown,0.0,0.5327051198786747,0.1,3,67,fallback
-7.973114472169143,-2.6116288350178647,0.7697619655988232,1.0,unknown,0.0,0.6083977500304878,0.1,26,68,fallback
-7.943121910095215,-1.9921224117279053,0.38191547989845276,1.0,unknown,0.0,0.5804326306569569,0.1,1,69,fallback
-6.896407601237297,0.9595260332105682,-2.013175293058157,1.0,unknown,0.0,0.5863790174012927,0.1,160,70,fallback
-6.906894778552121,2.9534044918948656,-1.8546686376610848,1.0,unknown,0.0,0.5862542842662695,0.1,146,71,fallback
-6.851714624548858,4.864569731478421,-1.692437821964048,1.0,unknown,0.0,0.5831954809339815,0.1,106,72,fallback
-7.048395192848061,6.97315292538337,-0.8326506599420649,1.0,unknown,0.0,0.6413402218259682,0.1,106,73,fallback
-7.326833868026734,8.867056051890055,-0.8713037806245363,1.0,unknown,0.0,0.6259278837819766,0.1,60,74,fallback
-6.976030945777893,10.806425946099418,-1.3846578342573983,1.0,unknown,0.0,0.5696523951657873,0.1,28,75,fallback
-6.508158888135638,12.15834719794137,-1.2868194154330663,1.0,unknown,0.0,0.5639915189567918,0.1,14,76,fallback
-7.011639004661923,14.37397965930757,-1.1188861074901761,1.0,unknown,0.0,0.5577680273641976,0.1,21,77,fallback
-6.986110150814056,17.441211462020874,-0.8763506710529327,1.0,unknown,0.0,0.5492212665028865,0.1,16,78,fallback
-6.807099137987409,21.10377093723842,-0.13348640628282737,1.0,vehicle,0.0,0.8026685886006767,0.05,28,79,annotation
-7.222758769989014,50.854299545288086,4.792252540588379,1.0,vehicle,0.0,0.6930257189348316,0.1,2,80,annotation
-6.580564975738525,52.92673301696777,4.976075291633606,1.0,vehicle,0.0,0.6850249330135141,0.1,4,81,annotation
-4.707514584064484,-30.888011693954468,-3.6487723290920258,1.0,unknown,0.0,0.5120970423170647,0.1,8,82,fallback
-4.133908423510465,-2.4598887237635525,0.3222884830426086,1.0,vehicle,0.0,0.8628771938661323,0.05,44,83,annotation
-4.184520074299404,-1.4960547941071647,0.20148372969457082,1.0,vehicle,0.0,0.8516292525505537,0.05,28,84,annotation
-4.806887686585581,0.9777530461300019,-1.9325715796241547,1.0,unknown,0.0,0.5927564358063551,0.1,358,85,fallback
-4.866503786573223,2.9278265279882096,-1.8260730383442898,1.0,unknown,0.0,0.5900752948217645,0.1,255,86,fallback
-4.912075897742962,4.908635201947442,-1.714769354359857,1.0,unknown,0.0,0.5863269656196411,0.1,145,87,fallback
-4.962036800384522,6.911082625389099,-1.6043900534510613,1.0,unknown,0.0,0.5812139164577427,0.1,80,88,fallback
-4.813844108581543,8.83444797515869,-1.500040557384491,1.0,unknown,0.0,0.576727797287915,0.1,50,89,fallback
-4.95982586895978,10.661122851901585,-1.3744378222359552,1.0,unknown,0.0,0.5705978824849578,0.1,27,90,fallback
-4.969850006103516,12.489323272705079,-1.2550559997558595,1.0,unknown,0.0,0.5654070924666592,0.1,25,91,fallback
-4.976236776872114,14.56725805455988,-1.0770659988576716,1.0,unknown,0.0,0.559450583202518,0.1,22,92,fallback
-5.0353414747450085,17.348633766174316,-0.8427074684037102,1.0,unknown,0.0,0.5513946029246741,0.1,18,93,fallback
-5.121422421932221,21.027980852127076,-0.05318052462152991,1.0,vehicle,0.0,0.8045702796557023,0.05,40,94,annotation
-5.227404594421387,50.327579498291016,4.720691680908203,1.0,vehicle,0.0,0.6932050094615925,0.1,1,95,annotation
-5.8047285079956055,53.0035514831543,4.974667072296143,1.0,vehicle,0.0,0.6850386231432402,0.1,1,96,annotation
-5.1425275802612305,64.05685424804688,5.995535373687744,1.0,unknown,0.0,0.412211163459542,0.2,1,97,fallback
-2.9660251574082808,-30.730395230379973,-3.6057006012309682,1.0,unknown,0.0,0.51275431775602,0.1,11,98,fallback
-2.8609562601361955,-22.26810428074428,-3.1562838554382324,1.0,unknown,0.0,0.5393974592409913,0.1,14,99,fallback
-2.4483530861990794,-18.424218586512975,-3.05398052079337,1.0,unknown,0.0,0.5504962723763933,0.1,7,100,fallback
-2.8910125494003296,-17.663949012756348,-2.9407875537872314,1.0,unknown,0.0,0.5513675868121651,0.1,2,101,fallback
-2.223610043525696,-14.241520166397095,-2.7158769369125366,1.0,unknown,0.0,0.5624760212510884,0.1,4,102,fallback
-2.3414409160614014,-8.762957572937012,-2.3745148181915283,1.0,unknown,0.0,0.5777888636970724,0.1,1,103,fallback
-2.0299859046936035,-7.787362098693848,-2.307654619216919,1.0,unknown,0.0,0.5808572027083676,0.1,1,104,fallback
-2.0363610982894897,-5.123718023300171,-2.152978539466858,1.0,vehicle,0.0,0.8284799910899182,0.05,2,105,annotation
-2.834718768484091,-2.358813875222922,-0.33911522317696213,1.0,vehicle,0.0,0.8705811047487275,0.05,1165,106,annotation
-2.27936797229346,-0.7887769664265257,-0.7486349116478935,1.0,vehicle,0.0,0.8659562611117544,0.05,2239,107,annotation
-3.5327251382694125,1.0871917089672796,-1.8724571819518023,1.0,unknown,0.0,0.5958067473685438,0.1,314,108,fallback
-3.252929529052543,3.006123956841735,-1.7653171605077282,1.0,unknown,0.0,0.5942633707480142,0.1,319,109,fallback
-2.920705727038493,4.838691243688569,-1.6462966786086104,1.0,unknown,0.0,0.5900532167169301,0.1,262,110,fallback
-2.878150082060269,6.837657017367227,-1.5427064799836703,1.0,unknown,0.0,0.584462188105117,0.1,112,111,fallback
-3.0012705326080322,8.946335142309016,-1.444946937488787,1.0,unknown,0.0,0.5789609252170265,0.1,66,112,fallback
-2.977806297938029,10.925625801086426,-1.3238757967948913,1.0,unknown,0.0,0.5717996114667618,0.1,30,113,fallback
-2.9628682411634006,12.605449933272142,-1.20916492663897,1.0,unknown,0.0,0.5668171884266402,0.1,26,114,fallback
-2.975201639262113,14.559733434156938,-1.0398000207814304,1.0,unknown,0.0,0.5609947882873317,0.1,22,115,fallback
-3.0237004505960563,17.088703456677887,-0.8096426129341125,1.0,unknown,0.0,0.5534152093372808,0.1,19,116,fallback
-2.916443188985189,19.92450735304091,-0.20758369589869594,1.0,unknown,0.0,0.562792427974202,0.1,9,117,fallback
-2.883093105422126,20.64869711134169,0.011194739027814649,1.0,vehicle,0.0,0.8044679705969472,0.05,36,118,annotation
-2.1875386238098145,26.837013244628906,4.5109769416740164e-05,1.0,unknown,0.0,0.5242219370985697,0.1,1,119,fallback
-2.6682662963867188,59.91853713989258,9.8540620803833,1.0,unknown,0.0,0.4250662437392081,0.2,1,120,fallback
-1.4330291748046875,-43.6588134765625,-4.075645923614502,1.0,unknown,0.0,0.47395302330395395,0.2,1,121,fallback
-1.3596237421035766,-35.600076293945314,-1.160588300228119,1.0,unknown,0.0,0.5212343423893794,0.1,5,122,fallback
-1.4522327184677124,-30.895214716593426,-3.6118475198745728,1.0,unknown,0.0,0.5124847913870637,0.1,6,123,fallback
-1.4309405485788982,-23.309757232666016,-3.282648245493571,1.0,unknown,0.0,0.5369190233796801,0.1,9,124,fallback
-1.5076040253043175,-18.166064739227295,-2.779444098472595,1.0,unknown,0.0,0.5714926034191212,0.1,4,125,fallback
-0.9775253136952718,-17.70117696126302,-2.9127668539683023,1.0,unknown,0.0,0.5523792474575951,0.1,3,126,fallback
-1.8227575540542602,-14.065141487121583,-2.672333002090454,1.0,unknown,0.0,0.5630999037577379,0.1,5,127,fallback
-1.2644639015197754,-13.950215021769205,-2.6400994459788003,1.0,unknown,0.0,0.563891810795998,0.1,3,128,fallback
-1.300180108923661,-10.811168545170835,-2.4456177887163664,1.0,unknown,0.0,0.5753843291491275,0.1,38,129,fallback
-1.315345754990211,-8.794832926530104,-2.3302054221813497,1.0,unknown,0.0,0.5792548382875137,0.1,26,130,fallback
-1.417134605136446,-6.85961225280514,-0.9725413582530965,1.0,vehicle,0.0,0.8818719122864026,0.05,308,131,annotation
-1.5564100096098092,-4.858707751880507,-0.5674539417558762,1.0,vehicle,0.0,0.8775297561552078,0.05,714,132,annotation
-1.844515497865493,-2.974210304511505,-0.4618215277109665,1.0,vehicle,0.0,0.8700440513040385,0.05,1412,133,annotation
-0.41622682292749213,-0.6758806040920642,-0.3165441702118155,1.0,unknown,0.0,0.6127781628618795,0.1,1031,134,fallback
-0.3099553777000506,0.5409264625516874,-0.3333376336787779,1.0,unknown,0.0,0.607731404000635,0.1,1287,135,fallback
-1.6849764737215909,3.7738822286779232,-1.6733187892220236,1.0,unknown,0.0,0.5931803893960113,0.1,55,136,fallback
-0.9957116697629292,4.888136447906494,-1.6026359688440959,1.0,unknown,0.0,0.5917889544863293,0.1,375,137,fallback
-1.0129460052321,6.9433127130780905,-1.4977624314171927,1.0,unknown,0.0,0.585670720637057,0.1,140,138,fallback
-0.9884688033395119,9.044005535744333,-1.3862467408180237,1.0,unknown,0.0,0.5794371540410119,0.1,74,139,fallback
-0.9746234985368867,10.924387993351106,-1.2823600115314606,1.0,unknown,0.0,0.5725510085529424,0.1,31,140,fallback
-0.9680866750854032,12.551452707361292,-1.1756474000436288,1.0,unknown,0.0,0.567639279318006,0.1,27,141,fallback
-0.8311439855345364,14.644815642258216,-0.8656736067594403,1.0,unknown,0.0,0.5808870619041302,0.1,29,142,fallback
-0.9942532321438193,16.844004948933918,-0.7873381574948629,1.0,unknown,0.0,0.5546148533640902,0.1,21,143,fallback
-1.7495444019635518,19.671855926513672,0.6893282036344317,1.0,vehicle,0.0,0.8107982037074365,0.05,6,144,annotation
-1.2995299196669035,20.770271709987096,0.0572194651404061,1.0,unknown,0.0,0.5783809694932331,0.1,28,145,fallback
-0.8550771214067936,26.59766459465027,1.654033371778496e-05,1.0,unknown,0.0,0.5251661551975134,0.1,8,146,fallback
-0.7482211738824844,36.99067783355713,0.8590212613344193,1.0,unknown,0.0,0.49419315547406417,0.2,4,147,fallback
-1.5965481996536255,39.40897750854492,0.9157398343086243,1.0,unknown,0.0,0.4866760874978969,0.2,1,148,fallback
-1.8697082996368408,40.395931243896484,0.9389177560806274,1.0,unknown,0.0,0.4836824677481194,0.2,1,149,fallback
-0.25269678235054016,45.034366607666016,6.598671913146973,1.0,unknown,0.0,0.520603609464935,0.1,4,150,fallback
-0.5641498068968455,46.9809455871582,6.611981232961019,1.0,unknown,0.0,0.5186375635564793,0.1,3,151,fallback
-0.8673864801724752,48.81352742513021,6.870258967081706,1.0,unknown,0.0,0.5152205492501708,0.1,3,152,fallback
-0.9084637140234312,51.11818250020345,6.580824136734009,1.0,unknown,0.0,0.5681032621089026,0.1,6,153,fallback
-0.9389189183712006,52.87810802459717,4.935544908046722,1.0,unknown,0.0,0.5557636437308094,0.1,4,154,fallback
-0.6095603108406067,54.573272705078125,2.5451414585113525,1.0,unknown,0.0,0.4412699694080576,0.2,1,155,fallback
-1.6757656335830688,60.37638854980469,5.63503885269165,1.0,unknown,0.0,0.4238010806793231,0.2,1,156,fallback
0.8386683848686516,-6.913925731182099,-0.9595444560050964,1.0,vehicle,0.0,0.831308022720233,0.05,40,157,annotation
0.7653259385871813,-5.0240592165112,-0.6966870585417846,1.0,vehicle,0.0,0.841966274085625,0.05,241,158,annotation
0.7730659770419299,-3.5935915895410484,-1.1124984747654683,1.0,vehicle,0.0,0.8417710658389554,0.05,370,159,annotation
0.048885772088664466,-0.12348061626990016,-0.06684882095312886,1.0,unknown,0.0,0.612503051950341,0.1,4680,160,fallback
0.23088408879811215,0.437178238386027,-0.2630709663656571,1.0,unknown,0.0,0.6126869596408391,0.1,1523,161,fallback
1.7020646860966315,3.775937502200787,-1.68015049971067,1.0,unknown,0.0,0.592976935257514,0.1,52,162,fallback
0.9803580560218664,4.885290838335219,-1.607612161981351,1.0,unknown,0.0,0.5918547793472357,0.1,387,163,fallback
0.9891977646879645,6.967585401402579,-1.5021173995402124,1.0,unknown,0.0,0.5857368352227642,0.1,144,164,fallback
1.0145524635910987,9.02541483561198,-1.3856888310114543,1.0,unknown,0.0,0.5797202527153881,0.1,75,165,fallback
1.0201005920534953,10.809627443552017,-1.2696405313909054,1.0,unknown,0.0,0.5724880409551434,0.1,32,166,fallback
1.021615085857255,12.332764557429723,-1.1558239672865187,1.0,unknown,0.0,0.5681108010348548,0.1,28,167,fallback
1.0311240275738804,14.98617858013124,0.08151542066333195,1.0,vehicle,0.0,0.8395403846858172,0.05,131,168,annotation
1.0571271072734485,16.644132267345082,-0.7784572839736938,1.0,unknown,0.0,0.5551164620669179,0.1,11,169,fallback
0.7849218249320984,28.361127853393555,3.987426996231079,1.0,unknown,0.0,0.5198921308835621,0.1,2,170,fallback
1.9090617299079895,31.75572109222412,5.608988523483276,1.0,unknown,0.0,0.5302852879515852,0.1,2,171,fallback
1.7702713161706924,32.848819732666016,5.021135717630386,1.0,unknown,0.0,0.5571445454084679,0.1,8,172,fallback
0.6784373621145884,41.916552225748696,7.3384581671820746,1.0,unknown,0.0,0.5181737779106925,0.1,9,173,fallback
1.0797301600484743,42.28246307373047,5.860783214154451,1.0,unknown,0.0,0.5486521426023444,0.1,23,174,fallback
0.043891774490475655,50.14578437805176,4.092989802360535,1.0,unknown,0.0,0.48803703491829065,0.2,2,175,fallback
0.4420747756958008,64.9225082397461,6.057095527648926,1.0,unknown,0.0,0.4102279600244818,0.2,1,176,fallback
3.4910178581873574,-12.72474972407023,-0.7916991636157036,1.0,unknown,0.0,0.5816920259919989,0.1,12,177,fallback
3.526686906814575,-10.98024107615153,-1.3129125038782756,1.0,unknown,0.0,0.5956607484543305,0.1,15,178,fallback
3.6815430777413503,-8.919470254476968,-1.6604476969737512,1.0,unknown,0.0,0.60165860538123,0.1,77,179,fallback
3.3889502121851995,-6.786561371729924,-2.1035908222198487,1.0,unknown,0.0,0.5849131410177633,0.1,65,180,fallback
3.0314904683009143,-4.84186794633549,-2.025161625084719,1.0,unknown,0.0,0.5892240612925117,0.1,211,181,fallback
3.206291379369035,-2.9094653829019896,-1.9454039326127694,1.0,unknown,0.0,0.5933503762734658,0.1,392,182,fallback
3.3800109115985073,-1.018130298503288,-1.8807220192766,1.0,unknown,0.0,0.5955992213903032,0.1,506,183,fallback
3.511240277840541,1.104690897438335,-1.6779771835198727,1.0,unknown,0.0,0.6170059828263715,0.1,520,184,fallback
3.221446226958801,2.954726597174209,-1.7369614345352857,1.0,unknown,0.0,0.5935623969966006,0.1,357,185,fallback
2.918379191726331,4.845150675092425,-1.6518711054187023,1.0,unknown,0.0,0.5894808026012258,0.1,259,186,fallback
2.908979329012208,6.849260475675939,-1.5593286045527055,1.0,unknown,0.0,0.5844809925416189,0.1,118,187,fallback
2.9963011741638184,8.893589274984011,-1.432572406782231,1.0,unknown,0.0,0.5795300415732598,0.1,71,188,fallback
3.1706684642367895,11.02549934387207,-1.2504055976867676,1.0,unknown,0.0,0.5741586643786455,0.1,45,189,fallback
2.965349628079322,13.053690141247165,-1.066951657495191,1.0,unknown,0.0,0.569257736373395,0.1,31,190,fallback
2.85849223353646,14.745563116940586,0.1968898798096978,1.0,vehicle,0.0,0.8329943162976696,0.05,110,191,annotation
3.0756026840209962,16.293798522949217,-0.5878030252456665,1.0,unknown,0.0,0.5838258564941016,0.1,25,192,fallback
3.3282998852107837,24.674260927283246,4.170830322348553,1.0,unknown,0.0,0.5573227524210319,0.1,23,193,fallback
3.051126377923148,26.974803243364608,3.9558038881846835,1.0,unknown,0.0,0.571623611382564,0.1,14,194,fallback
2.407448689142863,28.961449729071724,4.77516147825453,1.0,unknown,0.0,0.5490508793175689,0.1,9,195,fallback
2.392138659954071,30.669946908950806,4.600931286811829,1.0,unknown,0.0,0.5669195041985545,0.1,8,196,fallback
2.6244743210928783,32.772871834891184,3.6229176180703297,1.0,unknown,0.0,0.5265095811455384,0.1,7,197,fallback
2.60005521774292,34.02265167236328,3.183351516723633,1.0,unknown,0.0,0.5026344294912176,0.1,1,198,fallback
2.64547336101532,38.97452354431152,3.6444642543792725,1.0,unknown,0.0,0.4903596446532459,0.2,2,199,fallback
2.3065853118896484,41.09142303466797,3.839637279510498,1.0,unknown,0.0,0.4846062630544584,0.2,2,200,fallback
2.014735778172811,42.30127080281576,4.950543562571208,1.0,unknown,0.0,0.5239167031309356,0.1,3,201,fallback
4.561059951782227,-69.96133422851562,-3.2700698375701904,1.0,unknown,0.0,0.3946704395614815,0.2,1,202,fallback
4.777101516723633,-23.79886245727539,-1.1322107315063477,1.0,unknown,0.0,0.5321792682098527,0.1,1,203,fallback
4.427142262458801,-18.800074100494385,-0.9009309858083725,1.0,unknown,0.0,0.548286624137145,0.1,4,204,fallback
4.627661800384521,-16.97223663330078,-1.2304506301879883,1.0,unknown,0.0,0.5666766392810251,0.1,5,205,fallback
4.6954021790448355,-12.639462280273438,0.4197431314948891,1.0,unknown,0.0,0.6336269789737181,0.1,85,206,fallback
4.935658060271164,-11.029968590571963,-0.7835895803479522,1.0,vehicle,0.0,0.8685543590029988,0.05,116,207,annotation
5.184557813279172,-9.33214737506623,-1.685026003959331,1.0,vehicle,0.0,0.8473986355235296,0.05,94,208,annotation
4.529219147185205,-6.825700850553916,-1.12062297541071,1.0,unknown,0.0,0.6252652134774759,0.1,142,209,fallback
4.59618529427815,-5.072047719814507,-1.3633775749964079,1.0,unknown,0.0,0.6260451388965947,0.1,203,210,fallback
4.397830434873993,-2.75235674038432,-1.3041122597371178,1.0,unknown,0.0,0.6310625726907166,0.1,306,211,fallback
4.46127485384008,-0.9737455012678213,-1.3289072903582413,1.0,unknown,0.0,0.6276577693205363,0.1,649,212,fallback
4.228043921047336,0.9265493113849761,-1.295827162902498,1.0,unknown,0.0,0.6212169854116545,0.1,579,213,fallback
4.7055467179164525,3.031468188122199,-0.8752003343031829,1.0,unknown,0.0,0.6349913177357359,0.1,577,214,fallback
5.113619814614881,4.884841120805863,-1.304080844685361,1.0,unknown,0.0,0.6281652204516041,0.1,233,215,fallback
4.940456549326579,6.891222106085883,-1.4954381759720619,1.0,unknown,0.0,0.5829000520229979,0.1,99,216,fallback
4.880223482305353,8.816308212280273,-1.4215101697228172,1.0,unknown,0.0,0.5782881840512879,0.1,55,217,fallback
4.883071114035213,10.967152707716998,-1.2407482511856978,1.0,unknown,0.0,0.5729878690650628,0.1,51,218,fallback
5.022622089385987,13.392295188903809,-1.0011585998535155,1.0,unknown,0.0,0.5623145824511687,0.1,25,219,fallback
4.715398402924233,14.810266961442663,-0.25638155926324235,1.0,vehicle,0.0,0.8221292303543171,0.05,47,220,annotation
4.169168949127197,16.028473536173504,-0.772442897160848,1.0,unknown,0.0,0.5553301437617404,0.1,3,221,fallback
5.1311589649745395,23.522475160871235,3.805048131942749,1.0,unknown,0.0,0.5710528956817212,0.1,35,222,fallback
4.863375680787223,24.758445807865687,3.1507759945733205,1.0,unknown,0.0,0.5744360557593658,0.1,28,223,fallback
5.181909084320068,51.82341766357422,4.858879089355469,1.0,unknown,0.0,0.44875445862098096,0.2,1,224,fallback
6.792423248291016,-31.02259635925293,-1.4812989234924316,1.0,unknown,0.0,0.5097275145381548,0.1,1,225,fallback
7.992862701416016,-25.5364933013916,-3.124727725982666,1.0,unknown,0.0,0.5247255638533577,0.1,1,226,fallback
7.657250881195068,-23.058792114257812,-2.8373167514801025,1.0,unknown,0.0,0.5321091743534546,0.1,1,227,fallback
7.219574451446533,-20.931891123453777,-2.5856998761494956,1.0,unknown,0.0,0.5405583452344969,0.1,3,228,fallback
7.450075149536133,-14.518116474151611,-1.90561044216156,1.0,unknown,0.0,0.5561180496581871,0.1,2,229,fallback
7.377383809340627,-12.825225026983963,-1.9488685507523387,1.0,unknown,0.0,0.5744728829709617,0.1,19,230,fallback
6.072444438934326,-10.907051086425781,-2.352219502131144,1.0,vehicle,0.0,0.8076187592160846,0.05,3,231,annotation
7.012909173965454,-8.854998975992203,-2.154255725443363,1.0,unknown,0.0,0.5775124972117814,0.1,32,232,fallback
6.9493664458945945,-6.926331502419931,-1.938619919397213,1.0,unknown,0.0,0.591534834222006,0.1,54,233,fallback
6.8807923567922495,-4.908782477127878,-1.960705636676989,1.0,unknown,0.0,0.5817850213915976,0.1,95,234,fallback
7.050918619511491,-3.249193502684771,-1.8365828869706493,1.0,unknown,0.0,0.5892865255317387,0.1,59,235,fallback
7.44625123602445,-0.93397866283121,-1.4297374646520353,1.0,unknown,0.0,0.5966678034965022,0.1,183,236,fallback
7.0033335918965545,0.849674967244146,-1.3161310906643453,1.0,unknown,0.0,0.597473982730717,0.1,184,237,fallback
6.575870291392008,2.485257705052694,-1.4525933980941772,1.0,unknown,0.0,0.5938724618999776,0.1,15,238,fallback
6.272432418969961,5.262589509670551,-0.9714467342083271,1.0,unknown,0.0,0.6142947357756202,0.1,26,239,fallback
6.986342725546463,6.928999641667241,-0.9914732592360056,1.0,unknown,0.0,0.6101475336645432,0.1,92,240,fallback
6.843560450785869,8.821980734129209,-1.3063842315931578,1.0,unknown,0.0,0.5722163580841905,0.1,37,241,fallback
6.979577098573957,10.875744819641113,-1.207105623824256,1.0,unknown,0.0,0.5668165289926262,0.1,28,242,fallback
7.009273052215576,12.799049417177836,-1.0213947395483653,1.0,unknown,0.0,0.5616282214601652,0.1,24,243,fallback
6.976974805196126,15.265628950936454,-0.7833613668169294,1.0,unknown,0.0,0.5548454461348505,0.1,21,244,fallback
7.428840001424153,19.10131369696723,-0.4760505325264401,1.0,unknown,0.0,0.5435755717126228,0.1,9,245,fallback
6.994786140530608,23.432370740313864,4.034532929575721,1.0,unknown,0.0,0.5585729736449956,0.1,43,246,fallback
7.084647688754769,24.544085436089095,2.2053861812103626,1.0,unknown,0.0,0.5646497078298482,0.1,43,247,fallback
9.203946590423584,-34.22952651977539,4.144691467285156,1.0,unknown,0.0,0.4987364540264979,0.2,2,248,fallback
8.104769706726074,-25.380281448364258,-3.1112749576568604,1.0,unknown,0.0,0.5250711953950565,0.1,1,249,fallback
8.179883241653442,-12.773021697998047,-2.036253869533539,1.0,unknown,0.0,0.5741723680296422,0.1,4,250,fallback
8.496802965799967,-11.166777080959744,-2.307464506891039,1.0,unknown,0.0,0.5663711461948419,0.1,18,251,fallback
9.42328945795695,-8.911863194571602,-1.8188524941603343,1.0,unknown,0.0,0.5792544717814264,0.1,36,252,fallback
8.885326633453369,-6.740960693359375,-1.8327604198455811,1.0,unknown,0.0,0.5826759340923028,0.1,50,253,fallback
8.823972625117149,-5.189505230995916,-1.6185685261603324,1.0,unknown,0.0,0.5877173391541947,0.1,62,254,fallback
8.19681199391683,-2.854319846991337,-1.5070476405548328,1.0,unknown,0.0,0.5929423337052082,0.1,66,255,fallback
8.03148165616122,-1.8756738901138306,-1.6266136386177756,1.0,unknown,0.0,0.5875410851154235,0.1,11,256,fallback
9.922533211500749,1.691907885281936,1.0620434818632456,1.0,unknown,0.0,0.6200972377304854,0.1,92,257,fallback
9.6775496123267,2.621763014402546,-0.13801828587320863,1.0,unknown,0.0,0.6422091629740604,0.1,305,258,fallback
8.86355226690119,4.213949420235374,-1.6525680802085183,1.0,unknown,0.0,0.5769469478680519,0.1,11,259,fallback
8.70024501800537,7.346464061737061,-1.4441151332855224,1.0,unknown,0.0,0.5768720555173861,0.1,25,260,fallback
8.770714964185442,8.787245494978768,0.2317290767787199,1.0,unknown,0.0,0.6422335846228047,0.1,56,261,fallback
8.94494334511135,10.989776735720428,-1.1529728122379468,1.0,unknown,0.0,0.5675101911966376,0.1,23,262,fallback
8.517474541297325,12.232358345618614,-1.0427387494307299,1.0,unknown,0.0,0.5605656106129671,0.1,13,263,fallback
8.95813783009847,14.590998059227353,-0.7991357360567365,1.0,unknown,0.0,0.5539428420303287,0.1,21,264,fallback
9.564027033354106,17.242387169285823,0.0001918228111830295,1.0,vehicle,0.0,0.8047255449543028,0.05,19,265,annotation
8.943431430392796,18.67080232832167,-0.4548945095496795,1.0,unknown,0.0,0.5491546449160054,0.1,18,266,fallback
9.20265723998288,23.229964060955737,2.7617226944367066,1.0,unknown,0.0,0.620986325114018,0.1,83,267,fallback
8.672354581879407,24.185726956623355,1.7687650788121108,1.0,unknown,0.0,0.5749631455070552,0.1,41,268,fallback
10.12666928768158,-33.67723894119263,0.8241597623127745,1.0,unknown,0.0,0.5803065918538735,0.1,8,269,fallback
11.835532903671265,-24.93095064163208,0.9638238996267319,1.0,unknown,0.0,0.5406037653720244,0.1,4,270,fallback
11.277651906013489,-18.826693058013916,-1.983619973063469,1.0,unknown,0.0,0.5565398392861083,0.1,8,271,fallback
10.23653507232666,-14.46270809173584,-2.4907442569732665,1.0,unknown,0.0,0.5542221513754271,0.1,5,272,fallback
10.629490988595146,-12.865409987313408,-0.9214487586702619,1.0,unknown,0.0,0.6740059669901048,0.1,14,273,fallback
11.728318260192871,-10.794733390808105,1.1158684836977628,1.0,unknown,0.0,0.6417263678018541,0.1,125,274,fallback
11.688356010166146,-9.017841243179593,0.772231090581389,1.0,unknown,0.0,0.6427980893210837,0.1,169,275,fallback
11.494857168197631,-7.506270365715027,0.26297862112522125,1.0,unknown,0.0,0.6398544139163199,0.1,100,276,fallback
11.197667630513509,-4.712761910756429,-0.2604263210075996,1.0,unknown,0.0,0.6309073152568356,0.1,105,277,fallback
10.927397613525391,-3.1815099787712096,0.4861868268251419,1.0,unknown,0.0,0.6540006123210516,0.1,100,278,fallback
10.438340471936511,-0.7959829766690555,0.31940100397105786,1.0,unknown,0.0,0.6322108007659304,0.1,308,279,fallback
10.135347805239938,0.865878537046559,0.2716703570929233,1.0,unknown,0.0,0.6256570383222674,0.1,352,280,fallback
10.180732851443084,2.638773928517881,-1.4700590138850005,1.0,unknown,0.0,0.5854765308992897,0.1,23,281,fallback
11.088467333051893,4.96299163500468,-1.553692791197035,1.0,unknown,0.0,0.5704636125721853,0.1,18,282,fallback
11.417688846588135,7.479358355204265,-1.3261371453603108,1.0,unknown,0.0,0.5691555741834293,0.1,6,283,fallback
10.871443430582682,8.505234956741333,-0.7039061383693479,1.0,unknown,0.0,0.609491431953373,0.1,12,284,fallback
10.599001990424263,11.319819026523167,-1.0856054756376479,1.0,unknown,0.0,0.5593753392548179,0.1,9,285,fallback
11.255218165261406,13.72267130443028,-0.8281441671507699,1.0,unknown,0.0,0.5521219744165656,0.1,14,286,fallback
10.252222379048666,14.09916909535726,-0.8132176597913107,1.0,unknown,0.0,0.5528157094615759,0.1,6,287,fallback
11.13571934472947,17.084003902616956,0.1763246069028918,1.0,vehicle,0.0,0.8083372873020342,0.05,42,288,annotation
10.841097259521485,18.12247657775879,-0.49054633378982543,1.0,vehicle,0.0,0.7816739113705337,0.05,5,289,annotation
10.972768448946768,23.069382667541504,2.6023191572800117,1.0,unknown,0.0,0.6082318420303315,0.1,114,290,fallback
12.639466476440429,-28.52893829345703,1.4547923803329468,1.0,unknown,0.0,0.5115883338259105,0.1,5,291,fallback
12.17161922454834,-24.842991638183594,0.7731222588510718,1.0,unknown,0.0,0.549470346240298,0.1,5,292,fallback
13.064621578563344,-18.606222360784358,1.151728677212536,1.0,unknown,0.0,0.6612394202247713,0.1,55,293,fallback
12.869986817643449,-17.051019256179398,1.771208234389731,1.0,unknown,0.0,0.6326265790302358,0.1,74,294,fallback
12.559772609192649,-14.990162307833447,1.700857047276876,1.0,unknown,0.0,0.6293106698418246,0.1,81,295,fallback
12.246931791305542,-13.026564234778995,1.6619501002579844,1.0,unknown,0.0,0.6266979322706626,0.1,84,296,fallback
12.492894315007907,-11.03925529878531,-0.31468841448033563,1.0,unknown,0.0,0.6090232316524595,0.1,67,297,fallback
12.044374465942383,-9.000217533111572,-0.3498870508017717,1.0,unknown,0.0,0.5799004743262608,0.1,10,298,fallback
12.475133623395648,-4.190860748291016,0.379860895290871,1.0,unknown,0.0,0.6093886277215821,0.1,7,299,fallback
12.765659435375317,-3.337340851087828,-0.14398174394689803,1.0,unknown,0.0,0.6254610413023136,0.1,37,300,fallback
12.234883308410645,4.756991326808929,-1.533645048737526,1.0,unknown,0.0,0.5660626953618848,0.1,8,301,fallback
12.673827115227194,6.682416859795065,-1.3376280349843643,1.0,unknown,0.0,0.5638445521737405,0.1,17,302,fallback
12.309868335723877,8.348470211029053,0.3450387418270111,1.0,unknown,0.0,0.560697020827309,0.1,2,303,fallback
12.157706260681152,10.580272197723389,-1.1273039281368256,1.0,unknown,0.0,0.5568438462588623,0.1,4,304,fallback
12.177951335906982,13.364184379577637,-0.8434631377458572,1.0,unknown,0.0,0.5508823235147005,0.1,4,305,fallback
12.689164469319005,16.91109195832283,-0.16477640663112153,1.0,vehicle,0.0,0.8032894627347227,0.05,31,306,annotation
13.198245271046956,21.808910179138184,4.231078044573466,1.0,unknown,0.0,0.5562238256904753,0.1,30,307,fallback
12.681932424887632,22.825871736575397,2.3454859868074074,1.0,unknown,0.0,0.5871660142244893,0.1,39,308,fallback
14.120936938694545,-10.20774255480085,-0.4645374833988691,1.0,unknown,0.0,0.5905267633409139,0.1,7,309,fallback
14.651421744247962,-3.2172042254743904,0.24761940208002764,1.0,unknown,0.0,0.6149345994580651,0.1,29,310,fallback
14.8990083694458,5.617572689056397,-1.4864614725112915,1.0,unknown,0.0,0.5583994520353166,0.1,5,311,fallback
15.115976015726725,7.089380794101292,-1.3307791153589885,1.0,unknown,0.0,0.561427547126381,0.1,9,312,fallback
14.923504057384672,8.928301720392136,-0.8503840516329676,1.0,unknown,0.0,0.5876229758418594,0.1,21,313,fallback
15.635357141494751,10.891776323318481,-0.7771157771348953,1.0,unknown,0.0,0.5587519809258641,0.1,4,314,fallback
14.782662478360264,16.883475216952238,-0.5214285904710944,1.0,unknown,0.0,0.5379329104395937,0.1,11,315,fallback
14.96005295484494,21.34794142307379,4.285816913995987,1.0,unknown,0.0,0.5554066904106131,0.1,39,316,fallback
15.01817512512207,22.471238962809245,1.9749939680099486,1.0,unknown,0.0,0.5462142021253847,0.1,15,317,fallback
17.318082809448242,-32.92282676696777,-0.0005097831114350507,1.0,unknown,0.0,0.49340080545342757,0.2,6,318,fallback
17.210753440856934,-31.364097595214844,-0.8320885896682739,1.0,unknown,0.0,0.5921569464006958,0.1,4,319,fallback
17.042625427246094,-18.346403121948242,-1.7514485120773315,1.0,unknown,0.0,0.5298776045330155,0.1,1,320,fallback
17.271774927775066,-17.67769940694173,-1.535789132118225,1.0,unknown,0.0,0.5458881195515716,0.1,3,321,fallback
17.698360019259983,-6.37362093395657,0.87395840883255,1.0,unknown,0.0,0.6137418623527315,0.1,9,322,fallback
17.300003433227538,-5.56768913269043,-0.3189756512641907,1.0,unknown,0.0,0.609587079446289,0.1,5,323,fallback
16.0457763671875,-3.8877456188201904,-0.770280122756958,1.0,unknown,0.0,0.5554698723300451,0.1,1,324,fallback
17.087219429016113,7.4611287117004395,-1.3045123934745788,1.0,unknown,0.0,0.5509943558323729,0.1,10,325,fallback
16.696956634521484,10.882582426071167,-0.8152501843869686,1.0,unknown,0.0,0.557054604400398,0.1,8,326,fallback
17.16139110765959,21.13390206454093,3.199882822637671,1.0,unknown,0.0,0.6201628275921819,0.1,57,327,fallback
16.561962339613174,22.0833617316352,2.0018510950936212,1.0,unknown,0.0,0.5541435591729432,0.1,9,328,fallback
19.200233459472656,-68.53622436523438,-1.6532509326934814,1.0,unknown,0.0,0.39147537112487474,0.2,1,329,fallback
19.952972412109375,-34.72718048095703,0.9293026328086853,1.0,unknown,0.0,0.48484641682364094,0.2,1,330,fallback
19.083399391174318,-32.65211410522461,0.08776005324907601,1.0,unknown,0.0,0.5065784214094391,0.1,10,331,fallback
19.334255981445313,-31.222078704833983,0.01541663905372843,1.0,unknown,0.0,0.5750691660023158,0.1,5,332,fallback
19.27778646681044,-10.691098107231987,1.6584748658869002,1.0,unknown,0.0,0.5926469998885456,0.1,18,333,fallback
18.637754440307617,-8.894061172709746,1.0541348494101412,1.0,unknown,0.0,0.6338699952781873,0.1,34,334,fallback
18.797507566564224,-6.766578085282269,0.2782650680661284,1.0,unknown,0.0,0.5849764352012997,0.1,17,335,fallback
18.29205762423002,-4.84703804896428,1.7658731295512273,1.0,unknown,0.0,0.5482690222040068,0.1,13,336,fallback
18.57273292541504,-3.7441970825195314,1.7672447204589843,1.0,unknown,0.0,0.5481923971637607,0.1,5,337,fallback
18.626710891723633,6.808836460113525,-1.3876508176326752,1.0,unknown,0.0,0.5465779456590553,0.1,4,338,fallback
19.350570331920277,8.498112851923162,-0.4085665403637739,1.0,unknown,0.0,0.5727678041061411,0.1,11,339,fallback
19.022165005023663,10.794333604665903,-0.6635873437178537,1.0,unknown,0.0,0.5565229778677456,0.1,13,340,fallback
18.9881578073269,20.961748751198375,2.4753441398288265,1.0,unknown,0.0,0.6198526835357908,0.1,82,341,fallback
21.746126174926758,-36.24908638000488,5.9500932097435,1.0,unknown,0.0,0.5686586368776912,0.1,4,342,fallback
21.6283541969631,-34.97550417029339,4.774642661861751,1.0,unknown,0.0,0.6044992773442273,0.1,23,343,fallback
21.285816421508787,-33.168320922851564,3.43709259532392,1.0,unknown,0.0,0.6367671304495107,0.1,25,344,fallback
20.807767731802805,-30.97646767752511,0.8815484162686127,1.0,unknown,0.0,0.6379192480968779,0.1,14,345,fallback
21.12789192199707,-6.085050296783447,1.2252863645553589,1.0,unknown,0.0,0.5618549885945364,0.1,5,346,fallback
21.612139892578124,-4.614533805847168,-0.5138220429420471,1.0,unknown,0.0,0.5389780493410383,0.1,5,347,fallback
21.199626922607422,-3.860239028930664,-0.500762403011322,1.0,unknown,0.0,0.5403553510090434,0.1,1,348,fallback
21.453886032104492,9.286350917816161,-0.43233039186452515,1.0,pedestrian_vru,0.0,0.8238953412690331,0.05,10,349,annotation
20.771879196166992,10.460844176156181,-0.6926771657807487,1.0,unknown,0.0,0.5484646099102536,0.1,7,350,fallback
21.28850555419922,19.65268938164962,4.943501296796296,1.0,unknown,0.0,0.545287936668944,0.1,19,351,fallback
20.61864137649536,20.958553075790405,1.3115718118763955,1.0,unknown,0.0,0.5673671818882444,0.1,24,352,fallback
22.118745803833008,-34.788536071777344,-3.8467090129852295,1.0,unknown,0.0,0.4833824926462754,0.2,2,353,fallback
23.79376983642578,-6.433842658996582,-0.5727882385253906,1.0,unknown,0.0,0.5312463435900006,0.1,2,354,fallback
22.91654133796692,-5.382349491119385,0.29987048357725143,1.0,unknown,0.0,0.5957319232541087,0.1,8,355,fallback
23.13346290588379,10.082660675048828,-0.586472749710083,1.0,unknown,0.0,0.5292942910293108,0.1,1,356,fallback
22.880709686279296,19.252027053833007,4.799069099426269,1.0,unknown,0.0,0.5458534462491399,0.1,25,357,fallback
23.158612145317925,20.36612394120958,1.9955291483137343,1.0,unknown,0.0,0.5379402561104352,0.1,18,358,fallback
25.711946487426758,-38.321041107177734,1.070708155632019,1.0,unknown,0.0,0.4665570245429812,0.2,1,359,fallback
25.08698558807373,-5.5741190910339355,1.7965126633644104,1.0,unknown,0.0,0.5300888993905007,0.1,4,360,fallback
24.439476013183594,9.804905891418457,0.6107577085494995,1.0,unknown,0.0,0.526001155033463,0.1,1,361,fallback
24.836897168840682,19.260074070521764,3.4552479471479143,1.0,unknown,0.0,0.5713580353689438,0.1,7,362,fallback
24.33825174967448,20.090970357259113,2.4537501335144043,1.0,unknown,0.0,0.5307807749115055,0.1,3,363,fallback
27.082204341888428,-6.861841082572937,0.24526246416644426,1.0,unknown,0.0,0.5392036383890566,0.1,8,364,fallback
26.42444133758545,-5.238782167434692,1.8831815123558044,1.0,unknown,0.0,0.5250051574256293,0.1,4,365,fallback
27.48718770345052,9.046234448750814,-0.00024283925692240396,1.0,unknown,0.0,0.5492802551333914,0.1,3,366,fallback
27.67740758260091,17.92840003967285,5.682020266850789,1.0,unknown,0.0,0.5383638086711773,0.1,6,367,fallback
27.013483810424805,18.227826182047526,4.987310314178467,1.0,unknown,0.0,0.5583992299555092,0.1,15,368,fallback
29.1530704498291,-12.483091831207275,2.95804762840271,1.0,unknown,0.0,0.5101503400879174,0.1,2,369,fallback
29.529388427734375,-10.548646545410156,1.4616883516311645,1.0,unknown,0.0,0.5112982681932267,0.1,5,370,fallback
29.344451904296875,-9.534584999084473,1.4382145404815674,1.0,unknown,0.0,0.5124362570008363,0.1,1,371,fallback
29.058778285980225,17.621183122907365,5.324603719370706,1.0,unknown,0.0,0.5513444231573098,0.1,28,372,fallback
29.062440490722658,18.733970069885252,2.7431543827056886,1.0,unknown,0.0,0.5384182109511889,0.1,10,373,fallback
30.990865843636648,17.108678136553085,5.39911961555481,1.0,unknown,0.0,0.5522551437934322,0.1,28,374,fallback
31.049725941249303,18.256899697440012,2.518122468675886,1.0,unknown,0.0,0.49859613482507037,0.2,7,375,fallback
33.97200012207031,-5.052876949310303,5.641982555389404,1.0,unknown,0.0,0.5019628454399611,0.1,1,376,fallback
32.956241492069125,16.87696988654859,4.75129652888493,1.0,unknown,0.0,0.5959469703913471,0.1,33,377,fallback
32.39664840698242,18.083707809448242,0.8606038093566895,1.0,unknown,0.0,0.49369380140671304,0.2,1,378,fallback
35.89959716796875,-36.94205093383789,-1.1968505382537842,1.0,unknown,0.0,0.45046370705822425,0.2,1,379,fallback
35.60068130493164,-12.823276042938232,0.8777333498001099,1.0,unknown,0.0,0.49180735145370746,0.2,2,380,fallback
35.38640546798706,-7.0871047377586365,5.493522882461548,1.0,unknown,0.0,0.5266952257961297,0.1,8,381,fallback
34.49911244710287,-5.65595178604126,4.085784872372945,1.0,unknown,0.0,0.5879586097142354,0.1,15,382,fallback
35.41732441295277,15.872263474897904,6.293271975083784,1.0,unknown,0.0,0.5394201661646769,0.1,11,383,fallback
34.615462043068625,16.640273440967906,4.315656546082622,1.0,unknown,0.0,0.5876551272997572,0.1,22,384,fallback
37.11251449584961,-11.70164680480957,1.8138805031776428,1.0,unknown,0.0,0.48842847947183654,0.2,2,385,fallback
36.448011779785155,-8.609282302856446,5.440804481506348,1.0,unknown,0.0,0.5131485034001102,0.1,5,386,fallback
36.90755117507208,15.519028481983003,6.036304905301049,1.0,unknown,0.0,0.5456296863197967,0.1,21,387,fallback
36.34273147583008,16.93943691253662,2.1051737428060733,1.0,unknown,0.0,0.5537402159037998,0.1,4,388,fallback
39.59619140625,-9.396613121032715,1.8969305753707886,1.0,unknown,0.0,0.4829123576759681,0.2,1,389,fallback
39.08038139343262,15.102451271480984,5.662386695543925,1.0,unknown,0.0,0.5415292539385935,0.1,18,390,fallback
39.287115478515624,16.158893585205078,2.9685667991638183,1.0,unknown,0.0,0.5391043720682688,0.1,5,391,fallback
41.059696197509766,-14.121872901916504,1.0071771144866943,1.0,unknown,0.0,0.4747389792961565,0.2,1,392,fallback
40.130409240722656,-9.279531478881836,1.919933557510376,1.0,unknown,0.0,0.48143206300719055,0.2,1,393,fallback
41.09787859235491,14.697388830639067,5.593574620428539,1.0,unknown,0.0,0.5699732429251166,0.1,21,394,fallback
42.13710021972656,-17.316022872924805,4.249228477478027,1.0,unknown,0.0,0.4683309882688602,0.2,1,395,fallback
43.50650215148926,-13.700070858001709,1.0580230951309204,1.0,unknown,0.0,0.4684742081948582,0.2,2,396,fallback
42.98962173461914,13.89777946472168,6.561106109619141,1.0,unknown,0.0,0.5134428384184507,0.1,5,397,fallback
42.44465446472168,14.094131708145142,6.017735958099365,1.0,unknown,0.0,0.5188107114183111,0.1,4,398,fallback
45.80127716064453,-23.015518188476562,5.993265151977539,1.0,unknown,0.0,0.4512234100934981,0.2,1,399,fallback
44.59027099609375,-21.28333282470703,5.777024507522583,1.0,unknown,0.0,0.4581039867781106,0.2,2,400,fallback
45.085750579833984,-14.042556762695312,-0.0010014516301453114,1.0,unknown,0.0,0.46333396754329326,0.2,1,401,fallback
44.993534088134766,-13.279104550679525,1.084425841186506,1.0,unknown,0.0,0.5143630628298231,0.1,3,402,fallback
44.36554718017578,-10.503849983215332,-0.0009811788331717253,1.0,unknown,0.0,0.46822392837342974,0.2,1,403,fallback
44.27209218343099,-9.225991249084473,-0.0009854967162633936,1.0,unknown,0.0,0.469330725734017,0.2,3,404,fallback
44.75437545776367,14.688441276550293,3.292600154876709,1.0,unknown,0.0,0.4636906235674988,0.2,1,405,fallback
50.21296691894531,-12.519479751586914,1.2003673315048218,1.0,unknown,0.0,0.4497495095644416,0.2,1,406,fallback
52.502140045166016,-14.225287437438965,1.2617340087890625,1.0,unknown,0.0,0.44190150850803944,0.2,2,407,fallback
61.14250373840332,-12.652520179748535,2.1758254170417786,1.0,unknown,0.0,0.4585907089030151,0.2,2,408,fallback
61.01654052734375,-11.711362838745117,2.896021604537964,1.0,unknown,0.0,0.4187730918259187,0.2,2,409,fallback
