slice,n,accuracy,balanced_accuracy,macro_f1,unsafe_rate,emer_fwd_rate,ece
ood_test:constrained_laya,200,0.995,0.6667,0.7,0.0,0.0,0.4446
ood_test:unconstrained_laya,200,0.78,0.25,0.2191,0.22,1.0,0.3448
ood_big:constrained_laya,18,1.0,0.5,0.5,0.0,0.0,0.2191
ood_big:unconstrained_laya,18,0.3889,0.25,0.14,0.6111,1.0,0.0431
ood_dense:constrained_laya,29,1.0,0.25,0.25,0.0,,0.5661
ood_dense:unconstrained_laya,29,1.0,0.25,0.25,0.0,,0.5661
ood_dropout:constrained_laya,23,1.0,0.5,0.5,0.0,0.0,0.4637
ood_dropout:unconstrained_laya,23,0.8261,0.25,0.2262,0.1739,1.0,0.3873
ood_narrow:constrained_laya,27,1.0,0.25,0.25,0.0,,0.5746
ood_narrow:unconstrained_laya,27,1.0,0.25,0.25,0.0,,0.5746
ood_noisy:constrained_laya,27,1.0,0.5,0.5,0.0,0.0,0.4253
ood_noisy:unconstrained_laya,27,0.7778,0.25,0.2188,0.2222,1.0,0.3269
ood_pose:constrained_laya,28,1.0,0.5,0.5,0.0,0.0,0.5068
ood_pose:unconstrained_laya,28,0.8929,0.25,0.2358,0.1071,1.0,0.4611
ood_sparse:constrained_laya,29,1.0,0.5,0.5,0.0,0.0,0.446
ood_sparse:unconstrained_laya,29,0.7931,0.25,0.2212,0.2069,1.0,0.3539
ood_wide:constrained_laya,19,0.9474,0.6667,0.7,0.0,0.0,0.199
ood_wide:unconstrained_laya,19,0.2632,0.25,0.1042,0.7368,1.0,0.1905
