split,threshold,n,accepted,coverage,correct_accepted,unsafe_accepted,unnecessary_stop_rate,balanced_accuracy
calibration,0.1,196,196,1.0,196,0,0.0,0.5
calibration,0.15,196,196,1.0,196,0,0.0,0.5
calibration,0.2,196,196,1.0,196,0,0.0,0.5
calibration,0.25,196,196,1.0,196,0,0.0,0.5
calibration,0.3,196,196,1.0,196,0,0.0,0.5
calibration,0.35,196,196,1.0,196,0,0.0,0.5
calibration,0.4,196,196,1.0,196,0,0.0,0.5
calibration,0.45,196,75,0.3827,75,0,0.6173,0.1913
calibration,0.5,196,73,0.3724,73,0,0.6276,0.1862
calibration,0.55,196,63,0.3214,63,0,0.6786,0.1607
calibration,0.6,196,63,0.3214,63,0,0.6786,0.1607
calibration,0.65,196,60,0.3061,60,0,0.6939,0.1531
calibration,0.7,196,60,0.3061,60,0,0.6939,0.1531
calibration,0.75,196,56,0.2857,56,0,0.7143,0.1429
calibration,0.8,196,43,0.2194,43,0,0.7806,0.1097
calibration,0.85,196,32,0.1633,32,0,0.8367,0.0816
calibration,0.9,196,30,0.1531,30,0,0.8469,0.0765
validation,0.1,146,146,1.0,146,0,0.0,0.5
validation,0.15,146,146,1.0,146,0,0.0,0.5
validation,0.2,146,146,1.0,146,0,0.0,0.5
validation,0.25,146,146,1.0,146,0,0.0,0.5
validation,0.3,146,146,1.0,146,0,0.0,0.5
validation,0.35,146,146,1.0,146,0,0.0,0.5
validation,0.4,146,146,1.0,146,0,0.0,0.5
validation,0.45,146,75,0.5137,75,0,0.4863,0.2568
validation,0.5,146,74,0.5068,74,0,0.4932,0.2534
validation,0.55,146,66,0.4521,66,0,0.5479,0.226
validation,0.6,146,61,0.4178,61,0,0.5822,0.2089
validation,0.65,146,60,0.411,60,0,0.589,0.2055
validation,0.7,146,60,0.411,60,0,0.589,0.2055
validation,0.75,146,58,0.3973,58,0,0.6027,0.1986
validation,0.8,146,46,0.3151,46,0,0.6849,0.1575
validation,0.85,146,36,0.2466,36,0,0.7534,0.1233
validation,0.9,146,31,0.2123,31,0,0.7877,0.1062
