slice,n,accuracy,balanced_accuracy,macro_f1,forward_rate,unsafe_rate,emer_fwd_rate,aconf_mean,ece,brier,lat_p50,lat_p95
validation:constrained_laya,146,1.0,1.0,1.0,0.589,0.0,0.0,0.6389,0.3611,0.1857,10167.485,11937.47
validation:unconstrained_laya,75,0.2,0.25,0.0833,1.0,0.8,1.0,0.3959,0.1959,0.1964,9006.76,11701.587
test:constrained_laya,86,1.0,1.0,1.0,0.5349,0.0,0.0,0.6603,0.3397,0.1722,9265.245,10314.32
test:unconstrained_laya,50,0.2,0.25,0.0833,1.0,0.8,1.0,0.3996,0.1996,0.2012,9464.03,11812.046999999999
ood_test:constrained_laya,200,0.995,0.6667,0.7,0.78,0.0,0.0,0.5504,0.4446,0.2536,9116.98,11691.753999999999
ood_test:unconstrained_laya,200,0.78,0.25,0.2191,1.0,0.22,1.0,0.4352,0.3448,0.2907,9199.564999999999,13022.865999999998
A_OPEN_FORWARD:constrained_laya,25,1.0,0.25,0.25,1.0,0.0,,0.5386,0.4614,0.2138,8907.05,10039.484
B_FORWARD_BLOCKED_LEFT_OPEN:constrained_laya,25,1.0,0.25,0.25,0.0,0.0,,0.8052,0.1948,0.0411,8421.92,10827.062
C_FORWARD_BLOCKED_RIGHT_OPEN:constrained_laya,25,1.0,0.25,0.25,0.0,0.0,,0.8135,0.1865,0.0362,8437.17,9735.525999999998
D_BOTH_SIDES_AVAILABLE:constrained_laya,107,1.0,0.25,0.25,1.0,0.0,,0.4311,0.5689,0.3237,10203.88,11937.47
E_NO_SAFE_DIRECTION:constrained_laya,25,1.0,0.25,0.25,0.0,0.0,,1.0,0.0,0.0,,
F_EMERGENCY:constrained_laya,25,1.0,0.25,0.25,0.0,0.0,0.0,1.0,0.0,0.0,,
A_OPEN_FORWARD:unconstrained_laya,25,1.0,0.25,0.25,1.0,0.0,,0.4023,0.5977,0.3581,9345.27,10266.73
B_FORWARD_BLOCKED_LEFT_OPEN:unconstrained_laya,25,0.0,0.0,0.0,1.0,1.0,,0.3757,0.3757,0.1414,9348.74,12718.575999999995
C_FORWARD_BLOCKED_RIGHT_OPEN:unconstrained_laya,25,0.0,0.0,0.0,1.0,1.0,,0.3567,0.3567,0.1276,9265.57,11526.049999999994
E_NO_SAFE_DIRECTION:unconstrained_laya,25,0.0,0.0,0.0,1.0,1.0,,0.4072,0.4072,0.1661,8870.61,9573.742
F_EMERGENCY:unconstrained_laya,25,0.0,0.0,0.0,1.0,1.0,1.0,0.4451,0.4451,0.1984,9489.12,11835.582
