region_id,x,y,distance,elevation,terrain_complexity,semantic_label,semantic_importance,dynamic_relevance,uncertainty,confidence,point_count,distance_score,base_importance,importance,resolution_m
0,-26.005449295043945,31.25728988647461,40.66081115870919,6.6808695793151855,0.0,unknown,0.5,0.2,0.5,0.0,1,0.5933918884129081,0.4080175665238724,0.4830175665238724,0.2
1,-24.56118392944336,29.479907035827637,38.37077891908094,4.04336142539978,0.8516223962688422,unknown,0.5,0.2,0.5,0.0,2,0.6162922108091906,0.5426310226830836,0.6176310226830836,0.1
2,-25.032727813720705,31.410624694824218,40.165467823927145,1.9772790908813476,0.6182728262294144,unknown,0.5,0.2,0.5,0.0,10,0.5983453217607286,0.5022445204626308,0.5772445204626308,0.1
3,-22.82749366760254,29.170964770846897,37.041053613611275,3.2703498668140836,0.6514778371579427,unknown,0.5,0.2,0.5,0.0,9,0.6295894638638873,0.5165985147328577,0.5915985147328576,0.1
4,-22.868874277387345,31.086550167628697,38.592214396681676,1.6037639805248805,0.3443028490276526,unknown,0.5,0.2,0.5,0.0,14,0.6140778560331832,0.4658687841641029,0.5408687841641029,0.1
5,-20.694095770517986,28.774152596791584,35.44287597561488,4.211357208235616,0.873896259205843,unknown,0.5,0.2,0.5,0.0,12,0.6455712402438512,0.5547558109540318,0.6297558109540318,0.1
6,-21.25862142774794,30.493634965684677,37.172446226052045,0.8693218436900578,0.30878348964748475,unknown,0.5,0.2,0.5,0.0,9,0.6282755377394795,0.4648001847689665,0.5398001847689665,0.1
7,-20.77883529663086,74.52229309082031,77.36492851285159,5.410311222076416,0.0,unknown,0.5,0.2,0.5,0.0,1,0.22635071487148406,0.29790521446144524,0.37290521446144526,0.2
8,-18.48380470275879,27.96859359741211,33.524517358299576,4.711943626403809,0.0,unknown,0.5,0.2,0.5,0.0,1,0.6647548264170042,0.42942644792510126,0.5044264479251013,0.1
9,-18.691194025675454,28.579834111531575,34.14919694441012,2.393700474787814,0.6728937498013874,unknown,0.5,0.2,0.5,0.0,15,0.6585080305558988,0.5284864716369778,0.6034864716369778,0.1
10,-19.13903045654297,30.227120399475098,35.77682622118461,0.8335615267618172,0.4798694006747019,unknown,0.5,0.2,0.5,0.0,6,0.6422317377881539,0.4946499314376514,0.5696499314376514,0.1
11,-18.378469467163086,62.627723693847656,65.2686748373856,9.947559356689453,0.2888085918646788,unknown,0.5,0.2,0.5,0.0,2,0.347313251626144,0.37751526426754495,0.45251526426754496,0.2
12,-19.026390075683594,68.60798645019531,71.19732666373264,13.414660453796387,0.0,unknown,0.5,0.2,0.5,0.0,1,0.2880267333626736,0.316408020008802,0.39140802000880204,0.2
13,-16.66039161682129,27.776320457458496,32.38969939627839,2.6463270624604776,0.4305308593052418,unknown,0.5,0.2,0.5,0.0,10,0.6761030060372162,0.4974105307069511,0.5724105307069511,0.1
14,-16.90500511441912,29.062055247170584,33.62115781926809,1.8158764433049197,0.4813639937409779,unknown,0.5,0.2,0.5,0.0,28,0.6637884218073191,0.5013411256033424,0.5763411256033424,0.1
15,-17.048789660135906,30.358727773030598,34.81829376739384,2.8242048819859824,0.5434941549062512,unknown,0.5,0.2,0.5,0.0,6,0.6518170623260616,0.5070692419337561,0.5820692419337561,0.1
16,-16.364612579345703,48.711063385009766,51.38645970458092,3.5936264991760254,0.0,unknown,0.5,0.2,0.5,0.0,1,0.4861354029541908,0.3758406208862572,0.4508406208862572,0.2
17,-16.462689808436803,53.105272565569194,55.59847237103016,8.763570513044085,0.5765031936719519,unknown,0.5,0.2,0.5,0.0,7,0.4440152762896984,0.4496800619377023,0.5246800619377023,0.1
18,-17.385411262512207,54.97258377075195,57.65620080441502,4.708779811859131,0.26298580026519025,unknown,0.5,0.2,0.5,0.0,2,0.42343799195584975,0.39647926762653346,0.47147926762653347,0.2
19,-17.641135215759277,56.84898376464844,59.52324425612203,4.855909109115601,0.25736452764279255,unknown,0.5,0.2,0.5,0.0,2,0.4047675574387797,0.39003494637805275,0.46503494637805276,0.2
20,-17.673283767700195,63.05332870483399,65.48333543653298,9.83076877593994,0.5980764166739087,unknown,0.5,0.2,0.5,0.0,5,0.34516664563467014,0.4232614561914873,0.4982614561914873,0.2
21,-14.128142356872559,17.291975021362305,22.329729210079428,-1.0410394668579102,0.0,unknown,0.5,0.2,0.5,0.0,1,0.7767027078992057,0.46301081236976166,0.5380108123697617,0.1
22,-14.94877265481388,19.262823890237247,24.382825679391757,-0.23160746229490647,0.10490507009332954,vehicle,1.0,0.8,0.5,0.0,17,0.7561717432060824,0.7125872834758241,0.7875872834758241,0.05
23,-14.52761697769165,20.068915367126465,24.775250131197453,-0.287055866632727,0.1087457146024497,vehicle,1.0,0.8,0.5,0.0,2,0.7522474986880254,0.7119861067967751,0.786986106796775,0.05
24,-14.891753938463,22.42131339179145,26.916159264959308,-0.6246826648712158,0.0021871006934701493,unknown,0.5,0.2,0.5,0.0,9,0.7308384073504068,0.44957958730914255,0.5245795873091426,0.1
25,-14.827050654093425,27.113135401407877,30.902484404884493,4.201044511795044,0.5245426422547126,unknown,0.5,0.2,0.5,0.0,15,0.690975155951155,0.5159739431235534,0.5909739431235533,0.1
26,-15.012765526771545,29.075082619984943,32.72221811125845,1.8226293740178032,0.5084191189595215,unknown,0.5,0.2,0.5,0.0,24,0.6727778188874155,0.5080962135101529,0.5830962135101528,0.1
27,-14.050337314605713,33.37504959106445,36.21195816108559,5.080137729644775,0.29683939379448937,unknown,0.5,0.2,0.5,0.0,2,0.6378804183891441,0.46589003458591666,0.5408900345859167,0.1
28,-14.257161140441895,35.519891103108726,38.274394936579064,4.1794741948445635,0.4261913125740146,unknown,0.5,0.2,0.5,0.0,3,0.6172560506342093,0.4791055120763649,0.5541055120763649,0.1
29,-14.633556365966797,37.70832443237305,40.44822250004355,3.7739343643188477,0.0,unknown,0.5,0.2,0.5,0.0,1,0.5955177749995645,0.40865533249986935,0.48365533249986936,0.2
30,-14.133156776428223,38.30973434448242,40.83358747418496,1.9045236110687256,0.0,unknown,0.5,0.2,0.5,0.0,1,0.5916641252581505,0.40749923757744516,0.4824992375774452,0.2
31,-14.736618518829346,44.89640712738037,47.25309829330765,7.489053130149841,0.5058759316374756,unknown,0.5,0.2,0.5,0.0,8,0.5274690170669235,0.4641220948656984,0.5391220948656984,0.1
32,-15.885601043701172,53.50935363769531,55.81758904900476,7.1859681606292725,0.2475986480652924,unknown,0.5,0.2,0.5,0.0,2,0.44182410950995243,0.39968703006277956,0.47468703006277957,0.2
33,-12.931636376814408,17.28974897211248,21.59079986709187,-1.0068643201481213,0.006362772016772114,unknown,0.5,0.2,0.5,0.0,11,0.7840920013290813,0.46618201620124017,0.5411820162012402,0.1
34,-12.994815746943155,22.40642277399699,25.90198868473409,-0.6012243429819742,0.0028748913208378533,unknown,0.5,0.2,0.5,0.0,12,0.7409801131526591,0.45272526764392346,0.5277252676439235,0.1
35,-13.0791322072347,27.179936917622886,30.16310113599534,2.9796074133754398,0.5626329414270433,unknown,0.5,0.2,0.5,0.0,30,0.6983689886400466,0.5239056378060705,0.5989056378060704,0.1
36,-13.159112001076723,28.762311250735554,31.62961866891649,1.4971734646600312,0.4827766598068618,unknown,0.5,0.2,0.5,0.0,39,0.6837038133108351,0.5075276429642798,0.5825276429642797,0.1
37,-12.61814205463116,30.769009810227615,33.25581864294931,2.2164684442373424,0.4533308040934453,unknown,0.5,0.2,0.5,0.0,13,0.6674418135705069,0.4982321646851689,0.5732321646851689,0.1
38,-13.733296871185303,33.38429069519043,36.09867460410543,3.791495680809021,0.1495197072530329,unknown,0.5,0.2,0.5,0.0,2,0.6390132539589457,0.4441319322756386,0.5191319322756386,0.1
39,-13.016086769104003,34.664351272583005,37.027500103704966,1.9706509292125702,0.47232902849880104,unknown,0.5,0.2,0.5,0.0,10,0.6297249989629503,0.4897668539637052,0.5647668539637052,0.1
40,-12.851908683776855,38.46929804484049,40.55932012347973,1.8920124371846516,0.0025615369081877664,unknown,0.5,0.2,0.5,0.0,3,0.5944067987652026,0.4087062701657889,0.48370627016578893,0.2
41,-12.279435157775879,40.34061813354492,42.168115907525625,1.966720700263977,0.0,unknown,0.5,0.2,0.5,0.0,1,0.5783188409247437,0.40349565227742307,0.4784956522774231,0.2
42,-10.056381361825126,7.744826861790249,12.693035460975109,2.30458927154541,0.05440629448789248,unknown,0.5,0.2,0.5,0.0,7,0.8730696453902489,0.5000818377902585,0.5750818377902585,0.1
43,-10.186783163171066,9.097517942127428,13.657795719690494,2.1921751757985666,0.21539179491745056,unknown,0.5,0.2,0.5,0.0,38,0.8634220428030951,0.5213353820785462,0.5963353820785462,0.1
44,-10.188434298221882,10.804610023131737,14.850716858156808,0.7993853141693902,0.43296517207650886,unknown,0.5,0.2,0.5,0.0,104,0.8514928314184319,0.5503926252370059,0.6253926252370059,0.1
45,-10.413253466288248,12.809568246205648,16.508206638134993,-0.3349785202972271,0.4443069994993517,unknown,0.5,0.2,0.5,0.0,24,0.8349179336186501,0.5471214300104978,0.6221214300104978,0.1
46,-11.748433113098145,14.111064910888672,18.361585812022188,2.5807900428771973,0.0,unknown,0.5,0.2,0.5,0.0,1,0.8163841418797781,0.4749152425639334,0.5499152425639334,0.1
47,-11.035776646931966,17.463706970214844,20.65839846993226,-0.9634639898935954,0.004371541833124799,unknown,0.5,0.2,0.5,0.0,15,0.7934160153006774,0.46868053586517183,0.5436805358651718,0.1
48,-10.986695549704812,22.239687659523703,24.805466863074244,-0.5757870728319342,0.0026405812676061078,unknown,0.5,0.2,0.5,0.0,11,0.7519453313692576,0.4559796866009181,0.5309796866009181,0.1
49,-11.231932973861694,28.50795946121216,30.640823601389005,1.9506030922653737,0.8145052246982899,unknown,0.5,0.2,0.5,0.0,20,0.69359176398611,0.5602533129005766,0.6352533129005765,0.1
50,-11.376457405090331,31.13237609863281,33.1458688924662,3.4219758987426756,0.6946072092283755,unknown,0.5,0.2,0.5,0.0,5,0.668541311075338,0.5347534747068577,0.6097534747068577,0.1
51,-11.50320053100586,32.80999247233073,34.7680777221136,3.51924459139506,0.15261318565825907,unknown,0.5,0.2,0.5,0.0,3,0.6523192227788639,0.448587744682398,0.523587744682398,0.1
52,-11.723264694213867,34.88901329040527,36.805953098224165,2.136576235294342,0.14562568502996612,unknown,0.5,0.2,0.5,0.0,2,0.6319404690177584,0.4414259934598224,0.5164259934598224,0.1
53,-11.824556350708008,38.05801773071289,39.85263914074356,1.8587311506271362,0.0,unknown,0.5,0.2,0.5,0.0,1,0.6014736085925644,0.4104420825777693,0.48544208257776933,0.2
54,-8.96546459197998,-4.605576753616333,10.079230753559417,-0.0464894101023674,0.15832551486464522,unknown,0.5,0.2,0.5,0.0,4,0.8992076924644058,0.5235111349690186,0.5985111349690185,0.1
55,-8.191610874273838,-2.593246423281156,8.592288154349918,0.726838709881868,0.2256211731176421,unknown,0.5,0.2,0.5,0.0,117,0.9140771184565009,0.5380663115045966,0.6130663115045966,0.1
56,-8.341477076834662,-0.9228633469072719,8.392372523930467,0.42503437845324166,0.28200949852340124,unknown,0.5,0.2,0.5,0.0,511,0.9160762747606953,0.5471243072067188,0.6221243072067187,0.1
57,-9.190805508648907,1.0029357829855547,9.245365654348342,-0.22328386923962237,0.44793415366308187,unknown,0.5,0.2,0.5,0.0,675,0.9075463434565165,0.5694540260864173,0.6444540260864172,0.1
58,-9.017515068534035,2.9207685990903363,9.478737638560869,-0.1417234941587171,0.4235086332934118,unknown,0.5,0.2,0.5,0.0,636,0.9052126236143914,0.5650900820783292,0.6400900820783292,0.1
59,-9.086618193873653,4.906762131938228,10.326807097097277,0.04788893629766891,0.4284290730643201,unknown,0.5,0.2,0.5,0.0,432,0.8967319290290272,0.5632839396683561,0.6382839396683561,0.1
60,-9.462646897742365,6.940674134081948,11.73518827061873,0.047670008681906045,0.4329442781943227,unknown,0.5,0.2,0.5,0.0,293,0.8826481172938128,0.5597360769172923,0.6347360769172923,0.1
61,-9.63865083949581,8.788964636006932,13.04413620669049,-0.10315625097631895,0.3950400870647356,unknown,0.5,0.2,0.5,0.0,157,0.8695586379330951,0.5501236044396388,0.6251236044396388,0.1
62,-9.139247197371263,10.98622021308312,14.290656874511214,-1.182328394972361,0.11846008218658671,unknown,0.5,0.2,0.5,0.0,26,0.8570934312548879,0.5048970417044544,0.5798970417044543,0.1
63,-9.397049903869629,13.778789867054332,16.678117312702152,-1.1662513342770664,0.0050210957315717335,unknown,0.5,0.2,0.5,0.0,11,0.8332188268729784,0.4807188124216292,0.5557188124216292,0.1
64,-8.481943236456978,14.133914311726889,16.483655384583738,-1.1526101297802396,0.002637424803050304,unknown,0.5,0.2,0.5,0.0,9,0.8351634461541626,0.48094464756670624,0.5559446475667063,0.1
65,-8.933597028255463,17.424090027809143,19.580808695262125,-0.9132813028991222,0.004359190773152053,unknown,0.5,0.2,0.5,0.0,16,0.8041919130473787,0.47191145253018635,0.5469114525301864,0.1
66,-8.742543411254882,21.856769943237303,23.540400541394316,-0.5464371800422668,0.002182162239006691,unknown,0.5,0.2,0.5,0.0,10,0.7645959945860569,0.45970612271166805,0.5347061227116681,0.1
67,-9.79584789276123,22.052777608235676,24.130553996467125,-0.5600486199061075,0.0006452124538409278,unknown,0.5,0.2,0.5,0.0,3,0.7586944600353287,0.45770511987867474,0.5327051198786747,0.1
68,-7.973114472169143,-2.6116288350178647,8.389943954414106,0.7697619655988232,0.1904505459582008,unknown,0.5,0.2,0.5,0.0,26,0.916100560455859,0.5333977500304878,0.6083977500304878,0.1
69,-7.943121910095215,-1.9921224117279053,8.18912311434767,0.38191547989845276,0.0,unknown,0.5,0.2,0.5,0.0,1,0.9181087688565233,0.505432630656957,0.5804326306569569,0.1
70,-6.896407601237297,0.9595260332105682,6.962839076900483,-2.013175293058157,0.015116897546628004,unknown,0.5,0.2,0.5,0.0,160,0.9303716092309952,0.5113790174012928,0.5863790174012927,0.1
71,-6.906894778552121,2.9534044918948656,7.511843553664794,-1.8546686376610848,0.025265432848425317,unknown,0.5,0.2,0.5,0.0,146,0.9248815644633521,0.5112542842662695,0.5862542842662695,0.1
72,-6.851714624548858,4.864569731478421,8.402977565641404,-1.692437821964048,0.022696090872704914,unknown,0.5,0.2,0.5,0.0,106,0.915970224343586,0.5081954809339816,0.5831954809339815,0.1
73,-7.048395192848061,6.97315292538337,9.91487450830046,-0.8326506599420649,0.4405656356724642,unknown,0.5,0.2,0.5,0.0,106,0.9008512549169954,0.5663402218259682,0.6413402218259682,0.1
74,-7.326833868026734,8.867056051890055,11.502485712098217,-0.8713037806245363,0.36956893945514246,unknown,0.5,0.2,0.5,0.0,60,0.8849751428790178,0.5509278837819767,0.6259278837819766,0.1
75,-6.976030945777893,10.806425946099418,12.862497793390734,-1.3846578342573983,0.02159925697306315,unknown,0.5,0.2,0.5,0.0,28,0.8713750220660926,0.49465239516578724,0.5696523951657873,0.1
76,-6.508158888135638,12.15834719794137,13.79063228060656,-1.2868194154330663,0.002422771990743,unknown,0.5,0.2,0.5,0.0,14,0.8620936771939344,0.48899151895679177,0.5639915189567918,0.1
77,-7.011639004661923,14.37397965930757,15.992947595045893,-1.1188861074901761,0.004979134328902001,unknown,0.5,0.2,0.5,0.0,21,0.8400705240495411,0.4827680273641976,0.5577680273641976,0.1
78,-6.986110150814056,17.441211462020874,18.78833660285645,-0.8763506710529327,0.003908508743039194,unknown,0.5,0.2,0.5,0.0,16,0.8121166339714355,0.4742212665028865,0.5492212665028865,0.1
79,-6.807099137987409,21.10377093723842,22.174439033396492,-0.13348640628282737,0.1612793713391076,vehicle,1.0,0.8,0.5,0.0,28,0.7782556096660351,0.7276685886006767,0.8026685886006767,0.05
80,-7.222758769989014,50.854299545288086,51.364657367603854,4.792252540588379,0.014131273584287318,vehicle,1.0,0.8,0.5,0.0,2,0.4863534263239615,0.6180257189348316,0.6930257189348316,0.1
81,-6.580564975738525,52.92673301696777,53.3342563766413,4.976075291633606,0.0001846809562537448,vehicle,1.0,0.8,0.5,0.0,4,0.466657436233587,0.6100249330135141,0.6850249330135141,0.1
82,-4.707514584064484,-30.888011693954468,31.244678906416173,-3.6487723290920258,0.005540526908754521,unknown,0.5,0.2,0.5,0.0,8,0.6875532109358382,0.43709704231706464,0.5120970423170647,0.1
83,-4.133908423510465,-2.4598887237635525,4.8104315177819394,0.3222884830426086,0.2153899227965217,vehicle,1.0,0.8,0.5,0.0,44,0.9518956848221806,0.7878771938661323,0.8628771938661323,0.05
84,-4.184520074299404,-1.4960547941071647,4.443915863198326,0.20148372969457082,0.13307333426765774,vehicle,1.0,0.8,0.5,0.0,28,0.9555608413680168,0.7766292525505537,0.8516292525505537,0.05
85,-4.806887686585581,0.9777530461300019,4.905320606307459,-1.9325715796241547,0.016482650835182817,unknown,0.5,0.2,0.5,0.0,358,0.9509467939369254,0.5177564358063551,0.5927564358063551,0.1
86,-4.866503786573223,2.9278265279882096,5.679350956114881,-1.8260730383442898,0.014088984600726943,unknown,0.5,0.2,0.5,0.0,255,0.9432064904388512,0.5150752948217645,0.5900752948217645,0.1
87,-4.912075897742962,4.908635201947442,6.944291840856412,-1.714769354359857,0.014398940948068858,unknown,0.5,0.2,0.5,0.0,145,0.9305570815914359,0.5113269656196412,0.5863269656196411,0.1
88,-4.962036800384522,6.911082625389099,8.507929963470865,-1.6043900534510613,0.011584708987702395,unknown,0.5,0.2,0.5,0.0,80,0.9149207003652914,0.5062139164577427,0.5812139164577427,0.1
89,-4.813844108581543,8.83444797515869,10.060843211555914,-1.500040557384491,0.012735512817218157,unknown,0.5,0.2,0.5,0.0,50,0.8993915678844409,0.5017277972879151,0.576727797287915,0.1
90,-4.95982586895978,10.661122851901585,11.758376295804656,-1.3744378222359552,0.005820075815811537,unknown,0.5,0.2,0.5,0.0,27,0.8824162370419535,0.4955978824849578,0.5705978824849578,0.1
91,-4.969850006103516,12.489323272705079,13.441822975076699,-1.2550559997558595,0.004883742612595289,unknown,0.5,0.2,0.5,0.0,25,0.865581770249233,0.4904070924666592,0.5654070924666592,0.1
92,-4.976236776872114,14.56725805455988,15.39376301258514,-1.0770659988576716,0.004212481601822761,unknown,0.5,0.2,0.5,0.0,22,0.8460623698741486,0.48445058320251794,0.559450583202518,0.1
93,-5.0353414747450085,17.348633766174316,18.064599561577083,-0.8427074684037102,0.0039226773960360315,unknown,0.5,0.2,0.5,0.0,18,0.8193540043842291,0.4763946029246741,0.5513946029246741,0.1
94,-5.121422421932221,21.027980852127076,21.64266495469754,-0.05318052462152991,0.16332183013196647,vehicle,1.0,0.8,0.5,0.0,40,0.7835733504530246,0.7295702796557023,0.8045702796557023,0.05
95,-5.227404594421387,50.327579498291016,50.598330179469166,4.720691680908203,0.0,vehicle,1.0,0.8,0.5,0.0,1,0.49401669820530836,0.6182050094615925,0.6932050094615925,0.1
96,-5.8047285079956055,53.0035514831543,53.32045895225326,4.974667072296143,0.0,vehicle,1.0,0.8,0.5,0.0,1,0.4667954104774674,0.6100386231432402,0.6850386231432402,0.1
97,-5.1425275802612305,64.05685424804688,64.26294551348599,5.995535373687744,0.0,unknown,0.5,0.2,0.5,0.0,1,0.3573705448651401,0.337211163459542,0.412211163459542,0.2
98,-2.9660251574082808,-30.730395230379973,30.873200291672696,-3.6057006012309682,0.00249279087358724,unknown,0.5,0.2,0.5,0.0,11,0.691267997083273,0.43775431775602,0.51275431775602,0.1
99,-2.8609562601361955,-22.26810428074428,22.45113669684709,-3.1562838554382324,0.011672462210216556,unknown,0.5,0.2,0.5,0.0,14,0.7754886330315292,0.46439745924099124,0.5393974592409913,0.1
100,-2.4483530861990794,-18.424218586512975,18.586184744543747,-3.05398052079337,0.008365510733496966,unknown,0.5,0.2,0.5,0.0,7,0.8141381525545626,0.4754962723763933,0.5504962723763933,0.1
101,-2.8910125494003296,-17.663949012756348,17.89896779945833,-2.9407875537872314,0.0004299347369339991,unknown,0.5,0.2,0.5,0.0,2,0.8210103220054167,0.4763675868121651,0.5513675868121651,0.1
102,-2.223610043525696,-14.241520166397095,14.414067374463166,-2.7158769369125366,0.004788155829852982,unknown,0.5,0.2,0.5,0.0,4,0.8558593262553683,0.4874760212510884,0.5624760212510884,0.1
103,-2.3414409160614014,-8.762957572937012,9.070378767642538,-2.3745148181915283,0.0,unknown,0.5,0.2,0.5,0.0,1,0.9092962123235746,0.5027888636970724,0.5777888636970724,0.1
104,-2.0299859046936035,-7.787362098693848,8.047599097210805,-2.307654619216919,0.0,unknown,0.5,0.2,0.5,0.0,1,0.919524009027892,0.5058572027083676,0.5808572027083676,0.1
105,-2.0363610982894897,-5.123718023300171,5.513551750452496,-2.152978539466858,0.00013764227517162973,vehicle,1.0,0.8,0.5,0.0,2,0.944864482495475,0.7534799910899183,0.8284799910899182,0.05
106,-2.834718768484091,-2.358813875222922,3.687768077623665,-0.33911522317696213,0.2442960598773241,vehicle,1.0,0.8,0.5,0.0,1165,0.9631223192237633,0.7955811047487276,0.8705811047487275,0.05
107,-2.27936797229346,-0.7887769664265257,2.4119882785540714,-0.7486349116478935,0.1879481729827776,vehicle,1.0,0.8,0.5,0.0,2239,0.9758801172144593,0.7909562611117544,0.8659562611117544,0.05
108,-3.5327251382694125,1.0871917089672796,3.69623223223431,-1.8724571819518023,0.01263629376831118,unknown,0.5,0.2,0.5,0.0,314,0.9630376776776569,0.5208067473685438,0.5958067473685438,0.1
109,-3.252929529052543,3.006123956841735,4.4292586021680656,-1.7653171605077282,0.01700764369678921,unknown,0.5,0.2,0.5,0.0,319,0.9557074139783194,0.5192633707480142,0.5942633707480142,0.1
110,-2.920705727038493,4.838691243688569,5.651854111325227,-1.6462966786086104,0.013391860339371925,unknown,0.5,0.2,0.5,0.0,262,0.9434814588867477,0.5150532167169302,0.5900532167169301,0.1
111,-2.878150082060269,6.837657017367227,7.41871291950395,-1.5427064799836703,0.011455512424192212,unknown,0.5,0.2,0.5,0.0,112,0.9258128708049604,0.509462188105117,0.584462188105117,0.1
112,-3.0012705326080322,8.946335142309016,9.436341308389315,-1.444946937488787,0.0151329942812962,unknown,0.5,0.2,0.5,0.0,66,0.9056365869161068,0.5039609252170265,0.5789609252170265,0.1
113,-2.977806297938029,10.925625801086426,11.324161315232347,-1.3238757967948913,0.005147302749726242,unknown,0.5,0.2,0.5,0.0,30,0.8867583868476765,0.4967996114667618,0.5717996114667618,0.1
114,-2.9628682411634006,12.605449933272142,12.948975103641422,-1.20916492663897,0.004427424917096874,unknown,0.5,0.2,0.5,0.0,26,0.8705102489635858,0.4918171884266402,0.5668171884266402,0.1
115,-2.975201639262113,14.559733434156938,14.86060774221483,-1.0398000207814304,0.0038440767598420704,unknown,0.5,0.2,0.5,0.0,22,0.8513939225778517,0.4859947882873317,0.5609947882873317,0.1
116,-3.0237004505960563,17.088703456677887,17.354150807377742,-0.8096426129341125,0.0031844117294273005,unknown,0.5,0.2,0.5,0.0,19,0.8264584919262226,0.4784152093372808,0.5534152093372808,0.1
117,-2.916443188985189,19.92450735304091,20.13682284115246,-0.20758369589869594,0.1213526433177293,unknown,0.5,0.2,0.5,0.0,9,0.7986317715884754,0.487792427974202,0.562792427974202,0.1
118,-2.883093105422126,20.64869711134169,20.84900281189638,0.011194739027814649,0.1467665268842427,vehicle,1.0,0.8,0.5,0.0,36,0.7915099718810362,0.7294679705969472,0.8044679705969472,0.05
119,-2.1875386238098145,26.837013244628906,26.92602096714342,4.5109769416740164e-05,0.0,unknown,0.5,0.2,0.5,0.0,1,0.7307397903285657,0.44922193709856967,0.5242219370985697,0.1
120,-2.6682662963867188,59.91853713989258,59.97791875359731,9.8540620803833,0.0,unknown,0.5,0.2,0.5,0.0,1,0.40022081246402696,0.3500662437392081,0.4250662437392081,0.2
121,-1.4330291748046875,-43.6588134765625,43.6823255653487,-4.075645923614502,0.0,unknown,0.5,0.2,0.5,0.0,1,0.563176744346513,0.39895302330395394,0.47395302330395395,0.2
122,-1.3596237421035766,-35.600076293945314,35.62602993395165,-1.160588300228119,0.15408288127489603,unknown,0.5,0.2,0.5,0.0,5,0.6437397006604835,0.44623434238937937,0.5212343423893794,0.1
123,-1.4522327184677124,-30.895214716593426,30.929327057875007,-3.6118475198745728,0.0018184837379245278,unknown,0.5,0.2,0.5,0.0,6,0.6907067294212499,0.4374847913870637,0.5124847913870637,0.1
124,-1.4309405485788982,-23.309757232666016,23.353637256311764,-3.282648245493571,0.013199567657435811,unknown,0.5,0.2,0.5,0.0,9,0.7664636274368823,0.4619190233796801,0.5369190233796801,0.1
125,-1.5076040253043175,-18.166064739227295,18.22851551846477,-2.779444098472595,0.14118766649676992,unknown,0.5,0.2,0.5,0.0,4,0.8177148448153523,0.4964926034191212,0.5714926034191212,0.1
126,-0.9775253136952718,-17.70117696126302,17.728147719174267,-2.9127668539683023,0.0037579374341201,unknown,0.5,0.2,0.5,0.0,3,0.8227185228082573,0.47737924745759514,0.5523792474575951,0.1
127,-1.8227575540542602,-14.065141487121583,14.182758904867931,-2.672333002090454,0.0043212031489449475,unknown,0.5,0.2,0.5,0.0,5,0.8581724109513207,0.4880999037577379,0.5630999037577379,0.1
128,-1.2644639015197754,-13.950215021769205,14.007404046140804,-2.6400994459788003,0.006093486229469697,unknown,0.5,0.2,0.5,0.0,3,0.859925959538592,0.488891810795998,0.563891810795998,0.1
129,-1.300180108923661,-10.811168545170835,10.889069456465599,-2.4456177887163664,0.020343583456828955,unknown,0.5,0.2,0.5,0.0,38,0.8911093054353441,0.5003843291491276,0.5753843291491275,0.1
130,-1.315345754990211,-8.794832926530104,8.892649810981474,-2.3302054221813497,0.006218584803054525,unknown,0.5,0.2,0.5,0.0,26,0.9110735018901852,0.5042548382875137,0.5792548382875137,0.1
131,-1.417134605136446,-6.85961225280514,7.004466485601143,-0.9725413582530965,0.3859020782880408,vehicle,1.0,0.8,0.5,0.0,308,0.9299553351439885,0.8068719122864026,0.8818719122864026,0.05
132,-1.5564100096098092,-4.858707751880507,5.1019068137508485,-0.5674539417558762,0.31890317730973605,vehicle,1.0,0.8,0.5,0.0,714,0.9489809318624916,0.8025297561552078,0.8775297561552078,0.05
133,-1.844515497865493,-2.974210304511505,3.4997377555080336,-0.4618215277109665,0.23695509713708432,vehicle,1.0,0.8,0.5,0.0,1412,0.9650026224449196,0.7950440513040385,0.8700440513040385,0.05
134,-0.41622682292749213,-0.6758806040920642,0.7937627851645399,-0.3165441702118155,0.06772967478248731,unknown,0.5,0.2,0.5,0.0,1031,0.9920623721483546,0.5377781628618795,0.6127781628618795,0.1
135,-0.3099553777000506,0.5409264625516874,0.6234370650305154,-0.3333376336787779,0.03067810130484357,unknown,0.5,0.2,0.5,0.0,1287,0.9937656293496948,0.532731404000635,0.607731404000635,0.1
136,-1.6849764737215909,3.7738822286779232,4.132956906734728,-1.6733187892220236,0.0038617341081034827,unknown,0.5,0.2,0.5,0.0,55,0.9586704309326527,0.5181803893960113,0.5931803893960113,0.1
137,-0.9957116697629292,4.888136447906494,4.988518784434314,-1.6026359688440959,0.011696738930881058,unknown,0.5,0.2,0.5,0.0,375,0.9501148121556569,0.5167889544863293,0.5917889544863293,0.1
138,-1.0129460052321,6.9433127130780905,7.0168120283436055,-1.4977624314171927,0.011474378147252585,unknown,0.5,0.2,0.5,0.0,140,0.9298318797165639,0.5106707206370571,0.585670720637057,0.1
139,-0.9884688033395119,9.044005535744333,9.097862754831466,-1.3862467408180237,0.011538282036709044,unknown,0.5,0.2,0.5,0.0,74,0.9090213724516853,0.504437154041012,0.5794371540410119,0.1
140,-0.9746234985368867,10.924387993351106,10.96777753207887,-1.2823600115314606,0.0030289409945264208,unknown,0.5,0.2,0.5,0.0,31,0.8903222246792113,0.4975510085529424,0.5725510085529424,0.1
141,-0.9680866750854032,12.551452707361292,12.588731344961058,-1.1756474000436288,0.002703155685927805,unknown,0.5,0.2,0.5,0.0,27,0.8741126865503894,0.49263927931800594,0.567639279318006,0.1
142,-0.8311439855345364,14.644815642258216,14.668381830332246,-0.8656736067594403,0.13261471596751298,unknown,0.5,0.2,0.5,0.0,29,0.8533161816966776,0.5058870619041302,0.5808870619041302,0.1
143,-0.9942532321438193,16.844004948933918,16.873323389579742,-0.7873381574948629,0.0015654902188631439,unknown,0.5,0.2,0.5,0.0,21,0.8312667661042026,0.4796148533640902,0.5546148533640902,0.1
144,-1.7495444019635518,19.671855926513672,19.749501796449273,0.6893282036344317,0.16697806064522863,vehicle,1.0,0.8,0.5,0.0,6,0.8025049820355072,0.7357982037074365,0.8107982037074365,0.05
145,-1.2995299196669035,20.770271709987096,20.810885731241708,0.0572194651404061,0.2387575112463881,unknown,0.5,0.2,0.5,0.0,28,0.791891142687583,0.5033809694932332,0.5783809694932331,0.1
146,-0.8550771214067936,26.59766459465027,26.611405802269555,1.654033371778496e-05,2.4840288142186645e-06,unknown,0.5,0.2,0.5,0.0,8,0.7338859419773045,0.4501661551975134,0.5251661551975134,0.1
147,-0.7482211738824844,36.99067783355713,36.998244303089045,0.8590212613344193,0.001252589222208361,unknown,0.5,0.2,0.5,0.0,4,0.6300175569691095,0.41919315547406416,0.49419315547406417,0.2
148,-1.5965481996536255,39.40897750854492,39.4413041673677,0.9157398343086243,0.0,unknown,0.5,0.2,0.5,0.0,1,0.605586958326323,0.4116760874978969,0.4866760874978969,0.2
149,-1.8697082996368408,40.395931243896484,40.43917741729353,0.9389177560806274,0.0,unknown,0.5,0.2,0.5,0.0,1,0.5956082258270647,0.4086824677481194,0.4836824677481194,0.2
150,-0.25269678235054016,45.034366607666016,45.03507556802224,6.598671913146973,0.33805890779334496,unknown,0.5,0.2,0.5,0.0,4,0.5496492443197776,0.445603609464935,0.520603609464935,0.1
151,-0.5641498068968455,46.9809455871582,46.984332636189926,6.611981232961019,0.36393707643366036,unknown,0.5,0.2,0.5,0.0,3,0.5301566736381007,0.44363756355647926,0.5186375635564793,0.1
152,-0.8673864801724752,48.81352742513021,48.82123328009981,6.870258967081706,0.37789499393646814,unknown,0.5,0.2,0.5,0.0,3,0.5117876671990018,0.4402205492501708,0.5152205492501708,0.1
153,-0.9084637140234312,51.11818250020345,51.12625439481953,6.580824136734009,0.7765468352890749,unknown,0.5,0.2,0.5,0.0,6,0.48873745605180463,0.4931032621089026,0.5681032621089026,0.1
154,-0.9389189183712006,52.87810802459717,52.88644322504816,4.935544908046722,0.7294864893730265,unknown,0.5,0.2,0.5,0.0,4,0.47113556774951837,0.48076364373080943,0.5557636437308094,0.1
155,-0.6095603108406067,54.573272705078125,54.5766768639808,2.5451414585113525,0.0,unknown,0.5,0.2,0.5,0.0,1,0.454233231360192,0.3662699694080576,0.4412699694080576,0.2
156,-1.6757656335830688,60.37638854980469,60.39963977355895,5.63503885269165,0.0,unknown,0.5,0.2,0.5,0.0,1,0.39600360226441045,0.3488010806793231,0.4238010806793231,0.2
157,0.8386683848686516,-6.913925731182099,6.964605780378392,-0.9595444560050964,0.048012267075787644,vehicle,1.0,0.8,0.5,0.0,40,0.9303539421962161,0.756308022720233,0.831308022720233,0.05
158,0.7653259385871813,-5.0240592165112,5.082016804703176,-0.6966870585417846,0.08141549666489652,vehicle,1.0,0.8,0.5,0.0,241,0.9491798319529683,0.766966274085625,0.841966274085625,0.05
159,0.7730659770419299,-3.5935915895410484,3.6758035199504278,-1.1124984747654683,0.05198984265871151,vehicle,1.0,0.8,0.5,0.0,370,0.9632419648004957,0.7667710658389555,0.8417710658389554,0.05
160,0.048885772088664466,-0.12348061626990016,0.13280542649718488,-0.06684882095312886,0.05267645486555117,unknown,0.5,0.2,0.5,0.0,4680,0.9986719457350282,0.5375030519503411,0.612503051950341,0.1
161,0.23088408879811215,0.437178238386027,0.4944009249368819,-0.2630709663656571,0.06113441610433189,unknown,0.5,0.2,0.5,0.0,1523,0.9950559907506312,0.5376869596408391,0.6126869596408391,0.1
162,1.7020646860966315,3.775937502200787,4.141826676260553,-1.68015049971067,0.002682768575304493,unknown,0.5,0.2,0.5,0.0,52,0.9585817332373945,0.5179769352575141,0.592976935257514,0.1
163,0.9803580560218664,4.885290838335219,4.982686874882768,-1.607612161981351,0.012018933145893404,unknown,0.5,0.2,0.5,0.0,387,0.9501731312511723,0.5168547793472358,0.5918547793472357,0.1
164,0.9891977646879645,6.967585401402579,7.037453981625884,-1.5021173995402124,0.012327981117612302,unknown,0.5,0.2,0.5,0.0,144,0.9296254601837411,0.5107368352227643,0.5857368352227642,0.1
165,1.0145524635910987,9.02541483561198,9.082259061283352,-1.3856888310114543,0.013113532661587554,unknown,0.5,0.2,0.5,0.0,75,0.9091774093871665,0.5047202527153881,0.5797202527153881,0.1
166,1.0201005920534953,10.809627443552017,10.857654013934171,-1.2696405313909054,0.0004066866463060558,unknown,0.5,0.2,0.5,0.0,32,0.8914234598606583,0.4974880409551434,0.5724880409551434,0.1
167,1.021615085857255,12.332764557429723,12.375006222731603,-1.1558239672865187,0.0015721313536639883,unknown,0.5,0.2,0.5,0.0,28,0.876249937772684,0.4931108010348548,0.5681108010348548,0.1
168,1.0311240275738804,14.98617858013124,15.021609940210288,0.08151542066333195,0.26403476337632037,vehicle,1.0,0.8,0.5,0.0,131,0.8497839005978971,0.7645403846858172,0.8395403846858172,0.05
169,1.0571271072734485,16.644132267345082,16.677669401142655,-0.7784572839736938,0.0009964684689727622,unknown,0.5,0.2,0.5,0.0,11,0.8332233059885734,0.4801164620669179,0.5551164620669179,0.1
170,0.7849218249320984,28.361127853393555,28.37198751211819,3.987426996231079,5.395613277786599e-05,unknown,0.5,0.2,0.5,0.0,2,0.7162801248788181,0.4448921308835621,0.5198921308835621,0.1
171,1.9090617299079895,31.75572109222412,31.813052962199766,5.608988523483276,0.13816297892123017,unknown,0.5,0.2,0.5,0.0,2,0.6818694703780024,0.45528528795158524,0.5302852879515852,0.1
172,1.7702713161706924,32.848819732666016,32.89648641362851,5.021135717630386,0.3388933643290225,unknown,0.5,0.2,0.5,0.0,8,0.671035135863715,0.4821445454084679,0.5571445454084679,0.1
173,0.6784373621145884,41.916552225748696,41.92204226595158,7.3384581671820746,0.2595993647236484,unknown,0.5,0.2,0.5,0.0,9,0.5807795773404842,0.4431737779106925,0.5181737779106925,0.1
174,1.0797301600484743,42.28246307373047,42.29624688787291,5.860783214154451,0.4702725551064214,unknown,0.5,0.2,0.5,0.0,23,0.5770375311212709,0.4736521426023444,0.5486521426023444,0.1
175,0.043891774490475655,50.14578437805176,50.14580358691969,4.092989802360535,0.22316297119366427,unknown,0.5,0.2,0.5,0.0,2,0.4985419641308031,0.41303703491829064,0.48803703491829065,0.2
176,0.4420747756958008,64.9225082397461,64.92401332517272,6.057095527648926,0.0,unknown,0.5,0.2,0.5,0.0,1,0.35075986674827275,0.3352279600244818,0.4102279600244818,0.2
177,3.4910178581873574,-12.72474972407023,13.194940743573214,-0.7916991636157036,0.10851232148478987,unknown,0.5,0.2,0.5,0.0,12,0.8680505925642679,0.5066920259919989,0.5816920259919989,0.1
178,3.526686906814575,-10.98024107615153,11.532701965675809,-1.3129125038782756,0.1683923623423861,unknown,0.5,0.2,0.5,0.0,15,0.8846729803432419,0.5206607484543305,0.5956607484543305,0.1
179,3.6815430777413503,-8.919470254476968,9.649389050803407,-1.6604476969737512,0.1707118168909345,unknown,0.5,0.2,0.5,0.0,77,0.903506109491966,0.52665860538123,0.60165860538123,0.1
180,3.3889502121851995,-6.786561371729924,7.5856706224912545,-2.1035908222198487,0.01780101923491302,unknown,0.5,0.2,0.5,0.0,65,0.9241432937750874,0.5099131410177633,0.5849131410177633,0.1
181,3.0314904683009143,-4.84186794633549,5.712584324905003,-2.025161625084719,0.009078761781511355,unknown,0.5,0.2,0.5,0.0,211,0.94287415675095,0.5142240612925117,0.5892240612925117,0.1
182,3.206291379369035,-2.9094653829019896,4.329583493099678,-1.9454039326127694,0.008927511685098713,unknown,0.5,0.2,0.5,0.0,392,0.9567041650690032,0.5183503762734658,0.5933503762734658,0.1
183,3.3800109115985073,-1.018130298503288,3.5300230972693885,-1.8807220192766,0.007928604547409257,unknown,0.5,0.2,0.5,0.0,506,0.9646997690273061,0.5205992213903032,0.5955992213903032,0.1
184,3.511240277840541,1.104690897438335,3.6809170416640518,-1.6779771835198727,0.15365822634242465,unknown,0.5,0.2,0.5,0.0,520,0.9631908295833594,0.5420059828263716,0.6170059828263715,0.1
185,3.221446226958801,2.954726597174209,4.371284142816133,-1.7369614345352857,0.011174996166993932,unknown,0.5,0.2,0.5,0.0,357,0.9562871585718387,0.5185623969966007,0.5935623969966006,0.1
186,2.918379191726331,4.845150675092425,5.656184418055145,-1.6518711054187023,0.009662372369274731,unknown,0.5,0.2,0.5,0.0,259,0.9434381558194486,0.5144808026012259,0.5894808026012258,0.1
187,2.908979329012208,6.849260475675939,7.441406439664273,-1.5593286045527055,0.01203474573741125,unknown,0.5,0.2,0.5,0.0,118,0.9255859356033573,0.5094809925416189,0.5844809925416189,0.1
188,2.9963011741638184,8.893589274984011,9.384761633542224,-1.432572406782231,0.017895509825910184,unknown,0.5,0.2,0.5,0.0,71,0.9061523836645777,0.5045300415732599,0.5795300415732598,0.1
189,3.1706684642367895,11.02549934387207,11.472348246624538,-1.2504055976867676,0.023838060790127825,unknown,0.5,0.2,0.5,0.0,45,0.8852765175337546,0.4991586643786455,0.5741586643786455,0.1
190,2.965349628079322,13.053690141247165,13.386266272581148,-1.066951657495191,0.02944356794092363,unknown,0.5,0.2,0.5,0.0,31,0.8661373372741885,0.49425773637339504,0.569257736373395,0.1
191,2.85849223353646,14.745563116940586,15.020073551246906,0.1968898798096978,0.22036357967606907,vehicle,1.0,0.8,0.5,0.0,110,0.849799264487531,0.7579943162976697,0.8329943162976696,0.05
192,3.0756026840209962,16.293798522949217,16.581531961083066,-0.5878030252456665,0.1904696825156721,unknown,0.5,0.2,0.5,0.0,25,0.8341846803891694,0.5088258564941016,0.5838258564941016,0.1
193,3.3282998852107837,24.674260927283246,24.897725446987135,4.170830322348553,0.18010619174662265,unknown,0.5,0.2,0.5,0.0,23,0.7510227455301286,0.4823227524210319,0.5573227524210319,0.1
194,3.051126377923148,26.974803243364608,27.146811639533144,3.9558038881846835,0.3204269753410899,unknown,0.5,0.2,0.5,0.0,14,0.7285318836046686,0.496623611382564,0.571623611382564,0.1
195,2.407448689142863,28.961449729071724,29.061338227968864,4.77516147825453,0.2082326266765033,unknown,0.5,0.2,0.5,0.0,9,0.7093866177203114,0.4740508793175689,0.5490508793175689,0.1
196,2.392138659954071,30.669946908950806,30.763094297653282,4.600931286811829,0.3613919139434292,unknown,0.5,0.2,0.5,0.0,8,0.6923690570234672,0.4919195041985545,0.5669195041985545,0.1
197,2.6244743210928783,32.772871834891184,32.87778876032085,3.6229176180703297,0.13428631617667325,unknown,0.5,0.2,0.5,0.0,7,0.6712221123967915,0.45150958114553835,0.5265095811455384,0.1
198,2.60005521774292,34.02265167236328,34.121856836260775,3.183351516723633,0.0,unknown,0.5,0.2,0.5,0.0,1,0.6587814316373922,0.4276344294912176,0.5026344294912176,0.1
199,2.64547336101532,38.97452354431152,39.06420375241168,3.6444642543792725,0.017015039403206006,unknown,0.5,0.2,0.5,0.0,2,0.6093579624758831,0.4153596446532459,0.4903596446532459,0.2
200,2.3065853118896484,41.09142303466797,41.15610990867658,3.839637279510498,0.020497285203254435,unknown,0.5,0.2,0.5,0.0,2,0.5884389009132343,0.4096062630544584,0.4846062630544584,0.2
201,2.014735778172811,42.30127080281576,42.349222800294726,4.950543562571208,0.3064291435454659,unknown,0.5,0.2,0.5,0.0,3,0.5765077719970527,0.4489167031309356,0.5239167031309356,0.1
202,4.561059951782227,-69.96133422851562,70.10985347950617,-3.2700698375701904,0.0,unknown,0.5,0.2,0.5,0.0,1,0.2989014652049383,0.3196704395614815,0.3946704395614815,0.2
203,4.777101516723633,-23.79886245727539,24.273577263382407,-1.1322107315063477,0.0,unknown,0.5,0.2,0.5,0.0,1,0.7572642273661759,0.4571792682098527,0.5321792682098527,0.1
204,4.427142262458801,-18.800074100494385,19.314304926559707,-0.9009309858083725,0.00819692611216095,unknown,0.5,0.2,0.5,0.0,4,0.8068569507344029,0.473286624137145,0.548286624137145,0.1
205,4.627661800384521,-16.97223663330078,17.591818270875105,-1.2304506301879883,0.09634729395766932,unknown,0.5,0.2,0.5,0.0,5,0.824081817291249,0.49167663928102506,0.5666766392810251,0.1
206,4.6954021790448355,-12.639462280273438,13.48342717403235,0.4197431314948891,0.46051506997210145,unknown,0.5,0.2,0.5,0.0,85,0.8651657282596765,0.5586269789737182,0.6336269789737181,0.1
207,4.935658060271164,-11.029968590571963,12.083911932686524,-0.7835895803479522,0.3987072986737221,vehicle,1.0,0.8,0.5,0.0,116,0.8791608806731348,0.7935543590029989,0.8685543590029988,0.05
208,5.184557813279172,-9.33214737506623,10.675608383094128,-1.685026003959331,0.22950307115208046,vehicle,1.0,0.8,0.5,0.0,94,0.8932439161690587,0.7723986355235296,0.8473986355235296,0.05
209,4.529219147185205,-6.825700850553916,8.191704229553306,-1.12062297541071,0.2989355077742386,unknown,0.5,0.2,0.5,0.0,142,0.9180829577044669,0.5502652134774759,0.6252652134774759,0.1
210,4.59618529427815,-5.072047719814507,6.844748887389096,-1.3633775749964079,0.27719590372508035,unknown,0.5,0.2,0.5,0.0,203,0.931552511126109,0.5510451388965948,0.6260451388965947,0.1
211,4.397830434873993,-2.75235674038432,5.188099860280541,-1.3041122597371178,0.2775124818103884,unknown,0.5,0.2,0.5,0.0,306,0.9481190013971946,0.5560625726907167,0.6310625726907166,0.1
212,4.46127485384008,-0.9737455012678213,4.566306343506221,-1.3289072903582413,0.242377922340367,unknown,0.5,0.2,0.5,0.0,649,0.9543369365649378,0.5526577693205363,0.6276577693205363,0.1
213,4.228043921047336,0.9265493113849761,4.328377181431085,-1.295827162902498,0.19468077970631828,unknown,0.5,0.2,0.5,0.0,579,0.9567162281856891,0.5462169854116545,0.6212169854116545,0.1
214,4.7055467179164525,3.031468188122199,5.597496698533299,-0.8752003343031829,0.3118920522089055,unknown,0.5,0.2,0.5,0.0,577,0.944025033014667,0.559991317735736,0.6349913177357359,0.1
215,5.113619814614881,4.884841120805863,7.071830059039726,-1.304080844685361,0.29587140419148855,unknown,0.5,0.2,0.5,0.0,233,0.9292816994096027,0.5531652204516041,0.6281652204516041,0.1
216,4.940456549326579,6.891222106085883,8.479212995979678,-1.4954381759720619,0.022251273406246854,unknown,0.5,0.2,0.5,0.0,99,0.9152078700402032,0.5079000520229979,0.5829000520229979,0.1
217,4.880223482305353,8.816308212280273,10.076897922037572,-1.4215101697228172,0.02345918544933745,unknown,0.5,0.2,0.5,0.0,55,0.8992310207796242,0.503288184051288,0.5782881840512879,0.1
218,4.883071114035213,10.967152707716998,12.005116493358546,-1.2407482511856978,0.026688123634256097,unknown,0.5,0.2,0.5,0.0,51,0.8799488350664145,0.4979878690650628,0.5729878690650628,0.1
219,5.022622089385987,13.392295188903809,14.3031571018263,-1.0011585998535155,0.0014936917109837234,unknown,0.5,0.2,0.5,0.0,25,0.856968428981737,0.4873145824511687,0.5623145824511687,0.1
220,4.715398402924233,14.810266961442663,15.542811507816097,-0.25638155926324235,0.158384432518436,vehicle,1.0,0.8,0.5,0.0,47,0.844571884921839,0.7471292303543171,0.8221292303543171,0.05
221,4.169168949127197,16.028473536173504,16.561821567272748,-0.772442897160848,0.00010405642372412226,unknown,0.5,0.2,0.5,0.0,3,0.8343817843272725,0.4803301437617404,0.5553301437617404,0.1
222,5.1311589649745395,23.522475160871235,24.075623149103386,3.805048131942749,0.2551984341935432,unknown,0.5,0.2,0.5,0.0,35,0.7592437685089661,0.49605289568172123,0.5710528956817212,0.1
223,4.863375680787223,24.758445807865687,25.231588571342364,3.1507759945733205,0.30087214315595273,unknown,0.5,0.2,0.5,0.0,28,0.7476841142865764,0.49943605575936584,0.5744360557593658,0.1
224,5.181909084320068,51.82341766357422,52.08184712633966,4.858879089355469,0.0,unknown,0.5,0.2,0.5,0.0,1,0.47918152873660336,0.37375445862098094,0.44875445862098096,0.2
225,6.792423248291016,-31.02259635925293,31.75749515394842,-1.4812989234924316,0.0,unknown,0.5,0.2,0.5,0.0,1,0.6824250484605159,0.4347275145381548,0.5097275145381548,0.1
226,7.992862701416016,-25.5364933013916,26.758145382214096,-3.124727725982666,0.0,unknown,0.5,0.2,0.5,0.0,1,0.7324185461778591,0.44972556385335766,0.5247255638533577,0.1
227,7.657250881195068,-23.058792114257812,24.296941882181816,-2.8373167514801025,0.0,unknown,0.5,0.2,0.5,0.0,1,0.7570305811781819,0.4571091743534546,0.5321091743534546,0.1
228,7.219574451446533,-20.931891123453777,22.141958388184694,-2.5856998761494956,0.01322813599367294,unknown,0.5,0.2,0.5,0.0,3,0.7785804161181531,0.46555834523449685,0.5405583452344969,0.1
229,7.450075149536133,-14.518116474151611,16.318067461889235,-1.90561044216156,0.0004816802923656147,unknown,0.5,0.2,0.5,0.0,2,0.8368193253811076,0.4811180496581871,0.5561180496581871,0.1
230,7.377383809340627,-12.825225026983963,14.795681426115427,-1.9488685507523387,0.09239951499538633,unknown,0.5,0.2,0.5,0.0,19,0.8520431857388457,0.49947288297096165,0.5744728829709617,0.1
231,6.072444438934326,-10.907051086425781,12.48352293488686,-2.352219502131144,0.0004621868049683723,vehicle,1.0,0.8,0.5,0.0,3,0.8751647706511314,0.7326187592160847,0.8076187592160846,0.05
232,7.012909173965454,-8.854998975992203,11.295658544197934,-2.154255725443363,0.042663152295835144,unknown,0.5,0.2,0.5,0.0,32,0.8870434145580206,0.5025124972117815,0.5775124972117814,0.1
233,6.9493664458945945,-6.926331502419931,9.811613632871017,-1.938619919397213,0.10646450080412763,unknown,0.5,0.2,0.5,0.0,54,0.9018838636712898,0.5165348342220061,0.591534834222006,0.1
234,6.8807923567922495,-4.908782477127878,8.452304352367367,-1.960705636676989,0.014279562991331193,unknown,0.5,0.2,0.5,0.0,95,0.9154769564763263,0.5067850213915976,0.5817850213915976,0.1
235,7.050918619511491,-3.249193502684771,7.763550205728225,-1.8365828869706493,0.05051450765948921,unknown,0.5,0.2,0.5,0.0,59,0.9223644979427177,0.5142865255317387,0.5892865255317387,0.1
236,7.44625123602445,-0.93397866283121,7.504596832116941,-1.4297374646520353,0.09454395995235347,unknown,0.5,0.2,0.5,0.0,183,0.9249540316788306,0.5216678034965022,0.5966678034965022,0.1
237,7.0033335918965545,0.849674967244146,7.054688437439887,-1.3161310906643453,0.09092032028691051,unknown,0.5,0.2,0.5,0.0,184,0.9294531156256012,0.522473982730717,0.597473982730717,0.1
238,6.575870291392008,2.485257705052694,7.0298347028743,-1.4525933980941772,0.066413106724003,unknown,0.5,0.2,0.5,0.0,15,0.929701652971257,0.5188724618999776,0.5938724618999776,0.1
239,6.272432418969961,5.262589509670551,8.187689344243582,-0.9714467342083271,0.22571869205567358,unknown,0.5,0.2,0.5,0.0,26,0.9181231065575641,0.5392947357756203,0.6142947357756202,0.1
240,6.986342725546463,6.928999641667241,9.839716495561278,-0.9914732592360056,0.23111122100818052,unknown,0.5,0.2,0.5,0.0,92,0.9016028350443872,0.5351475336645433,0.6101475336645432,0.1
241,6.843560450785869,8.821980734129209,11.165198776417167,-1.3063842315931578,0.004746362756280191,unknown,0.5,0.2,0.5,0.0,37,0.8883480122358283,0.49721635808419046,0.5722163580841905,0.1
242,6.979577098573957,10.875744819641113,12.922705670906868,-1.207105623824256,0.003897640035645722,unknown,0.5,0.2,0.5,0.0,28,0.8707729432909314,0.49181652899262623,0.5668165289926262,0.1
243,7.009273052215576,12.799049417177836,14.592654820281187,-1.0213947395483653,0.0027079061400586443,unknown,0.5,0.2,0.5,0.0,24,0.8540734517971882,0.4866282214601652,0.5616282214601652,0.1
244,6.976974805196126,15.265628950936454,16.784445319998238,-0.7833613668169294,0.0013252139656353948,unknown,0.5,0.2,0.5,0.0,21,0.8321555468000177,0.47984544613485053,0.5548454461348505,0.1
245,7.428840001424153,19.10131369696723,20.495068887825372,-0.4760505325264401,0.0004051891739931981,unknown,0.5,0.2,0.5,0.0,9,0.7950493111217463,0.4685755717126228,0.5435755717126228,0.1
246,6.994786140530608,23.432370740313864,24.454100508161744,4.034532929575721,0.1795685011298725,unknown,0.5,0.2,0.5,0.0,43,0.7554589949183825,0.4835729736449956,0.5585729736449956,0.1
247,7.084647688754769,24.544085436089095,25.546122264794302,2.2053861812103626,0.24192049749487418,unknown,0.5,0.2,0.5,0.0,43,0.744538777352057,0.48964970782984824,0.5646497078298482,0.1
248,9.203946590423584,-34.22952651977539,35.44535397774124,4.144691467285156,0.00048343973147793644,unknown,0.5,0.2,0.5,0.0,2,0.6455464602225875,0.4237364540264979,0.4987364540264979,0.2
249,8.104769706726074,-25.380281448364258,26.64293486831448,-3.1112749576568604,0.0,unknown,0.5,0.2,0.5,0.0,1,0.7335706513168552,0.4500711953950565,0.5250711953950565,0.1
250,8.179883241653442,-12.773021697998047,15.167747794073177,-2.036253869533539,0.09783740941241108,unknown,0.5,0.2,0.5,0.0,4,0.8483225220592683,0.4991723680296422,0.5741723680296422,0.1
251,8.496802965799967,-11.166777080959744,14.031841326621212,-2.307464506891039,0.023111134498036687,unknown,0.5,0.2,0.5,0.0,18,0.8596815867337879,0.49137114619484185,0.5663711461948419,0.1
252,9.42328945795695,-8.911863194571602,12.969953346377254,-1.8188524941603343,0.08776221213705461,unknown,0.5,0.2,0.5,0.0,36,0.8703004665362275,0.5042544717814265,0.5792544717814264,0.1
253,8.885326633453369,-6.740960693359375,11.153007686385402,-1.8327604198455811,0.07423304767639351,unknown,0.5,0.2,0.5,0.0,50,0.8884699231361459,0.5076759340923028,0.5826759340923028,0.1
254,8.823972625117149,-5.189505230995916,10.236867559529662,-1.6185685261603324,0.08951961221855786,unknown,0.5,0.2,0.5,0.0,62,0.8976313244047034,0.5127173391541947,0.5877173391541947,0.1
255,8.19681199391683,-2.854319846991337,8.679566155779185,-1.5070476405548328,0.09320688115030554,unknown,0.5,0.2,0.5,0.0,66,0.9132043384422082,0.5179423337052083,0.5929423337052082,0.1
256,8.03148165616122,-1.8756738901138306,8.247596627824917,-1.6266136386177756,0.04855916665932118,unknown,0.5,0.2,0.5,0.0,11,0.9175240337217508,0.5125410851154235,0.5875410851154235,0.1
257,9.922533211500749,1.691907885281936,10.065744762590326,1.0620434818632456,0.301963146788376,unknown,0.5,0.2,0.5,0.0,92,0.8993425523740968,0.5450972377304855,0.6200972377304854,0.1
258,9.6775496123267,2.621763014402546,10.026395553873476,-0.13801828587320863,0.44858899757120624,unknown,0.5,0.2,0.5,0.0,305,0.8997360444612652,0.5672091629740604,0.6422091629740604,0.1
259,8.86355226690119,4.213949420235374,9.814271674678222,-1.6525680802085183,0.009265085947243831,unknown,0.5,0.2,0.5,0.0,11,0.9018572832532178,0.5019469478680519,0.5769469478680519,0.1
260,8.70024501800537,7.346464061737061,11.387045164735294,-1.4441151332855224,0.04022127341061304,unknown,0.5,0.2,0.5,0.0,25,0.886129548352647,0.5018720555173861,0.5768720555173861,0.1
261,8.770714964185442,8.787245494978768,12.415358406909206,0.2317290767787199,0.4965310656235486,unknown,0.5,0.2,0.5,0.0,56,0.875846415930908,0.5672335846228047,0.6422335846228047,0.1
262,8.94494334511135,10.989776735720428,14.169940160361785,-1.1529728122379468,0.033466744518152965,unknown,0.5,0.2,0.5,0.0,23,0.8583005983963822,0.4925101911966376,0.5675101911966376,0.1
263,8.517474541297325,12.232358345618614,14.905635285262868,-1.0427387494307299,0.0018834431250375672,unknown,0.5,0.2,0.5,0.0,13,0.8509436471473714,0.48556561061296705,0.5605656106129671,0.1
264,8.95813783009847,14.590998059227353,17.121491107593922,-0.7991357360567365,0.0020487690207365785,unknown,0.5,0.2,0.5,0.0,21,0.8287850889240608,0.4789428420303287,0.5539428420303287,0.1
265,9.564027033354106,17.242387169285823,19.717264728919186,0.0001918228111830295,0.12584892760706942,vehicle,1.0,0.8,0.5,0.0,19,0.8028273527108081,0.7297255449543029,0.8047255449543028,0.05
266,8.943431430392796,18.67080232832167,20.702266188352414,-0.4548945095496795,0.041742956540417694,unknown,0.5,0.2,0.5,0.0,18,0.7929773381164759,0.4741546449160054,0.5491546449160054,0.1
267,9.20265723998288,23.229964060955737,24.98639891120576,2.7617226944367066,0.6063034789842352,unknown,0.5,0.2,0.5,0.0,83,0.7501360108879424,0.545986325114018,0.620986325114018,0.1
268,8.672354581879407,24.185726956623355,25.6935618864762,1.7687650788121108,0.31362554110989255,unknown,0.5,0.2,0.5,0.0,41,0.743064381135238,0.4999631455070552,0.5749631455070552,0.1
269,10.12666928768158,-33.67723894119263,35.16682888126614,0.8241597623127745,0.5387138566511462,unknown,0.5,0.2,0.5,0.0,8,0.6483317111873386,0.5053065918538735,0.5803065918538735,0.1
270,11.835532903671265,-24.93095064163208,27.597683580499652,0.9638238996267319,0.12264544075682217,unknown,0.5,0.2,0.5,0.0,4,0.7240231641950035,0.46560376537202436,0.5406037653720244,0.1
271,11.277651906013489,-18.826693058013916,21.946065798085066,-1.983619973063469,0.11585357786909015,unknown,0.5,0.2,0.5,0.0,8,0.7805393420191493,0.4815398392861083,0.5565398392861083,0.1
272,10.23653507232666,-14.46270809173584,17.718819814923766,-2.4907442569732665,0.01585740546798929,unknown,0.5,0.2,0.5,0.0,5,0.8228118018507623,0.47922215137542706,0.5542221513754271,0.1
273,10.629490988595146,-12.865409987313408,16.688464663302284,-0.9214487586702619,0.7938090732000784,unknown,0.5,0.2,0.5,0.0,14,0.8331153533669772,0.5990059669901049,0.6740059669901048,0.1
274,11.728318260192871,-10.794733390808105,15.939878236391927,1.1158684836977628,0.5636400167401991,unknown,0.5,0.2,0.5,0.0,125,0.8406012176360808,0.5667263678018541,0.6417263678018541,0.1
275,11.688356010166146,-9.017841243179593,14.76276149328363,0.772231090581389,0.5472424920062313,unknown,0.5,0.2,0.5,0.0,169,0.8523723850671637,0.5677980893210838,0.6427980893210837,0.1
276,11.494857168197631,-7.506270365715027,13.728650192953278,0.26297862112522125,0.5069357633011988,unknown,0.5,0.2,0.5,0.0,100,0.8627134980704672,0.56485441391632,0.6398544139163199,0.1
277,11.197667630513509,-4.712761910756429,12.148987002665145,-0.2604263210075996,0.4156951750988737,unknown,0.5,0.2,0.5,0.0,105,0.8785101299733485,0.5559073152568357,0.6309073152568356,0.1
278,10.927397613525391,-3.1815099787712096,11.381125794450266,0.4861868268251419,0.5542932646960151,unknown,0.5,0.2,0.5,0.0,100,0.8861887420554974,0.5790006123210516,0.6540006123210516,0.1
279,10.438340471936511,-0.7959829766690555,10.468645600421034,0.31940100397105786,0.3907782504479564,unknown,0.5,0.2,0.5,0.0,308,0.8953135439957897,0.5572108007659304,0.6322108007659304,0.1
280,10.135347805239938,0.865878537046559,10.172267238629741,0.2716703570929233,0.34115893358771127,unknown,0.5,0.2,0.5,0.0,352,0.8982773276137026,0.5506570383222674,0.6256570383222674,0.1
281,10.180732851443084,2.638773928517881,10.517150243211233,-1.4700590138850005,0.0801865441928233,unknown,0.5,0.2,0.5,0.0,23,0.8948284975678876,0.5104765308992898,0.5854765308992897,0.1
282,11.088467333051893,4.96299163500468,12.148472898487505,-1.553692791197035,0.012726875117651876,unknown,0.5,0.2,0.5,0.0,18,0.8785152710151249,0.49546361257218524,0.5704636125721853,0.1
283,11.417688846588135,7.479358355204265,13.649337712983254,-1.3261371453603108,0.03402391548252672,unknown,0.5,0.2,0.5,0.0,6,0.8635066228701674,0.4941555741834293,0.5691555741834293,0.1
284,10.871443430582682,8.505234956741333,13.803162823560914,-0.7039061383693479,0.30600613616037153,unknown,0.5,0.2,0.5,0.0,12,0.8619683717643909,0.534491431953373,0.609491431953373,0.1
285,10.599001990424263,11.319819026523167,15.507325558788445,-1.0856054756376479,0.005982106207887472,unknown,0.5,0.2,0.5,0.0,9,0.8449267444121156,0.48437533925481785,0.5593753392548179,0.1
286,11.255218165261406,13.72267130443028,17.748003935008146,-0.8281441671507699,0.0024399081439339366,unknown,0.5,0.2,0.5,0.0,14,0.8225199606499185,0.4771219744165656,0.5521219744165656,0.1
287,10.252222379048666,14.09916909535726,17.432573903154506,-0.8132176597913107,0.0007562078069290253,unknown,0.5,0.2,0.5,0.0,6,0.825674260968455,0.47781570946157587,0.5528157094615759,0.1
288,11.13571934472947,17.084003902616956,20.392828020390244,0.1763246069028918,0.1634384757547003,vehicle,1.0,0.8,0.5,0.0,42,0.7960717197960976,0.7333372873020343,0.8083372873020342,0.05
289,10.841097259521485,18.12247657775879,21.117612249064052,-0.49054633378982543,0.00017832078483916129,vehicle,1.0,0.8,0.5,0.0,5,0.7888238775093595,0.7066739113705337,0.7816739113705337,0.05
290,10.972768448946768,23.069382667541504,25.545998984100542,2.6023191572800117,0.5324655932175548,unknown,0.5,0.2,0.5,0.0,114,0.7445400101589945,0.5332318420303316,0.6082318420303315,0.1
291,12.639466476440429,-28.52893829345703,31.20346828416579,1.4547923803329468,0.0013249245227192191,unknown,0.5,0.2,0.5,0.0,5,0.6879653171583421,0.4365883338259105,0.5115883338259105,0.1
292,12.17161922454834,-24.842991638183594,27.66446363265073,0.7731222588510718,0.1830915809216687,unknown,0.5,0.2,0.5,0.0,5,0.7233553636734926,0.474470346240298,0.549470346240298,0.1
293,13.064621578563344,-18.606222360784358,22.73490372818884,1.151728677212536,0.829627542728919,unknown,0.5,0.2,0.5,0.0,55,0.7726509627181116,0.5862394202247714,0.6612394202247713,0.1
294,12.869986817643449,-17.051019256179398,21.362907535279856,1.771208234389731,0.6114353442405027,unknown,0.5,0.2,0.5,0.0,74,0.7863709246472015,0.5576265790302358,0.6326265790302358,0.1
295,12.559772609192649,-14.990162307833447,19.556401867670253,1.700857047276876,0.5531991696322354,unknown,0.5,0.2,0.5,0.0,81,0.8044359813232975,0.5543106698418246,0.6293106698418246,0.1
296,12.246931791305542,-13.026564234778995,17.87956134986856,1.6619501002579844,0.5022441088017885,unknown,0.5,0.2,0.5,0.0,84,0.8212043865013144,0.5516979322706627,0.6266979322706626,0.1
297,12.492894315007907,-11.03925529878531,16.671459621692293,-0.31468841448033563,0.36025073678357605,unknown,0.5,0.2,0.5,0.0,67,0.833285403783077,0.5340232316524596,0.6090232316524595,0.1
298,12.044374465942383,-9.000217533111572,15.035653358573208,-0.3498870508017717,0.13338289601320294,unknown,0.5,0.2,0.5,0.0,10,0.8496434664142679,0.5049004743262608,0.5799004743262608,0.1
299,12.475133623395648,-4.190860748291016,13.160253520853727,0.379860895290871,0.2924625885609548,unknown,0.5,0.2,0.5,0.0,7,0.8683974647914627,0.5343886277215821,0.6093886277215821,0.1
300,12.765659435375317,-3.337340851087828,13.194692295628819,-0.14398174394689803,0.4003007879280011,unknown,0.5,0.2,0.5,0.0,37,0.8680530770437118,0.5504610413023137,0.6254610413023136,0.1
301,12.234883308410645,4.756991326808929,13.127122154294169,-1.533645048737526,0.002960412165115325,unknown,0.5,0.2,0.5,0.0,8,0.8687287784570583,0.4910626953618848,0.5660626953618848,0.1
302,12.673827115227194,6.682416859795065,14.32761629981559,-1.3376280349843643,0.012182673821248418,unknown,0.5,0.2,0.5,0.0,17,0.8567238370018441,0.4888445521737405,0.5638445521737405,0.1
303,12.309868335723877,8.348470211029053,14.873796196912771,0.3450387418270111,0.0021227294536486072,unknown,0.5,0.2,0.5,0.0,2,0.8512620380308723,0.485697020827309,0.560697020827309,0.1
304,12.157706260681152,10.580272197723389,16.1168229281991,-1.1273039281368256,0.0012954336230643082,unknown,0.5,0.2,0.5,0.0,4,0.8388317707180091,0.4818438462588623,0.5568438462588623,0.1
305,12.177951335906982,13.364184379577637,18.080484586179253,-0.8434631377458572,0.0008251818215881438,unknown,0.5,0.2,0.5,0.0,4,0.8191951541382074,0.47588232351470044,0.5508823235147005,0.1
306,12.689164469319005,16.91109195832283,21.14237276542723,-0.16477640663112153,0.14477720687336237,vehicle,1.0,0.8,0.5,0.0,31,0.7885762723457277,0.7282894627347227,0.8032894627347227,0.05
307,13.198245271046956,21.808910179138184,25.491611197341577,4.231078044573466,0.18465772855000046,unknown,0.5,0.2,0.5,0.0,30,0.7450838880265842,0.48122382569047534,0.5562238256904753,0.1
308,12.681932424887632,22.825871736575397,26.112292709833195,2.3454859868074074,0.4033526156932592,unknown,0.5,0.2,0.5,0.0,39,0.738877072901668,0.5121660142244894,0.5871660142244893,0.1
309,14.120936938694545,-10.20774255480085,17.424088730595933,-0.4645374833988691,0.2519935302180115,unknown,0.5,0.2,0.5,0.0,7,0.8257591126940407,0.515526763340914,0.5905267633409139,0.1
310,14.651421744247962,-3.2172042254743904,15.000485397354057,0.24761940208002764,0.3662403710008486,unknown,0.5,0.2,0.5,0.0,29,0.8499951460264594,0.5399345994580651,0.6149345994580651,0.1
311,14.8990083694458,5.617572689056397,15.922863225866394,-1.4864614725112915,0.0077869447527719815,unknown,0.5,0.2,0.5,0.0,5,0.8407713677413361,0.4833994520353166,0.5583994520353166,0.1
312,15.115976015726725,7.089380794101292,16.69586927811181,-1.3307791153589885,0.04343436640477597,unknown,0.5,0.2,0.5,0.0,9,0.8330413072188819,0.486427547126381,0.561427547126381,0.1
313,14.923504057384672,8.928301720392136,17.390386567328914,-0.8503840516329676,0.23196090362564112,unknown,0.5,0.2,0.5,0.0,21,0.8260961343267108,0.5126229758418595,0.5876229758418594,0.1
314,15.635357141494751,10.891776323318481,19.055056662715334,-0.7771157771348953,0.07278100609340056,unknown,0.5,0.2,0.5,0.0,4,0.8094494333728467,0.4837519809258641,0.5587519809258641,0.1
315,14.782662478360264,16.883475216952238,22.440562500761,-0.5214285904710944,0.0016973196125109633,unknown,0.5,0.2,0.5,0.0,11,0.77559437499239,0.46293291043959367,0.5379329104395937,0.1
316,14.96005295484494,21.34794142307379,26.067945592523294,4.285816913995987,0.19073684792121987,unknown,0.5,0.2,0.5,0.0,39,0.739320544074767,0.48040669041061307,0.5554066904106131,0.1
317,15.01817512512207,22.471238962809245,27.02780354768977,1.9749939680099486,0.14865075178969353,unknown,0.5,0.2,0.5,0.0,15,0.7297219645231023,0.47121420212538473,0.5462142021253847,0.1
318,17.318082809448242,-32.92282676696777,37.19984562498447,-0.0005097831114350507,2.282189206775893e-06,unknown,0.5,0.2,0.5,0.0,6,0.6280015437501554,0.41840080545342756,0.49340080545342757,0.2
319,17.210753440856934,-31.364097595214844,35.775922796821476,-0.8320885896682739,0.6298980986077347,unknown,0.5,0.2,0.5,0.0,4,0.6422407720317853,0.5171569464006959,0.5921569464006958,0.1
320,17.042625427246094,-18.346403121948242,25.04079848899486,-1.7514485120773315,0.0,unknown,0.5,0.2,0.5,0.0,1,0.7495920151100515,0.45487760453301546,0.5298776045330155,0.1
321,17.271774927775066,-17.67769940694173,24.71467712671779,-1.535789132118225,0.10021433954483323,unknown,0.5,0.2,0.5,0.0,3,0.7528532287328221,0.47088811955157156,0.5458881195515716,0.1
322,17.698360019259983,-6.37362093395657,18.811033761628032,0.87395840883255,0.43449975758410436,unknown,0.5,0.2,0.5,0.0,9,0.8118896623837197,0.5387418623527316,0.6137418623527315,0.1
323,17.300003433227538,-5.56768913269043,18.17386257975898,-0.3189756512641907,0.3940577812371067,unknown,0.5,0.2,0.5,0.0,5,0.8182613742024102,0.534587079446289,0.609587079446289,0.1
324,16.0457763671875,-3.8877456188201904,16.510042556651648,-0.770280122756958,0.0,unknown,0.5,0.2,0.5,0.0,1,0.8348995744334835,0.48046987233004507,0.5554698723300451,0.1
325,17.087219429016113,7.4611287117004395,18.645147075523603,-1.3045123934745788,0.012865313726291664,unknown,0.5,0.2,0.5,0.0,10,0.813548529244764,0.4759943558323729,0.5509943558323729,0.1
326,16.696956634521484,10.882582426071167,19.930352759430125,-0.8152501843869686,0.07897108452458944,unknown,0.5,0.2,0.5,0.0,8,0.8006964724056987,0.482054604400398,0.557054604400398,0.1
327,17.16139110765959,21.13390206454093,27.224165023443142,3.199882822637671,0.6455688177500755,unknown,0.5,0.2,0.5,0.0,57,0.7277583497655686,0.5451628275921819,0.6201628275921819,0.1
328,16.561962339613174,22.0833617316352,27.603866792697996,2.0018510950936212,0.2130343970069147,unknown,0.5,0.2,0.5,0.0,9,0.72396133207302,0.4791435591729432,0.5541435591729432,0.1
329,19.200233459472656,-68.53622436523438,71.17487629170843,-1.6532509326934814,0.0,unknown,0.5,0.2,0.5,0.0,1,0.28825123708291567,0.3164753711248747,0.39147537112487474,0.2
330,19.952972412109375,-34.72718048095703,40.051194392119704,0.9293026328086853,0.0,unknown,0.5,0.2,0.5,0.0,1,0.599488056078803,0.4098464168236409,0.48484641682364094,0.2
331,19.083399391174318,-32.65211410522461,37.81979227684468,0.08776005324907601,0.10025198826648744,unknown,0.5,0.2,0.5,0.0,10,0.6218020772315531,0.4315784214094391,0.5065784214094391,0.1
332,19.334255981445313,-31.222078704833983,36.7237205768547,0.01541663905372843,0.5349355182191998,unknown,0.5,0.2,0.5,0.0,5,0.632762794231453,0.5000691660023159,0.5750691660023158,0.1
333,19.27778646681044,-10.691098107231987,22.04387964489008,1.6584748658869002,0.3585242588214397,unknown,0.5,0.2,0.5,0.0,18,0.7795612035510993,0.5176469998885457,0.5926469998885456,0.1
334,18.637754440307617,-8.894061172709746,20.651155287806766,1.0541348494101412,0.605489740944051,unknown,0.5,0.2,0.5,0.0,34,0.7934884471219323,0.5588699952781874,0.6338699952781873,0.1
335,18.797507566564224,-6.766578085282269,19.978309981058498,0.2782650680661284,0.26607576762983504,unknown,0.5,0.2,0.5,0.0,17,0.800216900189415,0.5099764352012998,0.5849764352012997,0.1
336,18.29205762423002,-4.84703804896428,18.92334933293414,1.7658731295512273,0.00026046801872742605,unknown,0.5,0.2,0.5,0.0,13,0.8107665066706586,0.47326902220400674,0.5482690222040068,0.1
337,18.57273292541504,-3.7441970825195314,18.946382771166206,1.7672447204589843,0.00021030318172823018,unknown,0.5,0.2,0.5,0.0,5,0.810536172288338,0.47319239716376066,0.5481923971637607,0.1
338,18.626710891723633,6.808836460113525,19.83216106692428,-1.3876508176326752,0.007162859065520937,unknown,0.5,0.2,0.5,0.0,4,0.8016783893307572,0.47157794565905525,0.5465779456590553,0.1
339,19.350570331920277,8.498112851923162,21.13439126671537,-0.4085665403637739,0.20780651937524797,unknown,0.5,0.2,0.5,0.0,11,0.7886560873328463,0.49776780410614113,0.5727678041061411,0.1
340,19.022165005023663,10.794333604665903,21.871451699582416,-0.6635873437178537,0.11424888644328618,unknown,0.5,0.2,0.5,0.0,13,0.7812854830041759,0.4815229778677456,0.5565229778677456,0.1
341,18.9881578073269,20.961748751198375,28.283299800842126,2.4753441398288265,0.664683886255448,unknown,0.5,0.2,0.5,0.0,82,0.7171670019915788,0.5448526835357909,0.6198526835357908,0.1
342,21.746126174926758,-36.24908638000488,42.271624844579726,5.9500932097435,0.6031567427428696,unknown,0.5,0.2,0.5,0.0,4,0.5772837515542028,0.49365863687769124,0.5686586368776912,0.1
343,21.6283541969631,-34.97550417029339,41.12264093216171,4.774642661861751,0.8191146676047498,unknown,0.5,0.2,0.5,0.0,23,0.5887735906783829,0.5294992773442273,0.6044992773442273,0.1
344,21.285816421508787,-33.168320922851564,39.410956516829756,3.43709259532392,1.0,unknown,0.5,0.2,0.5,0.0,25,0.6058904348317025,0.5617671304495108,0.6367671304495107,0.1
345,20.807767731802805,-30.97646767752511,37.31627992924016,0.8815484162686127,0.9657872525639892,unknown,0.5,0.2,0.5,0.0,14,0.6268372007075984,0.562919248096878,0.6379192480968779,0.1
346,21.12789192199707,-6.085050296783447,21.986715402305396,1.2252863645553589,0.15210089867635057,unknown,0.5,0.2,0.5,0.0,5,0.7801328459769461,0.4868549885945364,0.5618549885945364,0.1
347,21.612139892578124,-4.614533805847168,22.099287612537946,-0.5138220429420471,0.0018394145243477442,unknown,0.5,0.2,0.5,0.0,5,0.7790071238746206,0.4639780493410383,0.5389780493410383,0.1
348,21.199626922607422,-3.860239028930664,21.548216330318873,-0.500762403011322,0.0,unknown,0.5,0.2,0.5,0.0,1,0.7845178366968113,0.4653553510090434,0.5403553510090434,0.1
349,21.453886032104492,9.286350917816161,23.377457929538732,-0.43233039186452515,0.1768514337176626,pedestrian_vru,1.0,0.95,0.5,0.0,10,0.7662254207046126,0.7488953412690331,0.8238953412690331,0.05
350,20.771879196166992,10.460844176156181,23.257261795361376,-0.6926771657807487,0.0882426353089181,unknown,0.5,0.2,0.5,0.0,7,0.7674273820463863,0.4734646099102536,0.5484646099102536,0.1
351,21.28850555419922,19.65268938164962,28.972895413865263,4.943501296796296,0.18137748607026535,unknown,0.5,0.2,0.5,0.0,19,0.7102710458613474,0.47028793666894403,0.545287936668944,0.1
352,20.61864137649536,20.958553075790405,29.400498622357578,1.3115718118763955,0.33712451836878127,unknown,0.5,0.2,0.5,0.0,24,0.7059950137764242,0.4923671818882444,0.5673671818882444,0.1
353,22.118745803833008,-34.788536071777344,41.22476389200954,-3.8467090129852295,0.013711895482027248,unknown,0.5,0.2,0.5,0.0,2,0.5877523610799046,0.4083824926462754,0.4833824926462754,0.2
354,23.79376983642578,-6.433842658996582,24.648282179282383,-0.5727882385253906,0.0012746008523186018,unknown,0.5,0.2,0.5,0.0,2,0.7535171782071761,0.45624634359000055,0.5312463435900006,0.1
355,22.91654133796692,-5.382349491119385,23.540126442721153,0.29987048357725143,0.40901535054848154,unknown,0.5,0.2,0.5,0.0,8,0.7645987355727885,0.5207319232541088,0.5957319232541087,0.1
356,23.13346290588379,10.082660675048828,25.235236323563075,-0.586472749710083,0.0,unknown,0.5,0.2,0.5,0.0,1,0.7476476367643692,0.4542942910293108,0.5292942910293108,0.1
357,22.880709686279296,19.252027053833007,29.902632349499154,4.799069099426269,0.203742288650916,unknown,0.5,0.2,0.5,0.0,25,0.7009736765050085,0.4708534462491399,0.5458534462491399,0.1
358,23.158612145317925,20.36612394120958,30.839914411132483,1.9955291483137343,0.16973332895888432,unknown,0.5,0.2,0.5,0.0,18,0.6916008558886751,0.46294025611043516,0.5379402561104352,0.1
359,25.711946487426758,-38.321041107177734,46.147658485672956,1.070708155632019,0.0,unknown,0.5,0.2,0.5,0.0,1,0.5385234151432705,0.3915570245429812,0.4665570245429812,0.2
360,25.08698558807373,-5.5741190910339355,25.698786927348305,1.7965126633644104,0.014568401150304387,unknown,0.5,0.2,0.5,0.0,4,0.743012130726517,0.45508889939050073,0.5300888993905007,0.1
361,24.439476013183594,9.804905891418457,26.33294832217898,0.6107577085494995,0.0,unknown,0.5,0.2,0.5,0.0,1,0.7366705167782102,0.451001155033463,0.526001155033463,0.1
362,24.836897168840682,19.260074070521764,31.429634330955093,3.4552479471479143,0.4043129224120605,unknown,0.5,0.2,0.5,0.0,7,0.6857036566904491,0.4963580353689438,0.5713580353689438,0.1
363,24.33825174967448,20.090970357259113,31.559429464532425,2.4537501335144043,0.13639375536735224,unknown,0.5,0.2,0.5,0.0,3,0.6844057053546757,0.45578077491150554,0.5307807749115055,0.1
364,27.082204341888428,-6.861841082572937,27.93797872177381,0.24526246416644426,0.12011716369585394,unknown,0.5,0.2,0.5,0.0,8,0.7206202127822618,0.4642036383890566,0.5392036383890566,0.1
365,26.42444133758545,-5.238782167434692,26.938744191244815,1.8831815123558044,0.005475933329091646,unknown,0.5,0.2,0.5,0.0,4,0.7306125580875518,0.45000515742562924,0.5250051574256293,0.1
366,27.48718770345052,9.046234448750814,28.93751622974037,-0.00024283925692240396,0.2072853588174165,unknown,0.5,0.2,0.5,0.0,3,0.7106248377025963,0.4742802551333914,0.5492802551333914,0.1
367,27.67740758260091,17.92840003967285,32.976755729998,5.682020266850789,0.21529383907447505,unknown,0.5,0.2,0.5,0.0,6,0.67023244270002,0.46336380867117727,0.5383638086711773,0.1
368,27.013483810424805,18.227826182047526,32.588064608058886,4.987310314178467,0.3410894918645723,unknown,0.5,0.2,0.5,0.0,15,0.6741193539194111,0.48339922995550916,0.5583992299555092,0.1
369,29.1530704498291,-12.483091831207275,31.71323222755846,2.95804762840271,0.0019335784706181742,unknown,0.5,0.2,0.5,0.0,2,0.6828676777244154,0.43515034008791736,0.5101503400879174,0.1
370,29.529388427734375,-10.548646545410156,31.35695656239627,1.4616883516311645,0.0024609192027700436,unknown,0.5,0.2,0.5,0.0,5,0.6864304343760372,0.43629826819322665,0.5112982681932267,0.1
371,29.344451904296875,-9.534584999084473,30.854580999721243,1.4382145404815674,0.0,unknown,0.5,0.2,0.5,0.0,1,0.6914541900027875,0.43743625700083627,0.5124362570008363,0.1
372,29.058778285980225,17.621183122907365,33.984094663898155,5.324603719370706,0.3219780476600284,unknown,0.5,0.2,0.5,0.0,28,0.6601590533610184,0.4763444231573098,0.5513444231573098,0.1
373,29.062440490722658,18.733970069885252,34.577262498008025,2.7431543827056886,0.24766665630141987,unknown,0.5,0.2,0.5,0.0,10,0.6542273750199197,0.4634182109511889,0.5384182109511889,0.1
374,30.990865843636648,17.108678136553085,35.39972645824335,5.39911961555481,0.3563621544544154,unknown,0.5,0.2,0.5,0.0,28,0.6460027354175665,0.4772551437934322,0.5522551437934322,0.1
375,31.049725941249303,18.256899697440012,36.01943735803039,2.518122468675886,0.01102964599440984,unknown,0.5,0.2,0.5,0.0,7,0.6398056264196961,0.42359613482507036,0.49859613482507037,0.2
376,33.97200012207031,-5.052876949310303,34.34571818667964,5.641982555389404,0.0,unknown,0.5,0.2,0.5,0.0,1,0.6565428181332036,0.42696284543996105,0.5019628454399611,0.1
377,32.956241492069125,16.87696988654859,37.026287497331495,4.75129652888493,0.6801722192222781,unknown,0.5,0.2,0.5,0.0,33,0.629737125026685,0.5209469703913472,0.5959469703913471,0.1
378,32.39664840698242,18.083707809448242,37.102066197762305,0.8606038093566895,0.0,unknown,0.5,0.2,0.5,0.0,1,0.6289793380223769,0.41869380140671303,0.49369380140671304,0.2
379,35.89959716796875,-36.94205093383789,51.51209764725858,-1.1968505382537842,0.0,unknown,0.5,0.2,0.5,0.0,1,0.4848790235274142,0.37546370705822424,0.45046370705822425,0.2
380,35.60068130493164,-12.823276042938232,37.839726714772965,0.8777333498001099,0.0021768773201758925,unknown,0.5,0.2,0.5,0.0,2,0.6216027328522704,0.41680735145370745,0.49180735145370746,0.2
381,35.38640546798706,-7.0871047377586365,36.08912226015958,5.493522882461548,0.19975061717739,unknown,0.5,0.2,0.5,0.0,8,0.6391087773984042,0.4516952257961297,0.5266952257961297,0.1
382,34.49911244710287,-5.65595178604126,34.95967033946217,4.085784872372945,0.5855841382174798,unknown,0.5,0.2,0.5,0.0,15,0.6504032966053783,0.5129586097142355,0.5879586097142354,0.1
383,35.41732441295277,15.872263474897904,38.81128207607833,6.293271975083784,0.339026749286079,unknown,0.5,0.2,0.5,0.0,11,0.6118871792392166,0.4644201661646769,0.5394201661646769,0.1
384,34.615462043068625,16.640273440967906,38.40740700236488,4.315656546082622,0.6525156553790126,unknown,0.5,0.2,0.5,0.0,22,0.6159259299763512,0.5126551272997573,0.5876551272997572,0.1
385,37.11251449584961,-11.70164680480957,38.913587217695024,1.8138805031776428,0.0011282741661438457,unknown,0.5,0.2,0.5,0.0,2,0.6108641278230498,0.41342847947183653,0.48842847947183654,0.2
386,36.448011779785155,-8.609282302856446,37.450998711244466,5.440804481506348,0.13667666355895797,unknown,0.5,0.2,0.5,0.0,5,0.6254900128875553,0.4381485034001102,0.5131485034001102,0.1
387,36.90755117507208,15.519028481983003,40.037577084098935,6.036304905301049,0.4049494504806235,unknown,0.5,0.2,0.5,0.0,21,0.5996242291590106,0.4706296863197967,0.5456296863197967,0.1
388,36.34273147583008,16.93943691253662,40.09661649114671,2.1051737428060733,0.46020043584826653,unknown,0.5,0.2,0.5,0.0,4,0.5990338350885329,0.47874021590379984,0.5537402159037998,0.1
389,39.59619140625,-9.396613121032715,40.69588077467731,1.8969305753707886,0.0,unknown,0.5,0.2,0.5,0.0,1,0.5930411922532268,0.40791235767596806,0.4829123576759681,0.2
390,39.08038139343262,15.102451271480984,41.897019515278316,5.662386695543925,0.4148020832295234,unknown,0.5,0.2,0.5,0.0,18,0.5810298048472169,0.4665292539385935,0.5415292539385935,0.1
391,39.287115478515624,16.158893585205078,42.4804341376145,2.9685667991638183,0.4103044965407486,unknown,0.5,0.2,0.5,0.0,5,0.5751956586238549,0.46410437206826877,0.5391043720682688,0.1
392,41.059696197509766,-14.121872901916504,43.420340234614486,1.0071771144866943,0.0,unknown,0.5,0.2,0.5,0.0,1,0.5657965976538551,0.3997389792961565,0.4747389792961565,0.2
393,40.130409240722656,-9.279531478881836,41.189312330936495,1.919933557510376,0.0,unknown,0.5,0.2,0.5,0.0,1,0.588106876690635,0.40643206300719054,0.48143206300719055,0.2
394,41.09787859235491,14.697388830639067,43.646865445653,5.593574620428539,0.6394255950805048,unknown,0.5,0.2,0.5,0.0,21,0.5635313455434701,0.49497324292511663,0.5699732429251166,0.1
395,42.13710021972656,-17.316022872924805,45.55633724371325,4.249228477478027,0.0,unknown,0.5,0.2,0.5,0.0,1,0.5444366275628675,0.3933309882688602,0.4683309882688602,0.2
396,43.50650215148926,-13.700070858001709,45.61258237560999,1.0580230951309204,0.0020797021445876627,unknown,0.5,0.2,0.5,0.0,2,0.5438741762439001,0.3934742081948582,0.4684742081948582,0.2
397,42.98962173461914,13.89777946472168,45.18025952709522,6.561106109619141,0.2932241133315761,unknown,0.5,0.2,0.5,0.0,5,0.5481974047290479,0.4384428384184507,0.5134428384184507,0.1
398,42.44465446472168,14.094131708145142,44.72352000051159,6.017735958099365,0.3198751427989728,unknown,0.5,0.2,0.5,0.0,4,0.5527647999948841,0.44381071141831113,0.5188107114183111,0.1
399,45.80127716064453,-23.015518188476562,51.258863302167306,5.993265151977539,0.0,unknown,0.5,0.2,0.5,0.0,1,0.487411366978327,0.3762234100934981,0.4512234100934981,0.2
400,44.59027099609375,-21.28333282470703,49.409235205903876,5.777024507522583,0.008877949305481813,unknown,0.5,0.2,0.5,0.0,2,0.5059076479409612,0.3831039867781106,0.4581039867781106,0.2
401,45.085750579833984,-14.042556762695312,47.22201081890224,-0.0010014516301453114,0.0,unknown,0.5,0.2,0.5,0.0,1,0.5277798918109775,0.38833396754329325,0.46333396754329326,0.2
402,44.993534088134766,-13.279104550679525,46.91218101312305,1.084425841186506,0.33399737246128214,unknown,0.5,0.2,0.5,0.0,3,0.5308781898687694,0.4393630628298231,0.5143630628298231,0.1
403,44.36554718017578,-10.503849983215332,45.5920238755234,-0.0009811788331717253,0.0,unknown,0.5,0.2,0.5,0.0,1,0.544079761244766,0.39322392837342973,0.46822392837342974,0.2
404,44.27209218343099,-9.225991249084473,45.22319162582839,-0.0009854967162633936,2.0040766813421513e-06,unknown,0.5,0.2,0.5,0.0,3,0.547768083741716,0.394330725734017,0.469330725734017,0.2
405,44.75437545776367,14.688441276550293,47.103125477500384,3.292600154876709,0.0,unknown,0.5,0.2,0.5,0.0,1,0.5289687452249962,0.3886906235674988,0.4636906235674988,0.2
406,50.21296691894531,-12.519479751586914,51.750163478519475,1.2003673315048218,0.0,unknown,0.5,0.2,0.5,0.0,1,0.48249836521480527,0.3747495095644416,0.4497495095644416,0.2
407,52.502140045166016,-14.225287437438965,54.39516074063927,1.2617340087890625,0.0005799381997152737,unknown,0.5,0.2,0.5,0.0,2,0.4560483925936073,0.36690150850803943,0.44190150850803944,0.2
408,61.14250373840332,-12.652520179748535,62.43790539647857,2.1758254170417786,0.2726961672830055,unknown,0.5,0.2,0.5,0.0,2,0.37562094603521434,0.3835907089030151,0.4585907089030151,0.2
409,61.01654052734375,-11.711362838745117,62.13030047783225,2.896021604537964,0.0010932883961026793,unknown,0.5,0.2,0.5,0.0,2,0.37869699522167755,0.3437730918259187,0.4187730918259187,0.2
