frame_id,scene_category,condition,semantic_class,semantic_source,input_presence,map_presence,point_count,confidence,assigned_resolution,importance,object_or_region_id
5991fad3280c4f84b331536c32001a04,sparse,original,vehicle,annotation,True,True,3,NaN (non-ML source),0.05,0.770556,5991fad3280c4f84b331536c32001a04_r0
5991fad3280c4f84b331536c32001a04,sparse,original,vehicle,annotation,True,True,1,NaN (non-ML source),0.05,0.715127,5991fad3280c4f84b331536c32001a04_r1
5991fad3280c4f84b331536c32001a04,sparse,original,vehicle,annotation,True,True,7,NaN (non-ML source),0.05,0.765577,5991fad3280c4f84b331536c32001a04_r2
5991fad3280c4f84b331536c32001a04,sparse,original,vehicle,annotation,True,True,78,NaN (non-ML source),0.05,0.825288,5991fad3280c4f84b331536c32001a04_r3
5991fad3280c4f84b331536c32001a04,sparse,original,vehicle,annotation,True,True,61,NaN (non-ML source),0.05,0.824616,5991fad3280c4f84b331536c32001a04_r4
5991fad3280c4f84b331536c32001a04,sparse,original,vehicle,annotation,True,True,61,NaN (non-ML source),0.05,0.826397,5991fad3280c4f84b331536c32001a04_r5
5991fad3280c4f84b331536c32001a04,sparse,original,vehicle,annotation,True,True,10,NaN (non-ML source),0.05,0.799145,5991fad3280c4f84b331536c32001a04_r6
5991fad3280c4f84b331536c32001a04,sparse,original,vehicle,annotation,True,True,17,NaN (non-ML source),0.05,0.795791,5991fad3280c4f84b331536c32001a04_r7
5991fad3280c4f84b331536c32001a04,sparse,original,vehicle,annotation,True,True,13,NaN (non-ML source),0.05,0.790496,5991fad3280c4f84b331536c32001a04_r8
5991fad3280c4f84b331536c32001a04,sparse,original,vehicle,annotation,True,True,1,NaN (non-ML source),0.05,0.743866,5991fad3280c4f84b331536c32001a04_r9
5991fad3280c4f84b331536c32001a04,sparse,original,vehicle,annotation,True,True,2,NaN (non-ML source),0.05,0.714516,5991fad3280c4f84b331536c32001a04_r10
5991fad3280c4f84b331536c32001a04,sparse,original,vehicle,annotation,True,True,2,NaN (non-ML source),0.05,0.709217,5991fad3280c4f84b331536c32001a04_r11
5991fad3280c4f84b331536c32001a04,sparse,original,vehicle,annotation,True,True,1,NaN (non-ML source),0.1,0.677965,5991fad3280c4f84b331536c32001a04_r12
5991fad3280c4f84b331536c32001a04,sparse,original,vehicle,annotation,True,True,1,NaN (non-ML source),0.1,0.668478,5991fad3280c4f84b331536c32001a04_r13
5991fad3280c4f84b331536c32001a04,sparse,original,vehicle,annotation,True,True,1,NaN (non-ML source),0.1,0.67556,5991fad3280c4f84b331536c32001a04_r14
5991fad3280c4f84b331536c32001a04,sparse,original,vehicle,annotation,True,True,1,NaN (non-ML source),0.1,0.677636,5991fad3280c4f84b331536c32001a04_r15
5991fad3280c4f84b331536c32001a04,sparse,original,vehicle,annotation,True,True,6,NaN (non-ML source),0.05,0.7547,5991fad3280c4f84b331536c32001a04_r16
5991fad3280c4f84b331536c32001a04,sparse,original,vehicle,annotation,True,True,720,NaN (non-ML source),0.05,0.846102,5991fad3280c4f84b331536c32001a04_r17
5991fad3280c4f84b331536c32001a04,sparse,original,vehicle,annotation,True,True,158,NaN (non-ML source),0.05,0.83237,5991fad3280c4f84b331536c32001a04_r18
5991fad3280c4f84b331536c32001a04,sparse,original,vehicle,annotation,True,True,82,NaN (non-ML source),0.05,0.830277,5991fad3280c4f84b331536c32001a04_r19
5991fad3280c4f84b331536c32001a04,sparse,original,vehicle,annotation,True,True,14,NaN (non-ML source),0.05,0.809909,5991fad3280c4f84b331536c32001a04_r20
5991fad3280c4f84b331536c32001a04,sparse,original,vehicle,annotation,True,True,5,NaN (non-ML source),0.05,0.790149,5991fad3280c4f84b331536c32001a04_r21
5991fad3280c4f84b331536c32001a04,sparse,original,vehicle,annotation,True,True,2,NaN (non-ML source),0.05,0.78496,5991fad3280c4f84b331536c32001a04_r22
5991fad3280c4f84b331536c32001a04,sparse,original,vehicle,annotation,True,True,2,NaN (non-ML source),0.05,0.74813,5991fad3280c4f84b331536c32001a04_r23
5991fad3280c4f84b331536c32001a04,sparse,original,vehicle,annotation,True,True,1,NaN (non-ML source),0.05,0.747612,5991fad3280c4f84b331536c32001a04_r24
5991fad3280c4f84b331536c32001a04,sparse,original,vehicle,annotation,True,True,1,NaN (non-ML source),0.1,0.643986,5991fad3280c4f84b331536c32001a04_r25
5991fad3280c4f84b331536c32001a04,sparse,original,vehicle,annotation,True,True,17,NaN (non-ML source),0.05,0.783935,5991fad3280c4f84b331536c32001a04_r26
5991fad3280c4f84b331536c32001a04,sparse,original,vehicle,annotation,True,True,4,NaN (non-ML source),0.05,0.77334,5991fad3280c4f84b331536c32001a04_r27
5991fad3280c4f84b331536c32001a04,sparse,original,vehicle,annotation,True,True,4,NaN (non-ML source),0.05,0.787496,5991fad3280c4f84b331536c32001a04_r28
5991fad3280c4f84b331536c32001a04,sparse,original,vehicle,annotation,True,True,43,NaN (non-ML source),0.05,0.823807,5991fad3280c4f84b331536c32001a04_r29
5991fad3280c4f84b331536c32001a04,sparse,original,vehicle,annotation,True,True,2,NaN (non-ML source),0.05,0.802998,5991fad3280c4f84b331536c32001a04_r30
5991fad3280c4f84b331536c32001a04,sparse,original,vehicle,annotation,True,True,68,NaN (non-ML source),0.05,0.819054,5991fad3280c4f84b331536c32001a04_r31
5991fad3280c4f84b331536c32001a04,sparse,original,vehicle,annotation,True,True,43,NaN (non-ML source),0.05,0.846641,5991fad3280c4f84b331536c32001a04_r32
5991fad3280c4f84b331536c32001a04,sparse,original,vehicle,annotation,True,True,145,NaN (non-ML source),0.05,0.840926,5991fad3280c4f84b331536c32001a04_r33
5991fad3280c4f84b331536c32001a04,sparse,original,vehicle,annotation,True,True,175,NaN (non-ML source),0.05,0.842653,5991fad3280c4f84b331536c32001a04_r34
5991fad3280c4f84b331536c32001a04,sparse,original,vehicle,annotation,True,True,100,NaN (non-ML source),0.05,0.844213,5991fad3280c4f84b331536c32001a04_r35
5991fad3280c4f84b331536c32001a04,sparse,original,vehicle,annotation,True,True,248,NaN (non-ML source),0.05,0.843029,5991fad3280c4f84b331536c32001a04_r36
5991fad3280c4f84b331536c32001a04,sparse,original,vehicle,annotation,True,True,244,NaN (non-ML source),0.05,0.840673,5991fad3280c4f84b331536c32001a04_r37
5991fad3280c4f84b331536c32001a04,sparse,original,vehicle,annotation,True,True,181,NaN (non-ML source),0.05,0.841861,5991fad3280c4f84b331536c32001a04_r38
5991fad3280c4f84b331536c32001a04,sparse,original,vehicle,annotation,True,True,134,NaN (non-ML source),0.05,0.837182,5991fad3280c4f84b331536c32001a04_r39
5991fad3280c4f84b331536c32001a04,sparse,original,vehicle,annotation,True,True,43,NaN (non-ML source),0.05,0.82717,5991fad3280c4f84b331536c32001a04_r40
5991fad3280c4f84b331536c32001a04,sparse,original,vehicle,annotation,True,True,26,NaN (non-ML source),0.05,0.827386,5991fad3280c4f84b331536c32001a04_r41
5991fad3280c4f84b331536c32001a04,sparse,original,vehicle,annotation,True,True,28,NaN (non-ML source),0.05,0.827812,5991fad3280c4f84b331536c32001a04_r42
5991fad3280c4f84b331536c32001a04,sparse,original,vehicle,annotation,True,True,24,NaN (non-ML source),0.05,0.820965,5991fad3280c4f84b331536c32001a04_r43
5991fad3280c4f84b331536c32001a04,sparse,original,vehicle,annotation,True,True,3,NaN (non-ML source),0.05,0.803569,5991fad3280c4f84b331536c32001a04_r44
5991fad3280c4f84b331536c32001a04,sparse,original,vehicle,annotation,True,True,3,NaN (non-ML source),0.05,0.773769,5991fad3280c4f84b331536c32001a04_r45
5991fad3280c4f84b331536c32001a04,sparse,original,vehicle,annotation,True,True,3,NaN (non-ML source),0.05,0.74289,5991fad3280c4f84b331536c32001a04_r46
5991fad3280c4f84b331536c32001a04,sparse,original,vehicle,annotation,True,True,1,NaN (non-ML source),0.1,0.676479,5991fad3280c4f84b331536c32001a04_r47
5991fad3280c4f84b331536c32001a04,sparse,original,vehicle,annotation,True,True,1,NaN (non-ML source),0.1,0.643767,5991fad3280c4f84b331536c32001a04_r48
5991fad3280c4f84b331536c32001a04,sparse,original,vehicle,annotation,True,True,2,NaN (non-ML source),0.05,0.766721,5991fad3280c4f84b331536c32001a04_r49
5991fad3280c4f84b331536c32001a04,sparse,original,vehicle,annotation,True,True,4,NaN (non-ML source),0.05,0.808863,5991fad3280c4f84b331536c32001a04_r50
5991fad3280c4f84b331536c32001a04,sparse,original,vehicle,annotation,True,True,20,NaN (non-ML source),0.05,0.820185,5991fad3280c4f84b331536c32001a04_r51
5991fad3280c4f84b331536c32001a04,sparse,original,vehicle,annotation,True,True,11,NaN (non-ML source),0.05,0.826262,5991fad3280c4f84b331536c32001a04_r52
5991fad3280c4f84b331536c32001a04,sparse,original,vehicle,annotation,True,True,29,NaN (non-ML source),0.05,0.844822,5991fad3280c4f84b331536c32001a04_r53
5991fad3280c4f84b331536c32001a04,sparse,original,vehicle,annotation,True,True,60,NaN (non-ML source),0.05,0.844427,5991fad3280c4f84b331536c32001a04_r54
5991fad3280c4f84b331536c32001a04,sparse,original,vehicle,annotation,True,True,27,NaN (non-ML source),0.05,0.83263,5991fad3280c4f84b331536c32001a04_r55
5991fad3280c4f84b331536c32001a04,sparse,original,vehicle,annotation,True,True,2,NaN (non-ML source),0.05,0.808771,5991fad3280c4f84b331536c32001a04_r56
5991fad3280c4f84b331536c32001a04,sparse,original,vehicle,annotation,True,True,2,NaN (non-ML source),0.05,0.813103,5991fad3280c4f84b331536c32001a04_r57
5991fad3280c4f84b331536c32001a04,sparse,original,vehicle,annotation,True,True,1,NaN (non-ML source),0.05,0.775585,5991fad3280c4f84b331536c32001a04_r58
6d1d793b68b24165be5755a54054c82a,dense,original,static_manmade,annotation,True,True,4,NaN (non-ML source),0.1,0.531063,6d1d793b68b24165be5755a54054c82a_r59
6d1d793b68b24165be5755a54054c82a,dense,original,vehicle,annotation,True,True,9,NaN (non-ML source),0.05,0.784487,6d1d793b68b24165be5755a54054c82a_r60
6d1d793b68b24165be5755a54054c82a,dense,original,vehicle,annotation,True,True,20,NaN (non-ML source),0.05,0.788184,6d1d793b68b24165be5755a54054c82a_r61
6d1d793b68b24165be5755a54054c82a,dense,original,vehicle,annotation,True,True,1,NaN (non-ML source),0.05,0.714559,6d1d793b68b24165be5755a54054c82a_r62
6d1d793b68b24165be5755a54054c82a,dense,original,vehicle,annotation,True,True,3,NaN (non-ML source),0.05,0.714425,6d1d793b68b24165be5755a54054c82a_r63
6d1d793b68b24165be5755a54054c82a,dense,original,vehicle,annotation,True,True,3,NaN (non-ML source),0.05,0.742736,6d1d793b68b24165be5755a54054c82a_r64
6d1d793b68b24165be5755a54054c82a,dense,original,vehicle,annotation,True,True,5,NaN (non-ML source),0.05,0.759795,6d1d793b68b24165be5755a54054c82a_r65
6d1d793b68b24165be5755a54054c82a,dense,original,vehicle,annotation,True,True,3,NaN (non-ML source),0.05,0.750132,6d1d793b68b24165be5755a54054c82a_r66
6d1d793b68b24165be5755a54054c82a,dense,original,vehicle,annotation,True,True,1,NaN (non-ML source),0.1,0.681989,6d1d793b68b24165be5755a54054c82a_r67
6d1d793b68b24165be5755a54054c82a,dense,original,vehicle,annotation,True,True,2,NaN (non-ML source),0.05,0.748815,6d1d793b68b24165be5755a54054c82a_r68
6d1d793b68b24165be5755a54054c82a,dense,original,vehicle,annotation,True,True,47,NaN (non-ML source),0.05,0.811748,6d1d793b68b24165be5755a54054c82a_r69
6d1d793b68b24165be5755a54054c82a,dense,original,vehicle,annotation,True,True,86,NaN (non-ML source),0.05,0.815892,6d1d793b68b24165be5755a54054c82a_r70
6d1d793b68b24165be5755a54054c82a,dense,original,vehicle,annotation,True,True,31,NaN (non-ML source),0.05,0.827078,6d1d793b68b24165be5755a54054c82a_r71
6d1d793b68b24165be5755a54054c82a,dense,original,vehicle,annotation,True,True,4,NaN (non-ML source),0.05,0.796398,6d1d793b68b24165be5755a54054c82a_r72
6d1d793b68b24165be5755a54054c82a,dense,original,vehicle,annotation,True,True,32,NaN (non-ML source),0.05,0.856399,6d1d793b68b24165be5755a54054c82a_r73
6d1d793b68b24165be5755a54054c82a,dense,original,vehicle,annotation,True,True,18,NaN (non-ML source),0.05,0.854687,6d1d793b68b24165be5755a54054c82a_r74
6d1d793b68b24165be5755a54054c82a,dense,original,vehicle,annotation,True,True,4,NaN (non-ML source),0.05,0.733343,6d1d793b68b24165be5755a54054c82a_r75
6d1d793b68b24165be5755a54054c82a,dense,original,vehicle,annotation,True,True,2,NaN (non-ML source),0.1,0.692427,6d1d793b68b24165be5755a54054c82a_r76
6d1d793b68b24165be5755a54054c82a,dense,original,vehicle,annotation,True,True,4,NaN (non-ML source),0.05,0.795666,6d1d793b68b24165be5755a54054c82a_r77
6d1d793b68b24165be5755a54054c82a,dense,original,vehicle,annotation,True,True,3,NaN (non-ML source),0.05,0.800618,6d1d793b68b24165be5755a54054c82a_r78
6d1d793b68b24165be5755a54054c82a,dense,original,vehicle,annotation,True,True,6,NaN (non-ML source),0.05,0.782768,6d1d793b68b24165be5755a54054c82a_r79
6d1d793b68b24165be5755a54054c82a,dense,original,vehicle,annotation,True,True,4,NaN (non-ML source),0.05,0.734648,6d1d793b68b24165be5755a54054c82a_r80
6d1d793b68b24165be5755a54054c82a,dense,original,vehicle,annotation,True,True,6,NaN (non-ML source),0.05,0.751524,6d1d793b68b24165be5755a54054c82a_r81
b26e791522294bec90f86fd72226e35c,many_vehicles,original,pedestrian_vru,annotation,True,True,1,NaN (non-ML source),0.1,0.69184,b26e791522294bec90f86fd72226e35c_r82
b26e791522294bec90f86fd72226e35c,many_vehicles,original,pedestrian_vru,annotation,True,True,2,NaN (non-ML source),0.1,0.692527,b26e791522294bec90f86fd72226e35c_r83
b26e791522294bec90f86fd72226e35c,many_vehicles,original,pedestrian_vru,annotation,True,True,3,NaN (non-ML source),0.05,0.756673,b26e791522294bec90f86fd72226e35c_r84
b26e791522294bec90f86fd72226e35c,many_vehicles,original,vehicle,annotation,True,True,3,NaN (non-ML source),0.05,0.729844,b26e791522294bec90f86fd72226e35c_r85
b26e791522294bec90f86fd72226e35c,many_vehicles,original,static_manmade,annotation,True,True,1,NaN (non-ML source),0.1,0.510485,b26e791522294bec90f86fd72226e35c_r86
b26e791522294bec90f86fd72226e35c,many_vehicles,original,vehicle,annotation,True,True,8,NaN (non-ML source),0.05,0.744377,b26e791522294bec90f86fd72226e35c_r87
b26e791522294bec90f86fd72226e35c,many_vehicles,original,vehicle,annotation,True,True,2,NaN (non-ML source),0.05,0.723673,b26e791522294bec90f86fd72226e35c_r88
b26e791522294bec90f86fd72226e35c,many_vehicles,original,vehicle,annotation,True,True,3,NaN (non-ML source),0.05,0.746316,b26e791522294bec90f86fd72226e35c_r89
b26e791522294bec90f86fd72226e35c,many_vehicles,original,static_manmade,annotation,True,True,1,NaN (non-ML source),0.1,0.491601,b26e791522294bec90f86fd72226e35c_r90
b26e791522294bec90f86fd72226e35c,many_vehicles,original,static_manmade,annotation,True,True,1,NaN (non-ML source),0.1,0.498305,b26e791522294bec90f86fd72226e35c_r91
b26e791522294bec90f86fd72226e35c,many_vehicles,original,static_manmade,annotation,True,True,3,NaN (non-ML source),0.1,0.497064,b26e791522294bec90f86fd72226e35c_r92
b26e791522294bec90f86fd72226e35c,many_vehicles,original,static_manmade,annotation,True,True,1,NaN (non-ML source),0.1,0.500679,b26e791522294bec90f86fd72226e35c_r93
b26e791522294bec90f86fd72226e35c,many_vehicles,original,static_manmade,annotation,True,True,3,NaN (non-ML source),0.1,0.504827,b26e791522294bec90f86fd72226e35c_r94
b26e791522294bec90f86fd72226e35c,many_vehicles,original,static_manmade,annotation,True,True,1,NaN (non-ML source),0.1,0.507778,b26e791522294bec90f86fd72226e35c_r95
b26e791522294bec90f86fd72226e35c,many_vehicles,original,static_manmade,annotation,True,True,4,NaN (non-ML source),0.1,0.512401,b26e791522294bec90f86fd72226e35c_r96
b26e791522294bec90f86fd72226e35c,many_vehicles,original,static_manmade,annotation,True,True,1,NaN (non-ML source),0.1,0.515536,b26e791522294bec90f86fd72226e35c_r97
b26e791522294bec90f86fd72226e35c,many_vehicles,original,static_manmade,annotation,True,True,7,NaN (non-ML source),0.1,0.528447,b26e791522294bec90f86fd72226e35c_r98
b26e791522294bec90f86fd72226e35c,many_vehicles,original,static_manmade,annotation,True,True,2,NaN (non-ML source),0.1,0.559611,b26e791522294bec90f86fd72226e35c_r99
b26e791522294bec90f86fd72226e35c,many_vehicles,original,static_manmade,annotation,True,True,2,NaN (non-ML source),0.1,0.531624,b26e791522294bec90f86fd72226e35c_r100
b26e791522294bec90f86fd72226e35c,many_vehicles,original,static_manmade,annotation,True,True,5,NaN (non-ML source),0.1,0.535745,b26e791522294bec90f86fd72226e35c_r101
b26e791522294bec90f86fd72226e35c,many_vehicles,original,static_manmade,annotation,True,True,2,NaN (non-ML source),0.1,0.538977,b26e791522294bec90f86fd72226e35c_r102
b26e791522294bec90f86fd72226e35c,many_vehicles,original,pedestrian_vru,annotation,True,True,14,NaN (non-ML source),0.05,0.851022,b26e791522294bec90f86fd72226e35c_r103
b26e791522294bec90f86fd72226e35c,many_vehicles,original,static_manmade,annotation,True,True,6,NaN (non-ML source),0.1,0.543136,b26e791522294bec90f86fd72226e35c_r104
b26e791522294bec90f86fd72226e35c,many_vehicles,original,static_manmade,annotation,True,True,2,NaN (non-ML source),0.1,0.546103,b26e791522294bec90f86fd72226e35c_r105
b26e791522294bec90f86fd72226e35c,many_vehicles,original,static_manmade,annotation,True,True,1,NaN (non-ML source),0.1,0.544897,b26e791522294bec90f86fd72226e35c_r106
b26e791522294bec90f86fd72226e35c,many_vehicles,original,static_manmade,annotation,True,True,6,NaN (non-ML source),0.1,0.548696,b26e791522294bec90f86fd72226e35c_r107
b26e791522294bec90f86fd72226e35c,many_vehicles,original,vehicle,annotation,True,True,49,NaN (non-ML source),0.05,0.82966,b26e791522294bec90f86fd72226e35c_r108
b26e791522294bec90f86fd72226e35c,many_vehicles,original,vehicle,annotation,True,True,4,NaN (non-ML source),0.05,0.819218,b26e791522294bec90f86fd72226e35c_r109
b26e791522294bec90f86fd72226e35c,many_vehicles,original,vehicle,annotation,True,True,3,NaN (non-ML source),0.05,0.764763,b26e791522294bec90f86fd72226e35c_r110
b26e791522294bec90f86fd72226e35c,many_vehicles,original,vehicle,annotation,True,True,8,NaN (non-ML source),0.05,0.769827,b26e791522294bec90f86fd72226e35c_r111
b26e791522294bec90f86fd72226e35c,many_vehicles,original,pedestrian_vru,annotation,True,True,1,NaN (non-ML source),0.05,0.708271,b26e791522294bec90f86fd72226e35c_r112
b26e791522294bec90f86fd72226e35c,many_vehicles,original,static_manmade,annotation,True,True,2,NaN (non-ML source),0.1,0.550677,b26e791522294bec90f86fd72226e35c_r113
b26e791522294bec90f86fd72226e35c,many_vehicles,original,vehicle,annotation,True,True,106,NaN (non-ML source),0.05,0.824269,b26e791522294bec90f86fd72226e35c_r114
b26e791522294bec90f86fd72226e35c,many_vehicles,original,vehicle,annotation,True,True,39,NaN (non-ML source),0.05,0.802387,b26e791522294bec90f86fd72226e35c_r115
b26e791522294bec90f86fd72226e35c,many_vehicles,original,static_manmade,annotation,True,True,69,NaN (non-ML source),0.1,0.617386,b26e791522294bec90f86fd72226e35c_r116
b26e791522294bec90f86fd72226e35c,many_vehicles,original,vehicle,annotation,True,True,40,NaN (non-ML source),0.05,0.783578,b26e791522294bec90f86fd72226e35c_r117
b26e791522294bec90f86fd72226e35c,many_vehicles,original,static_manmade,annotation,True,True,5,NaN (non-ML source),0.1,0.571617,b26e791522294bec90f86fd72226e35c_r118
b26e791522294bec90f86fd72226e35c,many_vehicles,original,static_manmade,annotation,True,True,16,NaN (non-ML source),0.1,0.574149,b26e791522294bec90f86fd72226e35c_r119
b26e791522294bec90f86fd72226e35c,many_vehicles,original,static_manmade,annotation,True,True,157,NaN (non-ML source),0.1,0.623616,b26e791522294bec90f86fd72226e35c_r120
b26e791522294bec90f86fd72226e35c,many_vehicles,original,static_manmade,annotation,True,True,64,NaN (non-ML source),0.1,0.619288,b26e791522294bec90f86fd72226e35c_r121
b26e791522294bec90f86fd72226e35c,many_vehicles,original,vehicle,annotation,True,True,1,NaN (non-ML source),0.05,0.768275,b26e791522294bec90f86fd72226e35c_r122
b26e791522294bec90f86fd72226e35c,many_vehicles,original,static_manmade,annotation,True,True,10,NaN (non-ML source),0.1,0.576463,b26e791522294bec90f86fd72226e35c_r123
b26e791522294bec90f86fd72226e35c,many_vehicles,original,static_manmade,annotation,True,True,293,NaN (non-ML source),0.1,0.628398,b26e791522294bec90f86fd72226e35c_r124
b26e791522294bec90f86fd72226e35c,many_vehicles,original,vehicle,annotation,True,True,314,NaN (non-ML source),0.05,0.838871,b26e791522294bec90f86fd72226e35c_r125
b26e791522294bec90f86fd72226e35c,many_vehicles,original,vehicle,annotation,True,True,13,NaN (non-ML source),0.05,0.822515,b26e791522294bec90f86fd72226e35c_r126
b26e791522294bec90f86fd72226e35c,many_vehicles,original,vehicle,annotation,True,True,10,NaN (non-ML source),0.05,0.790397,b26e791522294bec90f86fd72226e35c_r127
b26e791522294bec90f86fd72226e35c,many_vehicles,original,vehicle,annotation,True,True,13,NaN (non-ML source),0.05,0.793306,b26e791522294bec90f86fd72226e35c_r128
b26e791522294bec90f86fd72226e35c,many_vehicles,original,vehicle,annotation,True,True,18,NaN (non-ML source),0.05,0.788732,b26e791522294bec90f86fd72226e35c_r129
b26e791522294bec90f86fd72226e35c,many_vehicles,original,vehicle,annotation,True,True,52,NaN (non-ML source),0.05,0.790848,b26e791522294bec90f86fd72226e35c_r130
b26e791522294bec90f86fd72226e35c,many_vehicles,original,vehicle,annotation,True,True,2,NaN (non-ML source),0.05,0.766361,b26e791522294bec90f86fd72226e35c_r131
b26e791522294bec90f86fd72226e35c,many_vehicles,original,static_manmade,annotation,True,True,5,NaN (non-ML source),0.1,0.574706,b26e791522294bec90f86fd72226e35c_r132
b26e791522294bec90f86fd72226e35c,many_vehicles,original,static_manmade,annotation,True,True,13,NaN (non-ML source),0.1,0.587832,b26e791522294bec90f86fd72226e35c_r133
b26e791522294bec90f86fd72226e35c,many_vehicles,original,static_manmade,annotation,True,True,323,NaN (non-ML source),0.1,0.629383,b26e791522294bec90f86fd72226e35c_r134
b26e791522294bec90f86fd72226e35c,many_vehicles,original,static_manmade,annotation,True,True,132,NaN (non-ML source),0.1,0.62719,b26e791522294bec90f86fd72226e35c_r135
b26e791522294bec90f86fd72226e35c,many_vehicles,original,vehicle,annotation,True,True,53,NaN (non-ML source),0.05,0.830589,b26e791522294bec90f86fd72226e35c_r136
b26e791522294bec90f86fd72226e35c,many_vehicles,original,vehicle,annotation,True,True,3,NaN (non-ML source),0.05,0.792327,b26e791522294bec90f86fd72226e35c_r137
b26e791522294bec90f86fd72226e35c,many_vehicles,original,vehicle,annotation,True,True,42,NaN (non-ML source),0.05,0.790811,b26e791522294bec90f86fd72226e35c_r138
b26e791522294bec90f86fd72226e35c,many_vehicles,original,static_manmade,annotation,True,True,24,NaN (non-ML source),0.1,0.589445,b26e791522294bec90f86fd72226e35c_r139
b26e791522294bec90f86fd72226e35c,many_vehicles,original,static_manmade,annotation,True,True,29,NaN (non-ML source),0.1,0.59456,b26e791522294bec90f86fd72226e35c_r140
b26e791522294bec90f86fd72226e35c,many_vehicles,original,static_manmade,annotation,True,True,186,NaN (non-ML source),0.1,0.629263,b26e791522294bec90f86fd72226e35c_r141
b26e791522294bec90f86fd72226e35c,many_vehicles,original,pedestrian_vru,annotation,True,True,9,NaN (non-ML source),0.05,0.83075,b26e791522294bec90f86fd72226e35c_r142
b26e791522294bec90f86fd72226e35c,many_vehicles,original,static_manmade,annotation,True,True,11,NaN (non-ML source),0.1,0.591519,b26e791522294bec90f86fd72226e35c_r143
b26e791522294bec90f86fd72226e35c,many_vehicles,original,pedestrian_vru,annotation,True,True,20,NaN (non-ML source),0.05,0.843365,b26e791522294bec90f86fd72226e35c_r144
b26e791522294bec90f86fd72226e35c,many_vehicles,original,static_manmade,annotation,True,True,9,NaN (non-ML source),0.1,0.601227,b26e791522294bec90f86fd72226e35c_r145
b26e791522294bec90f86fd72226e35c,many_vehicles,original,pedestrian_vru,annotation,True,True,44,NaN (non-ML source),0.05,0.850588,b26e791522294bec90f86fd72226e35c_r146
b26e791522294bec90f86fd72226e35c,many_vehicles,original,static_manmade,annotation,True,True,2,NaN (non-ML source),0.1,0.602604,b26e791522294bec90f86fd72226e35c_r147
b26e791522294bec90f86fd72226e35c,many_vehicles,original,static_manmade,annotation,True,True,3,NaN (non-ML source),0.1,0.599358,b26e791522294bec90f86fd72226e35c_r148
b26e791522294bec90f86fd72226e35c,many_vehicles,original,static_manmade,annotation,True,True,48,NaN (non-ML source),0.1,0.608858,b26e791522294bec90f86fd72226e35c_r149
b26e791522294bec90f86fd72226e35c,many_vehicles,original,vehicle,annotation,True,True,20,NaN (non-ML source),0.05,0.801729,b26e791522294bec90f86fd72226e35c_r150
b26e791522294bec90f86fd72226e35c,many_vehicles,original,vehicle,annotation,True,True,1,NaN (non-ML source),0.05,0.790366,b26e791522294bec90f86fd72226e35c_r151
b26e791522294bec90f86fd72226e35c,many_vehicles,original,vehicle,annotation,True,True,5,NaN (non-ML source),0.05,0.794244,b26e791522294bec90f86fd72226e35c_r152
b26e791522294bec90f86fd72226e35c,many_vehicles,original,pedestrian_vru,annotation,True,True,1,NaN (non-ML source),0.05,0.766534,b26e791522294bec90f86fd72226e35c_r153
b26e791522294bec90f86fd72226e35c,many_vehicles,original,static_manmade,annotation,True,True,3,NaN (non-ML source),0.1,0.607469,b26e791522294bec90f86fd72226e35c_r154
b26e791522294bec90f86fd72226e35c,many_vehicles,original,static_manmade,annotation,True,True,2,NaN (non-ML source),0.1,0.599604,b26e791522294bec90f86fd72226e35c_r155
b26e791522294bec90f86fd72226e35c,many_vehicles,original,static_manmade,annotation,True,True,5,NaN (non-ML source),0.1,0.598431,b26e791522294bec90f86fd72226e35c_r156
b26e791522294bec90f86fd72226e35c,many_vehicles,original,vehicle,annotation,True,True,14,NaN (non-ML source),0.05,0.804233,b26e791522294bec90f86fd72226e35c_r157
b26e791522294bec90f86fd72226e35c,many_vehicles,original,vehicle,annotation,True,True,12,NaN (non-ML source),0.05,0.790785,b26e791522294bec90f86fd72226e35c_r158
b26e791522294bec90f86fd72226e35c,many_vehicles,original,pedestrian_vru,annotation,True,True,1,NaN (non-ML source),0.05,0.765922,b26e791522294bec90f86fd72226e35c_r159
b26e791522294bec90f86fd72226e35c,many_vehicles,original,pedestrian_vru,annotation,True,True,23,NaN (non-ML source),0.05,0.838245,b26e791522294bec90f86fd72226e35c_r160
b26e791522294bec90f86fd72226e35c,many_vehicles,original,vehicle,annotation,True,True,1,NaN (non-ML source),0.05,0.790566,b26e791522294bec90f86fd72226e35c_r161
b26e791522294bec90f86fd72226e35c,many_vehicles,original,pedestrian_vru,annotation,True,True,9,NaN (non-ML source),0.05,0.820664,b26e791522294bec90f86fd72226e35c_r162
b26e791522294bec90f86fd72226e35c,many_vehicles,original,pedestrian_vru,annotation,True,True,5,NaN (non-ML source),0.05,0.816812,b26e791522294bec90f86fd72226e35c_r163
b26e791522294bec90f86fd72226e35c,many_vehicles,original,pedestrian_vru,annotation,True,True,3,NaN (non-ML source),0.05,0.795239,b26e791522294bec90f86fd72226e35c_r164
b26e791522294bec90f86fd72226e35c,many_vehicles,original,pedestrian_vru,annotation,True,True,5,NaN (non-ML source),0.05,0.816982,b26e791522294bec90f86fd72226e35c_r165
b26e791522294bec90f86fd72226e35c,many_vehicles,original,pedestrian_vru,annotation,True,True,4,NaN (non-ML source),0.05,0.786531,b26e791522294bec90f86fd72226e35c_r166
b26e791522294bec90f86fd72226e35c,many_vehicles,original,pedestrian_vru,annotation,True,True,1,NaN (non-ML source),0.05,0.777678,b26e791522294bec90f86fd72226e35c_r167
b26e791522294bec90f86fd72226e35c,many_vehicles,original,pedestrian_vru,annotation,True,True,4,NaN (non-ML source),0.05,0.791448,b26e791522294bec90f86fd72226e35c_r168
b26e791522294bec90f86fd72226e35c,many_vehicles,original,vehicle,annotation,True,True,6,NaN (non-ML source),0.05,0.737017,b26e791522294bec90f86fd72226e35c_r169
b26e791522294bec90f86fd72226e35c,many_vehicles,original,vehicle,annotation,True,True,1,NaN (non-ML source),0.05,0.736186,b26e791522294bec90f86fd72226e35c_r170
b26e791522294bec90f86fd72226e35c,many_vehicles,original,static_manmade,annotation,True,True,1,NaN (non-ML source),0.1,0.52201,b26e791522294bec90f86fd72226e35c_r171
b26e791522294bec90f86fd72226e35c,many_vehicles,original,vehicle,annotation,True,True,2,NaN (non-ML source),0.05,0.735447,b26e791522294bec90f86fd72226e35c_r172
b26e791522294bec90f86fd72226e35c,many_vehicles,original,vehicle,annotation,True,True,1,NaN (non-ML source),0.05,0.739888,b26e791522294bec90f86fd72226e35c_r173
b26e791522294bec90f86fd72226e35c,many_vehicles,original,vehicle,annotation,True,True,3,NaN (non-ML source),0.05,0.714252,b26e791522294bec90f86fd72226e35c_r174
b26e791522294bec90f86fd72226e35c,many_vehicles,original,static_manmade,annotation,True,True,1,NaN (non-ML source),0.1,0.519376,b26e791522294bec90f86fd72226e35c_r175
b26e791522294bec90f86fd72226e35c,many_vehicles,original,vehicle,annotation,True,True,2,NaN (non-ML source),0.05,0.707453,b26e791522294bec90f86fd72226e35c_r176
b26e791522294bec90f86fd72226e35c,many_vehicles,original,pedestrian_vru,annotation,True,True,2,NaN (non-ML source),0.05,0.740818,b26e791522294bec90f86fd72226e35c_r177
b26e791522294bec90f86fd72226e35c,many_vehicles,original,static_manmade,annotation,True,True,3,NaN (non-ML source),0.1,0.605666,b26e791522294bec90f86fd72226e35c_r178
b26e791522294bec90f86fd72226e35c,many_vehicles,original,static_manmade,annotation,True,True,2,NaN (non-ML source),0.1,0.529785,b26e791522294bec90f86fd72226e35c_r179
b26e791522294bec90f86fd72226e35c,many_vehicles,original,static_manmade,annotation,True,True,6,NaN (non-ML source),0.1,0.531351,b26e791522294bec90f86fd72226e35c_r180
b26e791522294bec90f86fd72226e35c,many_vehicles,original,static_manmade,annotation,True,True,3,NaN (non-ML source),0.1,0.532912,b26e791522294bec90f86fd72226e35c_r181
b26e791522294bec90f86fd72226e35c,many_vehicles,original,static_manmade,annotation,True,True,1,NaN (non-ML source),0.1,0.531934,b26e791522294bec90f86fd72226e35c_r182
b26e791522294bec90f86fd72226e35c,many_vehicles,original,vehicle,annotation,True,True,1,NaN (non-ML source),0.05,0.70941,b26e791522294bec90f86fd72226e35c_r183
b26e791522294bec90f86fd72226e35c,many_vehicles,original,vehicle,annotation,True,True,1,NaN (non-ML source),0.05,0.709488,b26e791522294bec90f86fd72226e35c_r184
b26e791522294bec90f86fd72226e35c,many_vehicles,original,static_manmade,annotation,True,True,4,NaN (non-ML source),0.1,0.525632,b26e791522294bec90f86fd72226e35c_r185
b26e791522294bec90f86fd72226e35c,many_vehicles,original,static_manmade,annotation,True,True,1,NaN (non-ML source),0.1,0.527055,b26e791522294bec90f86fd72226e35c_r186
b26e791522294bec90f86fd72226e35c,many_vehicles,original,static_manmade,annotation,True,True,1,NaN (non-ML source),0.1,0.527529,b26e791522294bec90f86fd72226e35c_r187
b26e791522294bec90f86fd72226e35c,many_vehicles,original,vehicle,annotation,True,True,3,NaN (non-ML source),0.05,0.733903,b26e791522294bec90f86fd72226e35c_r188
b26e791522294bec90f86fd72226e35c,many_vehicles,original,vehicle,annotation,True,True,1,NaN (non-ML source),0.05,0.71912,b26e791522294bec90f86fd72226e35c_r189
b26e791522294bec90f86fd72226e35c,many_vehicles,original,vehicle,annotation,True,True,5,NaN (non-ML source),0.05,0.729987,b26e791522294bec90f86fd72226e35c_r190
b26e791522294bec90f86fd72226e35c,many_vehicles,original,vehicle,annotation,True,True,2,NaN (non-ML source),0.05,0.713712,b26e791522294bec90f86fd72226e35c_r191
b26e791522294bec90f86fd72226e35c,many_vehicles,original,vehicle,annotation,True,True,4,NaN (non-ML source),0.05,0.724107,b26e791522294bec90f86fd72226e35c_r192
b26e791522294bec90f86fd72226e35c,many_vehicles,original,vehicle,annotation,True,True,5,NaN (non-ML source),0.05,0.720818,b26e791522294bec90f86fd72226e35c_r193
b26e791522294bec90f86fd72226e35c,many_vehicles,original,vehicle,annotation,True,True,1,NaN (non-ML source),0.1,0.691677,b26e791522294bec90f86fd72226e35c_r194
b26e791522294bec90f86fd72226e35c,many_vehicles,original,vehicle,annotation,True,True,1,NaN (non-ML source),0.1,0.684315,b26e791522294bec90f86fd72226e35c_r195
b26e791522294bec90f86fd72226e35c,many_vehicles,original,vehicle,annotation,True,True,1,NaN (non-ML source),0.1,0.689544,b26e791522294bec90f86fd72226e35c_r196
b26e791522294bec90f86fd72226e35c,many_vehicles,original,vehicle,annotation,True,True,1,NaN (non-ML source),0.1,0.67956,b26e791522294bec90f86fd72226e35c_r197
b26e791522294bec90f86fd72226e35c,many_vehicles,original,vehicle,annotation,True,True,2,NaN (non-ML source),0.1,0.676237,b26e791522294bec90f86fd72226e35c_r198
b26e791522294bec90f86fd72226e35c,many_vehicles,original,vehicle,annotation,True,True,1,NaN (non-ML source),0.1,0.672044,b26e791522294bec90f86fd72226e35c_r199
dc4c80e8a1534ff8a3eb80307341161c,pedestrian_vru,original,vehicle,annotation,True,True,2,NaN (non-ML source),0.1,0.658154,dc4c80e8a1534ff8a3eb80307341161c_r200
dc4c80e8a1534ff8a3eb80307341161c,pedestrian_vru,original,vehicle,annotation,True,True,4,NaN (non-ML source),0.1,0.687029,dc4c80e8a1534ff8a3eb80307341161c_r201
dc4c80e8a1534ff8a3eb80307341161c,pedestrian_vru,original,vehicle,annotation,True,True,1,NaN (non-ML source),0.05,0.803886,dc4c80e8a1534ff8a3eb80307341161c_r202
dc4c80e8a1534ff8a3eb80307341161c,pedestrian_vru,original,vehicle,annotation,True,True,43,NaN (non-ML source),0.05,0.82278,dc4c80e8a1534ff8a3eb80307341161c_r203
dc4c80e8a1534ff8a3eb80307341161c,pedestrian_vru,original,vehicle,annotation,True,True,3,NaN (non-ML source),0.05,0.810708,dc4c80e8a1534ff8a3eb80307341161c_r204
dc4c80e8a1534ff8a3eb80307341161c,pedestrian_vru,original,vehicle,annotation,True,True,13,NaN (non-ML source),0.05,0.821189,dc4c80e8a1534ff8a3eb80307341161c_r205
dc4c80e8a1534ff8a3eb80307341161c,pedestrian_vru,original,vehicle,annotation,True,True,16,NaN (non-ML source),0.05,0.836207,dc4c80e8a1534ff8a3eb80307341161c_r206
dc4c80e8a1534ff8a3eb80307341161c,pedestrian_vru,original,vehicle,annotation,True,True,16,NaN (non-ML source),0.05,0.842575,dc4c80e8a1534ff8a3eb80307341161c_r207
dc4c80e8a1534ff8a3eb80307341161c,pedestrian_vru,original,vehicle,annotation,True,True,700,NaN (non-ML source),0.05,0.840052,dc4c80e8a1534ff8a3eb80307341161c_r208
dc4c80e8a1534ff8a3eb80307341161c,pedestrian_vru,original,vehicle,annotation,True,True,260,NaN (non-ML source),0.05,0.836511,dc4c80e8a1534ff8a3eb80307341161c_r209
dc4c80e8a1534ff8a3eb80307341161c,pedestrian_vru,original,vehicle,annotation,True,True,15,NaN (non-ML source),0.05,0.82131,dc4c80e8a1534ff8a3eb80307341161c_r210
dc4c80e8a1534ff8a3eb80307341161c,pedestrian_vru,original,vehicle,annotation,True,True,3,NaN (non-ML source),0.05,0.805586,dc4c80e8a1534ff8a3eb80307341161c_r211
dc4c80e8a1534ff8a3eb80307341161c,pedestrian_vru,original,vehicle,annotation,True,True,72,NaN (non-ML source),0.05,0.820091,dc4c80e8a1534ff8a3eb80307341161c_r212
dc4c80e8a1534ff8a3eb80307341161c,pedestrian_vru,original,vehicle,annotation,True,True,16,NaN (non-ML source),0.05,0.80894,dc4c80e8a1534ff8a3eb80307341161c_r213
dc4c80e8a1534ff8a3eb80307341161c,pedestrian_vru,original,vehicle,annotation,True,True,37,NaN (non-ML source),0.05,0.82312,dc4c80e8a1534ff8a3eb80307341161c_r214
dc4c80e8a1534ff8a3eb80307341161c,pedestrian_vru,original,vehicle,annotation,True,True,15,NaN (non-ML source),0.05,0.804321,dc4c80e8a1534ff8a3eb80307341161c_r215
dc4c80e8a1534ff8a3eb80307341161c,pedestrian_vru,original,vehicle,annotation,True,True,23,NaN (non-ML source),0.05,0.798337,dc4c80e8a1534ff8a3eb80307341161c_r216
dc4c80e8a1534ff8a3eb80307341161c,pedestrian_vru,original,vehicle,annotation,True,True,9,NaN (non-ML source),0.05,0.792992,dc4c80e8a1534ff8a3eb80307341161c_r217
dc4c80e8a1534ff8a3eb80307341161c,pedestrian_vru,original,pedestrian_vru,annotation,True,True,1,NaN (non-ML source),0.05,0.794984,dc4c80e8a1534ff8a3eb80307341161c_r218
dc4c80e8a1534ff8a3eb80307341161c,pedestrian_vru,original,vehicle,annotation,True,True,31,NaN (non-ML source),0.05,0.801615,dc4c80e8a1534ff8a3eb80307341161c_r219
dc4c80e8a1534ff8a3eb80307341161c,pedestrian_vru,original,vehicle,annotation,True,True,28,NaN (non-ML source),0.05,0.798847,dc4c80e8a1534ff8a3eb80307341161c_r220
dc4c80e8a1534ff8a3eb80307341161c,pedestrian_vru,original,vehicle,annotation,True,True,24,NaN (non-ML source),0.05,0.786144,dc4c80e8a1534ff8a3eb80307341161c_r221
dc4c80e8a1534ff8a3eb80307341161c,pedestrian_vru,original,vehicle,annotation,True,True,41,NaN (non-ML source),0.05,0.811737,dc4c80e8a1534ff8a3eb80307341161c_r222
dc4c80e8a1534ff8a3eb80307341161c,pedestrian_vru,original,vehicle,annotation,True,True,6,NaN (non-ML source),0.05,0.781156,dc4c80e8a1534ff8a3eb80307341161c_r223
dc4c80e8a1534ff8a3eb80307341161c,pedestrian_vru,original,vehicle,annotation,True,True,1,NaN (non-ML source),0.05,0.775128,dc4c80e8a1534ff8a3eb80307341161c_r224
dc4c80e8a1534ff8a3eb80307341161c,pedestrian_vru,original,vehicle,annotation,True,True,6,NaN (non-ML source),0.05,0.78827,dc4c80e8a1534ff8a3eb80307341161c_r225
dc4c80e8a1534ff8a3eb80307341161c,pedestrian_vru,original,vehicle,annotation,True,True,3,NaN (non-ML source),0.05,0.772445,dc4c80e8a1534ff8a3eb80307341161c_r226
dc4c80e8a1534ff8a3eb80307341161c,pedestrian_vru,original,vehicle,annotation,True,True,2,NaN (non-ML source),0.05,0.772554,dc4c80e8a1534ff8a3eb80307341161c_r227
dc4c80e8a1534ff8a3eb80307341161c,pedestrian_vru,original,vehicle,annotation,True,True,2,NaN (non-ML source),0.05,0.76227,dc4c80e8a1534ff8a3eb80307341161c_r228
dc4c80e8a1534ff8a3eb80307341161c,pedestrian_vru,original,vehicle,annotation,True,True,1,NaN (non-ML source),0.05,0.757525,dc4c80e8a1534ff8a3eb80307341161c_r229
dc4c80e8a1534ff8a3eb80307341161c,pedestrian_vru,original,vehicle,annotation,True,True,1,NaN (non-ML source),0.05,0.756878,dc4c80e8a1534ff8a3eb80307341161c_r230
dc4c80e8a1534ff8a3eb80307341161c,pedestrian_vru,original,vehicle,annotation,True,True,2,NaN (non-ML source),0.05,0.750764,dc4c80e8a1534ff8a3eb80307341161c_r231
c844bf5a9f2243ff8f4bf2c85fe218ff,complex_static,original,static_manmade,annotation,True,True,1,NaN (non-ML source),0.2,0.425281,c844bf5a9f2243ff8f4bf2c85fe218ff_r232
c844bf5a9f2243ff8f4bf2c85fe218ff,complex_static,original,static_manmade,annotation,True,True,6,NaN (non-ML source),0.1,0.518859,c844bf5a9f2243ff8f4bf2c85fe218ff_r233
c844bf5a9f2243ff8f4bf2c85fe218ff,complex_static,original,vehicle,annotation,True,True,6,NaN (non-ML source),0.05,0.740657,c844bf5a9f2243ff8f4bf2c85fe218ff_r234
c844bf5a9f2243ff8f4bf2c85fe218ff,complex_static,original,vehicle,annotation,True,True,4,NaN (non-ML source),0.05,0.718457,c844bf5a9f2243ff8f4bf2c85fe218ff_r235
c844bf5a9f2243ff8f4bf2c85fe218ff,complex_static,original,vehicle,annotation,True,True,1,NaN (non-ML source),0.05,0.718851,c844bf5a9f2243ff8f4bf2c85fe218ff_r236
c844bf5a9f2243ff8f4bf2c85fe218ff,complex_static,original,static_manmade,annotation,True,True,1,NaN (non-ML source),0.1,0.491885,c844bf5a9f2243ff8f4bf2c85fe218ff_r237
c844bf5a9f2243ff8f4bf2c85fe218ff,complex_static,original,static_manmade,annotation,True,True,3,NaN (non-ML source),0.1,0.495976,c844bf5a9f2243ff8f4bf2c85fe218ff_r238
c844bf5a9f2243ff8f4bf2c85fe218ff,complex_static,original,static_manmade,annotation,True,True,2,NaN (non-ML source),0.1,0.500504,c844bf5a9f2243ff8f4bf2c85fe218ff_r239
c844bf5a9f2243ff8f4bf2c85fe218ff,complex_static,original,static_manmade,annotation,True,True,2,NaN (non-ML source),0.1,0.503238,c844bf5a9f2243ff8f4bf2c85fe218ff_r240
c844bf5a9f2243ff8f4bf2c85fe218ff,complex_static,original,static_manmade,annotation,True,True,4,NaN (non-ML source),0.1,0.508155,c844bf5a9f2243ff8f4bf2c85fe218ff_r241
c844bf5a9f2243ff8f4bf2c85fe218ff,complex_static,original,static_manmade,annotation,True,True,1,NaN (non-ML source),0.1,0.511274,c844bf5a9f2243ff8f4bf2c85fe218ff_r242
c844bf5a9f2243ff8f4bf2c85fe218ff,complex_static,original,static_manmade,annotation,True,True,5,NaN (non-ML source),0.1,0.515757,c844bf5a9f2243ff8f4bf2c85fe218ff_r243
c844bf5a9f2243ff8f4bf2c85fe218ff,complex_static,original,static_manmade,annotation,True,True,5,NaN (non-ML source),0.1,0.522159,c844bf5a9f2243ff8f4bf2c85fe218ff_r244
c844bf5a9f2243ff8f4bf2c85fe218ff,complex_static,original,static_manmade,annotation,True,True,2,NaN (non-ML source),0.1,0.526091,c844bf5a9f2243ff8f4bf2c85fe218ff_r245
c844bf5a9f2243ff8f4bf2c85fe218ff,complex_static,original,static_manmade,annotation,True,True,4,NaN (non-ML source),0.1,0.529587,c844bf5a9f2243ff8f4bf2c85fe218ff_r246
c844bf5a9f2243ff8f4bf2c85fe218ff,complex_static,original,static_manmade,annotation,True,True,1,NaN (non-ML source),0.1,0.551326,c844bf5a9f2243ff8f4bf2c85fe218ff_r247
c844bf5a9f2243ff8f4bf2c85fe218ff,complex_static,original,static_manmade,annotation,True,True,8,NaN (non-ML source),0.1,0.544218,c844bf5a9f2243ff8f4bf2c85fe218ff_r248
c844bf5a9f2243ff8f4bf2c85fe218ff,complex_static,original,static_manmade,annotation,True,True,8,NaN (non-ML source),0.1,0.546609,c844bf5a9f2243ff8f4bf2c85fe218ff_r249
c844bf5a9f2243ff8f4bf2c85fe218ff,complex_static,original,pedestrian_vru,annotation,True,True,1,NaN (non-ML source),0.1,0.699872,c844bf5a9f2243ff8f4bf2c85fe218ff_r250
c844bf5a9f2243ff8f4bf2c85fe218ff,complex_static,original,static_manmade,annotation,True,True,15,NaN (non-ML source),0.1,0.550365,c844bf5a9f2243ff8f4bf2c85fe218ff_r251
c844bf5a9f2243ff8f4bf2c85fe218ff,complex_static,original,static_manmade,annotation,True,True,1,NaN (non-ML source),0.1,0.543235,c844bf5a9f2243ff8f4bf2c85fe218ff_r252
c844bf5a9f2243ff8f4bf2c85fe218ff,complex_static,original,pedestrian_vru,annotation,True,True,12,NaN (non-ML source),0.05,0.846539,c844bf5a9f2243ff8f4bf2c85fe218ff_r253
c844bf5a9f2243ff8f4bf2c85fe218ff,complex_static,original,static_manmade,annotation,True,True,3,NaN (non-ML source),0.1,0.543034,c844bf5a9f2243ff8f4bf2c85fe218ff_r254
c844bf5a9f2243ff8f4bf2c85fe218ff,complex_static,original,static_manmade,annotation,True,True,6,NaN (non-ML source),0.1,0.546294,c844bf5a9f2243ff8f4bf2c85fe218ff_r255
c844bf5a9f2243ff8f4bf2c85fe218ff,complex_static,original,vehicle,annotation,True,True,3,NaN (non-ML source),0.05,0.817221,c844bf5a9f2243ff8f4bf2c85fe218ff_r256
c844bf5a9f2243ff8f4bf2c85fe218ff,complex_static,original,static_manmade,annotation,True,True,2,NaN (non-ML source),0.1,0.557407,c844bf5a9f2243ff8f4bf2c85fe218ff_r257
c844bf5a9f2243ff8f4bf2c85fe218ff,complex_static,original,vehicle,annotation,True,True,158,NaN (non-ML source),0.05,0.83192,c844bf5a9f2243ff8f4bf2c85fe218ff_r258
c844bf5a9f2243ff8f4bf2c85fe218ff,complex_static,original,vehicle,annotation,True,True,73,NaN (non-ML source),0.05,0.828415,c844bf5a9f2243ff8f4bf2c85fe218ff_r259
c844bf5a9f2243ff8f4bf2c85fe218ff,complex_static,original,static_manmade,annotation,True,True,1,NaN (non-ML source),0.1,0.558104,c844bf5a9f2243ff8f4bf2c85fe218ff_r260
c844bf5a9f2243ff8f4bf2c85fe218ff,complex_static,original,static_manmade,annotation,True,True,20,NaN (non-ML source),0.1,0.568995,c844bf5a9f2243ff8f4bf2c85fe218ff_r261
c844bf5a9f2243ff8f4bf2c85fe218ff,complex_static,original,vehicle,annotation,True,True,19,NaN (non-ML source),0.05,0.776664,c844bf5a9f2243ff8f4bf2c85fe218ff_r262
c844bf5a9f2243ff8f4bf2c85fe218ff,complex_static,original,vehicle,annotation,True,True,12,NaN (non-ML source),0.05,0.791804,c844bf5a9f2243ff8f4bf2c85fe218ff_r263
c844bf5a9f2243ff8f4bf2c85fe218ff,complex_static,original,static_manmade,annotation,True,True,3,NaN (non-ML source),0.1,0.564004,c844bf5a9f2243ff8f4bf2c85fe218ff_r264
c844bf5a9f2243ff8f4bf2c85fe218ff,complex_static,original,static_manmade,annotation,True,True,24,NaN (non-ML source),0.1,0.573429,c844bf5a9f2243ff8f4bf2c85fe218ff_r265
c844bf5a9f2243ff8f4bf2c85fe218ff,complex_static,original,static_manmade,annotation,True,True,153,NaN (non-ML source),0.1,0.625019,c844bf5a9f2243ff8f4bf2c85fe218ff_r266
c844bf5a9f2243ff8f4bf2c85fe218ff,complex_static,original,vehicle,annotation,True,True,32,NaN (non-ML source),0.05,0.782751,c844bf5a9f2243ff8f4bf2c85fe218ff_r267
c844bf5a9f2243ff8f4bf2c85fe218ff,complex_static,original,vehicle,annotation,True,True,35,NaN (non-ML source),0.05,0.812957,c844bf5a9f2243ff8f4bf2c85fe218ff_r268
c844bf5a9f2243ff8f4bf2c85fe218ff,complex_static,original,static_manmade,annotation,True,True,12,NaN (non-ML source),0.1,0.576053,c844bf5a9f2243ff8f4bf2c85fe218ff_r269
c844bf5a9f2243ff8f4bf2c85fe218ff,complex_static,original,static_manmade,annotation,True,True,16,NaN (non-ML source),0.1,0.579547,c844bf5a9f2243ff8f4bf2c85fe218ff_r270
c844bf5a9f2243ff8f4bf2c85fe218ff,complex_static,original,static_manmade,annotation,True,True,373,NaN (non-ML source),0.1,0.638277,c844bf5a9f2243ff8f4bf2c85fe218ff_r271
c844bf5a9f2243ff8f4bf2c85fe218ff,complex_static,original,vehicle,annotation,True,True,28,NaN (non-ML source),0.05,0.784174,c844bf5a9f2243ff8f4bf2c85fe218ff_r272
c844bf5a9f2243ff8f4bf2c85fe218ff,complex_static,original,static_manmade,annotation,True,True,43,NaN (non-ML source),0.1,0.587274,c844bf5a9f2243ff8f4bf2c85fe218ff_r273
c844bf5a9f2243ff8f4bf2c85fe218ff,complex_static,original,static_manmade,annotation,True,True,1,NaN (non-ML source),0.1,0.57994,c844bf5a9f2243ff8f4bf2c85fe218ff_r274
c844bf5a9f2243ff8f4bf2c85fe218ff,complex_static,original,static_manmade,annotation,True,True,581,NaN (non-ML source),0.1,0.633393,c844bf5a9f2243ff8f4bf2c85fe218ff_r275
c844bf5a9f2243ff8f4bf2c85fe218ff,complex_static,original,static_manmade,annotation,True,True,347,NaN (non-ML source),0.1,0.638634,c844bf5a9f2243ff8f4bf2c85fe218ff_r276
c844bf5a9f2243ff8f4bf2c85fe218ff,complex_static,original,vehicle,annotation,True,True,102,NaN (non-ML source),0.05,0.836618,c844bf5a9f2243ff8f4bf2c85fe218ff_r277
c844bf5a9f2243ff8f4bf2c85fe218ff,complex_static,original,vehicle,annotation,True,True,1,NaN (non-ML source),0.05,0.817761,c844bf5a9f2243ff8f4bf2c85fe218ff_r278
c844bf5a9f2243ff8f4bf2c85fe218ff,complex_static,original,vehicle,annotation,True,True,42,NaN (non-ML source),0.05,0.800533,c844bf5a9f2243ff8f4bf2c85fe218ff_r279
c844bf5a9f2243ff8f4bf2c85fe218ff,complex_static,original,vehicle,annotation,True,True,30,NaN (non-ML source),0.05,0.796124,c844bf5a9f2243ff8f4bf2c85fe218ff_r280
c844bf5a9f2243ff8f4bf2c85fe218ff,complex_static,original,vehicle,annotation,True,True,56,NaN (non-ML source),0.05,0.803712,c844bf5a9f2243ff8f4bf2c85fe218ff_r281
c844bf5a9f2243ff8f4bf2c85fe218ff,complex_static,original,static_manmade,annotation,True,True,17,NaN (non-ML source),0.1,0.588534,c844bf5a9f2243ff8f4bf2c85fe218ff_r282
c844bf5a9f2243ff8f4bf2c85fe218ff,complex_static,original,static_manmade,annotation,True,True,6,NaN (non-ML source),0.1,0.585387,c844bf5a9f2243ff8f4bf2c85fe218ff_r283
c844bf5a9f2243ff8f4bf2c85fe218ff,complex_static,original,static_manmade,annotation,True,True,372,NaN (non-ML source),0.1,0.631742,c844bf5a9f2243ff8f4bf2c85fe218ff_r284
c844bf5a9f2243ff8f4bf2c85fe218ff,complex_static,original,static_manmade,annotation,True,True,138,NaN (non-ML source),0.1,0.631036,c844bf5a9f2243ff8f4bf2c85fe218ff_r285
c844bf5a9f2243ff8f4bf2c85fe218ff,complex_static,original,vehicle,annotation,True,True,16,NaN (non-ML source),0.05,0.818394,c844bf5a9f2243ff8f4bf2c85fe218ff_r286
c844bf5a9f2243ff8f4bf2c85fe218ff,complex_static,original,vehicle,annotation,True,True,11,NaN (non-ML source),0.05,0.798765,c844bf5a9f2243ff8f4bf2c85fe218ff_r287
c844bf5a9f2243ff8f4bf2c85fe218ff,complex_static,original,vehicle,annotation,True,True,41,NaN (non-ML source),0.05,0.797322,c844bf5a9f2243ff8f4bf2c85fe218ff_r288
c844bf5a9f2243ff8f4bf2c85fe218ff,complex_static,original,vehicle,annotation,True,True,45,NaN (non-ML source),0.05,0.796303,c844bf5a9f2243ff8f4bf2c85fe218ff_r289
c844bf5a9f2243ff8f4bf2c85fe218ff,complex_static,original,static_manmade,annotation,True,True,70,NaN (non-ML source),0.1,0.625552,c844bf5a9f2243ff8f4bf2c85fe218ff_r290
c844bf5a9f2243ff8f4bf2c85fe218ff,complex_static,original,pedestrian_vru,annotation,True,True,9,NaN (non-ML source),0.05,0.836997,c844bf5a9f2243ff8f4bf2c85fe218ff_r291
c844bf5a9f2243ff8f4bf2c85fe218ff,complex_static,original,static_manmade,annotation,True,True,3,NaN (non-ML source),0.1,0.603711,c844bf5a9f2243ff8f4bf2c85fe218ff_r292
c844bf5a9f2243ff8f4bf2c85fe218ff,complex_static,original,vehicle,annotation,True,True,15,NaN (non-ML source),0.05,0.794136,c844bf5a9f2243ff8f4bf2c85fe218ff_r293
c844bf5a9f2243ff8f4bf2c85fe218ff,complex_static,original,pedestrian_vru,annotation,True,True,43,NaN (non-ML source),0.05,0.848105,c844bf5a9f2243ff8f4bf2c85fe218ff_r294
c844bf5a9f2243ff8f4bf2c85fe218ff,complex_static,original,static_manmade,annotation,True,True,9,NaN (non-ML source),0.1,0.6039,c844bf5a9f2243ff8f4bf2c85fe218ff_r295
c844bf5a9f2243ff8f4bf2c85fe218ff,complex_static,original,vehicle,annotation,True,True,9,NaN (non-ML source),0.05,0.806516,c844bf5a9f2243ff8f4bf2c85fe218ff_r296
c844bf5a9f2243ff8f4bf2c85fe218ff,complex_static,original,vehicle,annotation,True,True,1,NaN (non-ML source),0.05,0.799957,c844bf5a9f2243ff8f4bf2c85fe218ff_r297
c844bf5a9f2243ff8f4bf2c85fe218ff,complex_static,original,static_manmade,annotation,True,True,7,NaN (non-ML source),0.1,0.613064,c844bf5a9f2243ff8f4bf2c85fe218ff_r298
c844bf5a9f2243ff8f4bf2c85fe218ff,complex_static,original,static_manmade,annotation,True,True,13,NaN (non-ML source),0.1,0.603722,c844bf5a9f2243ff8f4bf2c85fe218ff_r299
c844bf5a9f2243ff8f4bf2c85fe218ff,complex_static,original,static_manmade,annotation,True,True,52,NaN (non-ML source),0.1,0.606885,c844bf5a9f2243ff8f4bf2c85fe218ff_r300
c844bf5a9f2243ff8f4bf2c85fe218ff,complex_static,original,vehicle,annotation,True,True,29,NaN (non-ML source),0.05,0.802419,c844bf5a9f2243ff8f4bf2c85fe218ff_r301
c844bf5a9f2243ff8f4bf2c85fe218ff,complex_static,original,vehicle,annotation,True,True,2,NaN (non-ML source),0.05,0.799889,c844bf5a9f2243ff8f4bf2c85fe218ff_r302
c844bf5a9f2243ff8f4bf2c85fe218ff,complex_static,original,vehicle,annotation,True,True,16,NaN (non-ML source),0.05,0.796502,c844bf5a9f2243ff8f4bf2c85fe218ff_r303
c844bf5a9f2243ff8f4bf2c85fe218ff,complex_static,original,pedestrian_vru,annotation,True,True,6,NaN (non-ML source),0.05,0.80707,c844bf5a9f2243ff8f4bf2c85fe218ff_r304
c844bf5a9f2243ff8f4bf2c85fe218ff,complex_static,original,pedestrian_vru,annotation,True,True,11,NaN (non-ML source),0.05,0.827684,c844bf5a9f2243ff8f4bf2c85fe218ff_r305
c844bf5a9f2243ff8f4bf2c85fe218ff,complex_static,original,vehicle,annotation,True,True,1,NaN (non-ML source),0.05,0.79713,c844bf5a9f2243ff8f4bf2c85fe218ff_r306
c844bf5a9f2243ff8f4bf2c85fe218ff,complex_static,original,vehicle,annotation,True,True,3,NaN (non-ML source),0.05,0.799273,c844bf5a9f2243ff8f4bf2c85fe218ff_r307
c844bf5a9f2243ff8f4bf2c85fe218ff,complex_static,original,vehicle,annotation,True,True,1,NaN (non-ML source),0.05,0.787968,c844bf5a9f2243ff8f4bf2c85fe218ff_r308
c844bf5a9f2243ff8f4bf2c85fe218ff,complex_static,original,pedestrian_vru,annotation,True,True,1,NaN (non-ML source),0.05,0.762033,c844bf5a9f2243ff8f4bf2c85fe218ff_r309
c844bf5a9f2243ff8f4bf2c85fe218ff,complex_static,original,pedestrian_vru,annotation,True,True,23,NaN (non-ML source),0.05,0.833595,c844bf5a9f2243ff8f4bf2c85fe218ff_r310
c844bf5a9f2243ff8f4bf2c85fe218ff,complex_static,original,pedestrian_vru,annotation,True,True,2,NaN (non-ML source),0.05,0.811678,c844bf5a9f2243ff8f4bf2c85fe218ff_r311
c844bf5a9f2243ff8f4bf2c85fe218ff,complex_static,original,pedestrian_vru,annotation,True,True,6,NaN (non-ML source),0.05,0.787474,c844bf5a9f2243ff8f4bf2c85fe218ff_r312
c844bf5a9f2243ff8f4bf2c85fe218ff,complex_static,original,pedestrian_vru,annotation,True,True,6,NaN (non-ML source),0.05,0.820037,c844bf5a9f2243ff8f4bf2c85fe218ff_r313
c844bf5a9f2243ff8f4bf2c85fe218ff,complex_static,original,pedestrian_vru,annotation,True,True,8,NaN (non-ML source),0.05,0.813937,c844bf5a9f2243ff8f4bf2c85fe218ff_r314
c844bf5a9f2243ff8f4bf2c85fe218ff,complex_static,original,vehicle,annotation,True,True,2,NaN (non-ML source),0.05,0.732444,c844bf5a9f2243ff8f4bf2c85fe218ff_r315
c844bf5a9f2243ff8f4bf2c85fe218ff,complex_static,original,vehicle,annotation,True,True,4,NaN (non-ML source),0.05,0.732781,c844bf5a9f2243ff8f4bf2c85fe218ff_r316
c844bf5a9f2243ff8f4bf2c85fe218ff,complex_static,original,vehicle,annotation,True,True,3,NaN (non-ML source),0.05,0.709393,c844bf5a9f2243ff8f4bf2c85fe218ff_r317
c844bf5a9f2243ff8f4bf2c85fe218ff,complex_static,original,static_manmade,annotation,True,True,1,NaN (non-ML source),0.1,0.517857,c844bf5a9f2243ff8f4bf2c85fe218ff_r318
c844bf5a9f2243ff8f4bf2c85fe218ff,complex_static,original,vehicle,annotation,True,True,2,NaN (non-ML source),0.05,0.73234,c844bf5a9f2243ff8f4bf2c85fe218ff_r319
c844bf5a9f2243ff8f4bf2c85fe218ff,complex_static,original,static_manmade,annotation,True,True,1,NaN (non-ML source),0.1,0.515495,c844bf5a9f2243ff8f4bf2c85fe218ff_r320
c844bf5a9f2243ff8f4bf2c85fe218ff,complex_static,original,static_manmade,annotation,True,True,1,NaN (non-ML source),0.1,0.531378,c844bf5a9f2243ff8f4bf2c85fe218ff_r321
c844bf5a9f2243ff8f4bf2c85fe218ff,complex_static,original,static_manmade,annotation,True,True,1,NaN (non-ML source),0.1,0.530859,c844bf5a9f2243ff8f4bf2c85fe218ff_r322
c844bf5a9f2243ff8f4bf2c85fe218ff,complex_static,original,pedestrian_vru,annotation,True,True,1,NaN (non-ML source),0.1,0.670186,c844bf5a9f2243ff8f4bf2c85fe218ff_r323
c844bf5a9f2243ff8f4bf2c85fe218ff,complex_static,original,vehicle,annotation,True,True,1,NaN (non-ML source),0.05,0.700621,c844bf5a9f2243ff8f4bf2c85fe218ff_r324
c844bf5a9f2243ff8f4bf2c85fe218ff,complex_static,original,static_manmade,annotation,True,True,6,NaN (non-ML source),0.1,0.525091,c844bf5a9f2243ff8f4bf2c85fe218ff_r325
c844bf5a9f2243ff8f4bf2c85fe218ff,complex_static,original,static_manmade,annotation,True,True,6,NaN (non-ML source),0.1,0.529587,c844bf5a9f2243ff8f4bf2c85fe218ff_r326
c844bf5a9f2243ff8f4bf2c85fe218ff,complex_static,original,static_manmade,annotation,True,True,5,NaN (non-ML source),0.1,0.530984,c844bf5a9f2243ff8f4bf2c85fe218ff_r327
c844bf5a9f2243ff8f4bf2c85fe218ff,complex_static,original,static_manmade,annotation,True,True,6,NaN (non-ML source),0.1,0.541663,c844bf5a9f2243ff8f4bf2c85fe218ff_r328
c844bf5a9f2243ff8f4bf2c85fe218ff,complex_static,original,static_manmade,annotation,True,True,2,NaN (non-ML source),0.1,0.520122,c844bf5a9f2243ff8f4bf2c85fe218ff_r329
c844bf5a9f2243ff8f4bf2c85fe218ff,complex_static,original,vehicle,annotation,True,True,1,NaN (non-ML source),0.1,0.682369,c844bf5a9f2243ff8f4bf2c85fe218ff_r330
c844bf5a9f2243ff8f4bf2c85fe218ff,complex_static,original,vehicle,annotation,True,True,1,NaN (non-ML source),0.05,0.721258,c844bf5a9f2243ff8f4bf2c85fe218ff_r331
c844bf5a9f2243ff8f4bf2c85fe218ff,complex_static,original,vehicle,annotation,True,True,1,NaN (non-ML source),0.05,0.719785,c844bf5a9f2243ff8f4bf2c85fe218ff_r332
c844bf5a9f2243ff8f4bf2c85fe218ff,complex_static,original,vehicle,annotation,True,True,1,NaN (non-ML source),0.1,0.682304,c844bf5a9f2243ff8f4bf2c85fe218ff_r333
c844bf5a9f2243ff8f4bf2c85fe218ff,complex_static,original,vehicle,annotation,True,True,3,NaN (non-ML source),0.05,0.716444,c844bf5a9f2243ff8f4bf2c85fe218ff_r334
c844bf5a9f2243ff8f4bf2c85fe218ff,complex_static,original,static_manmade,annotation,True,True,1,NaN (non-ML source),0.1,0.515244,c844bf5a9f2243ff8f4bf2c85fe218ff_r335
c844bf5a9f2243ff8f4bf2c85fe218ff,complex_static,original,vehicle,annotation,True,True,4,NaN (non-ML source),0.05,0.72488,c844bf5a9f2243ff8f4bf2c85fe218ff_r336
c844bf5a9f2243ff8f4bf2c85fe218ff,complex_static,original,vehicle,annotation,True,True,1,NaN (non-ML source),0.1,0.667834,c844bf5a9f2243ff8f4bf2c85fe218ff_r337
5c85640c10d9485c86bf6eb44778c002,normal,original,vehicle,annotation,True,True,9,NaN (non-ML source),0.05,0.767795,5c85640c10d9485c86bf6eb44778c002_r338
5c85640c10d9485c86bf6eb44778c002,normal,original,vehicle,annotation,True,True,13,NaN (non-ML source),0.05,0.788306,5c85640c10d9485c86bf6eb44778c002_r339
5c85640c10d9485c86bf6eb44778c002,normal,original,vehicle,annotation,True,True,125,NaN (non-ML source),0.05,0.83286,5c85640c10d9485c86bf6eb44778c002_r340
5c85640c10d9485c86bf6eb44778c002,normal,original,vehicle,annotation,True,True,4,NaN (non-ML source),0.05,0.819107,5c85640c10d9485c86bf6eb44778c002_r341
5c85640c10d9485c86bf6eb44778c002,normal,original,vehicle,annotation,True,True,27,NaN (non-ML source),0.05,0.84347,5c85640c10d9485c86bf6eb44778c002_r342
5c85640c10d9485c86bf6eb44778c002,normal,original,vehicle,annotation,True,True,30,NaN (non-ML source),0.05,0.835582,5c85640c10d9485c86bf6eb44778c002_r343
5c85640c10d9485c86bf6eb44778c002,normal,original,vehicle,annotation,True,True,4,NaN (non-ML source),0.05,0.820031,5c85640c10d9485c86bf6eb44778c002_r344
5c85640c10d9485c86bf6eb44778c002,normal,original,vehicle,annotation,True,True,7,NaN (non-ML source),0.05,0.831921,5c85640c10d9485c86bf6eb44778c002_r345
5c85640c10d9485c86bf6eb44778c002,normal,original,vehicle,annotation,True,True,7,NaN (non-ML source),0.05,0.812557,5c85640c10d9485c86bf6eb44778c002_r346
5c85640c10d9485c86bf6eb44778c002,normal,original,vehicle,annotation,True,True,1,NaN (non-ML source),0.05,0.775329,5c85640c10d9485c86bf6eb44778c002_r347
5c85640c10d9485c86bf6eb44778c002,normal,original,vehicle,annotation,True,True,1,NaN (non-ML source),0.05,0.771862,5c85640c10d9485c86bf6eb44778c002_r348
5c85640c10d9485c86bf6eb44778c002,normal,original,vehicle,annotation,True,True,6,NaN (non-ML source),0.05,0.779554,5c85640c10d9485c86bf6eb44778c002_r349
5c85640c10d9485c86bf6eb44778c002,normal,original,vehicle,annotation,True,True,8,NaN (non-ML source),0.05,0.789039,5c85640c10d9485c86bf6eb44778c002_r350
5c85640c10d9485c86bf6eb44778c002,normal,original,vehicle,annotation,True,True,14,NaN (non-ML source),0.05,0.809955,5c85640c10d9485c86bf6eb44778c002_r351
5c85640c10d9485c86bf6eb44778c002,normal,original,vehicle,annotation,True,True,55,NaN (non-ML source),0.05,0.827096,5c85640c10d9485c86bf6eb44778c002_r352
5c85640c10d9485c86bf6eb44778c002,normal,original,vehicle,annotation,True,True,108,NaN (non-ML source),0.05,0.835902,5c85640c10d9485c86bf6eb44778c002_r353
5c85640c10d9485c86bf6eb44778c002,normal,original,vehicle,annotation,True,True,168,NaN (non-ML source),0.05,0.834972,5c85640c10d9485c86bf6eb44778c002_r354
5c85640c10d9485c86bf6eb44778c002,normal,original,vehicle,annotation,True,True,318,NaN (non-ML source),0.05,0.838687,5c85640c10d9485c86bf6eb44778c002_r355
5c85640c10d9485c86bf6eb44778c002,normal,original,vehicle,annotation,True,True,191,NaN (non-ML source),0.05,0.835211,5c85640c10d9485c86bf6eb44778c002_r356
5c85640c10d9485c86bf6eb44778c002,normal,original,vehicle,annotation,True,True,121,NaN (non-ML source),0.05,0.829568,5c85640c10d9485c86bf6eb44778c002_r357
5c85640c10d9485c86bf6eb44778c002,normal,original,vehicle,annotation,True,True,106,NaN (non-ML source),0.05,0.827484,5c85640c10d9485c86bf6eb44778c002_r358
5c85640c10d9485c86bf6eb44778c002,normal,original,vehicle,annotation,True,True,37,NaN (non-ML source),0.05,0.824383,5c85640c10d9485c86bf6eb44778c002_r359
5c85640c10d9485c86bf6eb44778c002,normal,original,vehicle,annotation,True,True,53,NaN (non-ML source),0.05,0.817975,5c85640c10d9485c86bf6eb44778c002_r360
5c85640c10d9485c86bf6eb44778c002,normal,original,vehicle,annotation,True,True,7,NaN (non-ML source),0.05,0.79969,5c85640c10d9485c86bf6eb44778c002_r361
5c85640c10d9485c86bf6eb44778c002,normal,original,vehicle,annotation,True,True,21,NaN (non-ML source),0.05,0.791441,5c85640c10d9485c86bf6eb44778c002_r362
5c85640c10d9485c86bf6eb44778c002,normal,original,vehicle,annotation,True,True,17,NaN (non-ML source),0.05,0.797944,5c85640c10d9485c86bf6eb44778c002_r363
5c85640c10d9485c86bf6eb44778c002,normal,original,vehicle,annotation,True,True,5,NaN (non-ML source),0.05,0.795945,5c85640c10d9485c86bf6eb44778c002_r364
5c85640c10d9485c86bf6eb44778c002,normal,original,vehicle,annotation,True,True,3,NaN (non-ML source),0.05,0.741966,5c85640c10d9485c86bf6eb44778c002_r365
5c85640c10d9485c86bf6eb44778c002,normal,original,vehicle,annotation,True,True,2,NaN (non-ML source),0.05,0.754012,5c85640c10d9485c86bf6eb44778c002_r366
5c85640c10d9485c86bf6eb44778c002,normal,original,vehicle,annotation,True,True,4,NaN (non-ML source),0.05,0.764974,5c85640c10d9485c86bf6eb44778c002_r367
5c85640c10d9485c86bf6eb44778c002,normal,original,vehicle,annotation,True,True,1,NaN (non-ML source),0.05,0.742787,5c85640c10d9485c86bf6eb44778c002_r368
5c85640c10d9485c86bf6eb44778c002,normal,original,vehicle,annotation,True,True,2,NaN (non-ML source),0.05,0.743808,5c85640c10d9485c86bf6eb44778c002_r369
5c85640c10d9485c86bf6eb44778c002,normal,original,pedestrian_vru,annotation,True,True,1,NaN (non-ML source),0.05,0.702879,5c85640c10d9485c86bf6eb44778c002_r370
5c85640c10d9485c86bf6eb44778c002,normal,original,vehicle,annotation,True,True,3,NaN (non-ML source),0.05,0.737333,5c85640c10d9485c86bf6eb44778c002_r371
5c85640c10d9485c86bf6eb44778c002,normal,original,vehicle,annotation,True,True,6,NaN (non-ML source),0.05,0.770187,5c85640c10d9485c86bf6eb44778c002_r372
5c85640c10d9485c86bf6eb44778c002,normal,original,vehicle,annotation,True,True,8,NaN (non-ML source),0.05,0.779603,5c85640c10d9485c86bf6eb44778c002_r373
5c85640c10d9485c86bf6eb44778c002,normal,original,vehicle,annotation,True,True,4,NaN (non-ML source),0.05,0.799159,5c85640c10d9485c86bf6eb44778c002_r374
5c85640c10d9485c86bf6eb44778c002,normal,original,vehicle,annotation,True,True,29,NaN (non-ML source),0.05,0.811844,5c85640c10d9485c86bf6eb44778c002_r375
5c85640c10d9485c86bf6eb44778c002,normal,original,vehicle,annotation,True,True,48,NaN (non-ML source),0.05,0.817685,5c85640c10d9485c86bf6eb44778c002_r376
5c85640c10d9485c86bf6eb44778c002,normal,original,vehicle,annotation,True,True,52,NaN (non-ML source),0.05,0.825385,5c85640c10d9485c86bf6eb44778c002_r377
5c85640c10d9485c86bf6eb44778c002,normal,original,vehicle,annotation,True,True,138,NaN (non-ML source),0.05,0.833854,5c85640c10d9485c86bf6eb44778c002_r378
5c85640c10d9485c86bf6eb44778c002,normal,original,vehicle,annotation,True,True,1,NaN (non-ML source),0.05,0.720164,5c85640c10d9485c86bf6eb44778c002_r379
5c85640c10d9485c86bf6eb44778c002,normal,original,vehicle,annotation,True,True,5,NaN (non-ML source),0.05,0.800004,5c85640c10d9485c86bf6eb44778c002_r380
5c85640c10d9485c86bf6eb44778c002,normal,original,vehicle,annotation,True,True,3,NaN (non-ML source),0.05,0.809888,5c85640c10d9485c86bf6eb44778c002_r381
5c85640c10d9485c86bf6eb44778c002,normal,original,vehicle,annotation,True,True,21,NaN (non-ML source),0.05,0.791551,5c85640c10d9485c86bf6eb44778c002_r382
5c85640c10d9485c86bf6eb44778c002,normal,original,vehicle,annotation,True,True,3,NaN (non-ML source),0.05,0.790828,5c85640c10d9485c86bf6eb44778c002_r383
5c85640c10d9485c86bf6eb44778c002,normal,original,vehicle,annotation,True,True,102,NaN (non-ML source),0.05,0.824398,5c85640c10d9485c86bf6eb44778c002_r384
5c85640c10d9485c86bf6eb44778c002,normal,original,vehicle,annotation,True,True,155,NaN (non-ML source),0.05,0.83762,5c85640c10d9485c86bf6eb44778c002_r385
5c85640c10d9485c86bf6eb44778c002,normal,original,vehicle,annotation,True,True,18,NaN (non-ML source),0.05,0.82599,5c85640c10d9485c86bf6eb44778c002_r386
5c85640c10d9485c86bf6eb44778c002,normal,original,vehicle,annotation,True,True,13,NaN (non-ML source),0.05,0.796337,5c85640c10d9485c86bf6eb44778c002_r387
5c85640c10d9485c86bf6eb44778c002,normal,original,vehicle,annotation,True,True,11,NaN (non-ML source),0.05,0.762376,5c85640c10d9485c86bf6eb44778c002_r388
5c85640c10d9485c86bf6eb44778c002,normal,original,vehicle,annotation,True,True,83,NaN (non-ML source),0.05,0.819231,5c85640c10d9485c86bf6eb44778c002_r389
5c85640c10d9485c86bf6eb44778c002,normal,original,vehicle,annotation,True,True,53,NaN (non-ML source),0.05,0.829865,5c85640c10d9485c86bf6eb44778c002_r390
5c85640c10d9485c86bf6eb44778c002,normal,original,vehicle,annotation,True,True,3,NaN (non-ML source),0.05,0.805396,5c85640c10d9485c86bf6eb44778c002_r391
5c85640c10d9485c86bf6eb44778c002,normal,original,vehicle,annotation,True,True,10,NaN (non-ML source),0.05,0.777685,5c85640c10d9485c86bf6eb44778c002_r392
5c85640c10d9485c86bf6eb44778c002,normal,original,vehicle,annotation,True,True,8,NaN (non-ML source),0.05,0.757069,5c85640c10d9485c86bf6eb44778c002_r393
5c85640c10d9485c86bf6eb44778c002,normal,original,vehicle,annotation,True,True,5,NaN (non-ML source),0.05,0.814228,5c85640c10d9485c86bf6eb44778c002_r394
5c85640c10d9485c86bf6eb44778c002,normal,original,vehicle,annotation,True,True,1,NaN (non-ML source),0.05,0.773625,5c85640c10d9485c86bf6eb44778c002_r395
5c85640c10d9485c86bf6eb44778c002,normal,original,vehicle,annotation,True,True,1,NaN (non-ML source),0.05,0.74622,5c85640c10d9485c86bf6eb44778c002_r396
5c85640c10d9485c86bf6eb44778c002,normal,original,vehicle,annotation,True,True,12,NaN (non-ML source),0.05,0.782485,5c85640c10d9485c86bf6eb44778c002_r397
5c85640c10d9485c86bf6eb44778c002,normal,original,vehicle,annotation,True,True,6,NaN (non-ML source),0.05,0.777346,5c85640c10d9485c86bf6eb44778c002_r398
5c85640c10d9485c86bf6eb44778c002,normal,original,vehicle,annotation,True,True,8,NaN (non-ML source),0.05,0.781117,5c85640c10d9485c86bf6eb44778c002_r399
5c85640c10d9485c86bf6eb44778c002,normal,original,vehicle,annotation,True,True,6,NaN (non-ML source),0.05,0.782012,5c85640c10d9485c86bf6eb44778c002_r400
5c85640c10d9485c86bf6eb44778c002,normal,original,vehicle,annotation,True,True,7,NaN (non-ML source),0.05,0.792661,5c85640c10d9485c86bf6eb44778c002_r401
5c85640c10d9485c86bf6eb44778c002,normal,original,vehicle,annotation,True,True,78,NaN (non-ML source),0.05,0.813966,5c85640c10d9485c86bf6eb44778c002_r402
5c85640c10d9485c86bf6eb44778c002,normal,original,vehicle,annotation,True,True,4,NaN (non-ML source),0.05,0.797717,5c85640c10d9485c86bf6eb44778c002_r403
5c85640c10d9485c86bf6eb44778c002,normal,original,vehicle,annotation,True,True,1,NaN (non-ML source),0.05,0.750183,5c85640c10d9485c86bf6eb44778c002_r404
5c85640c10d9485c86bf6eb44778c002,normal,original,vehicle,annotation,True,True,19,NaN (non-ML source),0.05,0.781887,5c85640c10d9485c86bf6eb44778c002_r405
5c85640c10d9485c86bf6eb44778c002,normal,original,vehicle,annotation,True,True,22,NaN (non-ML source),0.05,0.792763,5c85640c10d9485c86bf6eb44778c002_r406
5c85640c10d9485c86bf6eb44778c002,normal,original,vehicle,annotation,True,True,5,NaN (non-ML source),0.05,0.790729,5c85640c10d9485c86bf6eb44778c002_r407
5c85640c10d9485c86bf6eb44778c002,normal,original,vehicle,annotation,True,True,6,NaN (non-ML source),0.05,0.794991,5c85640c10d9485c86bf6eb44778c002_r408
5c85640c10d9485c86bf6eb44778c002,normal,original,vehicle,annotation,True,True,28,NaN (non-ML source),0.05,0.806037,5c85640c10d9485c86bf6eb44778c002_r409
5c85640c10d9485c86bf6eb44778c002,normal,original,vehicle,annotation,True,True,30,NaN (non-ML source),0.05,0.809354,5c85640c10d9485c86bf6eb44778c002_r410
5c85640c10d9485c86bf6eb44778c002,normal,original,vehicle,annotation,True,True,2,NaN (non-ML source),0.05,0.786781,5c85640c10d9485c86bf6eb44778c002_r411
5c85640c10d9485c86bf6eb44778c002,normal,original,vehicle,annotation,True,True,3,NaN (non-ML source),0.05,0.788411,5c85640c10d9485c86bf6eb44778c002_r412
5c85640c10d9485c86bf6eb44778c002,normal,original,vehicle,annotation,True,True,1,NaN (non-ML source),0.05,0.778915,5c85640c10d9485c86bf6eb44778c002_r413
5c85640c10d9485c86bf6eb44778c002,normal,original,vehicle,annotation,True,True,5,NaN (non-ML source),0.05,0.790896,5c85640c10d9485c86bf6eb44778c002_r414
5c85640c10d9485c86bf6eb44778c002,normal,original,vehicle,annotation,True,True,5,NaN (non-ML source),0.05,0.793189,5c85640c10d9485c86bf6eb44778c002_r415
5c85640c10d9485c86bf6eb44778c002,normal,original,vehicle,annotation,True,True,4,NaN (non-ML source),0.05,0.786248,5c85640c10d9485c86bf6eb44778c002_r416
5c85640c10d9485c86bf6eb44778c002,normal,original,vehicle,annotation,True,True,2,NaN (non-ML source),0.05,0.773785,5c85640c10d9485c86bf6eb44778c002_r417
858a1ece22cf45d9bc71e42336604b78,difficult_geometry,original,pedestrian_vru,annotation,True,True,378,NaN (non-ML source),0.05,0.873995,858a1ece22cf45d9bc71e42336604b78_r418
858a1ece22cf45d9bc71e42336604b78,difficult_geometry,original,pedestrian_vru,annotation,True,True,7,NaN (non-ML source),0.05,0.846503,858a1ece22cf45d9bc71e42336604b78_r419
858a1ece22cf45d9bc71e42336604b78,difficult_geometry,original,pedestrian_vru,annotation,True,True,29,NaN (non-ML source),0.05,0.835238,858a1ece22cf45d9bc71e42336604b78_r420
858a1ece22cf45d9bc71e42336604b78,difficult_geometry,original,pedestrian_vru,annotation,True,True,10,NaN (non-ML source),0.05,0.829013,858a1ece22cf45d9bc71e42336604b78_r421
858a1ece22cf45d9bc71e42336604b78,difficult_geometry,original,pedestrian_vru,annotation,True,True,26,NaN (non-ML source),0.05,0.83819,858a1ece22cf45d9bc71e42336604b78_r422
858a1ece22cf45d9bc71e42336604b78,difficult_geometry,original,pedestrian_vru,annotation,True,True,3,NaN (non-ML source),0.05,0.820211,858a1ece22cf45d9bc71e42336604b78_r423
858a1ece22cf45d9bc71e42336604b78,difficult_geometry,original,vehicle,annotation,True,True,19,NaN (non-ML source),0.05,0.815097,858a1ece22cf45d9bc71e42336604b78_r424
858a1ece22cf45d9bc71e42336604b78,difficult_geometry,original,vehicle,annotation,True,True,49,NaN (non-ML source),0.05,0.825379,858a1ece22cf45d9bc71e42336604b78_r425
858a1ece22cf45d9bc71e42336604b78,difficult_geometry,original,vehicle,annotation,True,True,2,NaN (non-ML source),0.05,0.792642,858a1ece22cf45d9bc71e42336604b78_r426
858a1ece22cf45d9bc71e42336604b78,difficult_geometry,original,vehicle,annotation,True,True,122,NaN (non-ML source),0.05,0.827432,858a1ece22cf45d9bc71e42336604b78_r427
858a1ece22cf45d9bc71e42336604b78,difficult_geometry,original,vehicle,annotation,True,True,1,NaN (non-ML source),0.05,0.784591,858a1ece22cf45d9bc71e42336604b78_r428
858a1ece22cf45d9bc71e42336604b78,difficult_geometry,original,vehicle,annotation,True,True,69,NaN (non-ML source),0.05,0.82456,858a1ece22cf45d9bc71e42336604b78_r429
858a1ece22cf45d9bc71e42336604b78,difficult_geometry,original,vehicle,annotation,True,True,1,NaN (non-ML source),0.05,0.781023,858a1ece22cf45d9bc71e42336604b78_r430
858a1ece22cf45d9bc71e42336604b78,difficult_geometry,original,vehicle,annotation,True,True,51,NaN (non-ML source),0.05,0.808062,858a1ece22cf45d9bc71e42336604b78_r431
858a1ece22cf45d9bc71e42336604b78,difficult_geometry,original,vehicle,annotation,True,True,16,NaN (non-ML source),0.05,0.802616,858a1ece22cf45d9bc71e42336604b78_r432
858a1ece22cf45d9bc71e42336604b78,difficult_geometry,original,vehicle,annotation,True,True,44,NaN (non-ML source),0.05,0.8038,858a1ece22cf45d9bc71e42336604b78_r433
858a1ece22cf45d9bc71e42336604b78,difficult_geometry,original,vehicle,annotation,True,True,42,NaN (non-ML source),0.05,0.80122,858a1ece22cf45d9bc71e42336604b78_r434
858a1ece22cf45d9bc71e42336604b78,difficult_geometry,original,vehicle,annotation,True,True,7,NaN (non-ML source),0.05,0.796001,858a1ece22cf45d9bc71e42336604b78_r435
858a1ece22cf45d9bc71e42336604b78,difficult_geometry,original,vehicle,annotation,True,True,51,NaN (non-ML source),0.05,0.82684,858a1ece22cf45d9bc71e42336604b78_r436
858a1ece22cf45d9bc71e42336604b78,difficult_geometry,original,vehicle,annotation,True,True,23,NaN (non-ML source),0.05,0.829933,858a1ece22cf45d9bc71e42336604b78_r437
858a1ece22cf45d9bc71e42336604b78,difficult_geometry,original,vehicle,annotation,True,True,28,NaN (non-ML source),0.05,0.818162,858a1ece22cf45d9bc71e42336604b78_r438
858a1ece22cf45d9bc71e42336604b78,difficult_geometry,original,vehicle,annotation,True,True,8,NaN (non-ML source),0.05,0.854994,858a1ece22cf45d9bc71e42336604b78_r439
858a1ece22cf45d9bc71e42336604b78,difficult_geometry,original,vehicle,annotation,True,True,74,NaN (non-ML source),0.05,0.818646,858a1ece22cf45d9bc71e42336604b78_r440
858a1ece22cf45d9bc71e42336604b78,difficult_geometry,original,vehicle,annotation,True,True,114,NaN (non-ML source),0.05,0.825994,858a1ece22cf45d9bc71e42336604b78_r441
858a1ece22cf45d9bc71e42336604b78,difficult_geometry,original,vehicle,annotation,True,True,52,NaN (non-ML source),0.05,0.816588,858a1ece22cf45d9bc71e42336604b78_r442
858a1ece22cf45d9bc71e42336604b78,difficult_geometry,original,vehicle,annotation,True,True,26,NaN (non-ML source),0.05,0.849269,858a1ece22cf45d9bc71e42336604b78_r443
858a1ece22cf45d9bc71e42336604b78,difficult_geometry,original,vehicle,annotation,True,True,11,NaN (non-ML source),0.05,0.831677,858a1ece22cf45d9bc71e42336604b78_r444
858a1ece22cf45d9bc71e42336604b78,difficult_geometry,original,vehicle,annotation,True,True,3,NaN (non-ML source),0.05,0.787701,858a1ece22cf45d9bc71e42336604b78_r445
858a1ece22cf45d9bc71e42336604b78,difficult_geometry,original,vehicle,annotation,True,True,10,NaN (non-ML source),0.05,0.822369,858a1ece22cf45d9bc71e42336604b78_r446
858a1ece22cf45d9bc71e42336604b78,difficult_geometry,original,vehicle,annotation,True,True,37,NaN (non-ML source),0.05,0.817939,858a1ece22cf45d9bc71e42336604b78_r447
858a1ece22cf45d9bc71e42336604b78,difficult_geometry,original,vehicle,annotation,True,True,75,NaN (non-ML source),0.05,0.819307,858a1ece22cf45d9bc71e42336604b78_r448
858a1ece22cf45d9bc71e42336604b78,difficult_geometry,original,vehicle,annotation,True,True,118,NaN (non-ML source),0.05,0.821342,858a1ece22cf45d9bc71e42336604b78_r449
858a1ece22cf45d9bc71e42336604b78,difficult_geometry,original,vehicle,annotation,True,True,25,NaN (non-ML source),0.05,0.816431,858a1ece22cf45d9bc71e42336604b78_r450
858a1ece22cf45d9bc71e42336604b78,difficult_geometry,original,vehicle,annotation,True,True,22,NaN (non-ML source),0.05,0.81658,858a1ece22cf45d9bc71e42336604b78_r451
858a1ece22cf45d9bc71e42336604b78,difficult_geometry,original,vehicle,annotation,True,True,29,NaN (non-ML source),0.05,0.824953,858a1ece22cf45d9bc71e42336604b78_r452
858a1ece22cf45d9bc71e42336604b78,difficult_geometry,original,vehicle,annotation,True,True,3,NaN (non-ML source),0.05,0.78229,858a1ece22cf45d9bc71e42336604b78_r453
858a1ece22cf45d9bc71e42336604b78,difficult_geometry,original,vehicle,annotation,True,True,16,NaN (non-ML source),0.05,0.794492,858a1ece22cf45d9bc71e42336604b78_r454
858a1ece22cf45d9bc71e42336604b78,difficult_geometry,original,vehicle,annotation,True,True,15,NaN (non-ML source),0.05,0.794363,858a1ece22cf45d9bc71e42336604b78_r455
858a1ece22cf45d9bc71e42336604b78,difficult_geometry,original,vehicle,annotation,True,True,2,NaN (non-ML source),0.05,0.798128,858a1ece22cf45d9bc71e42336604b78_r456
858a1ece22cf45d9bc71e42336604b78,difficult_geometry,original,vehicle,annotation,True,True,10,NaN (non-ML source),0.05,0.805971,858a1ece22cf45d9bc71e42336604b78_r457
858a1ece22cf45d9bc71e42336604b78,difficult_geometry,original,vehicle,annotation,True,True,12,NaN (non-ML source),0.05,0.828921,858a1ece22cf45d9bc71e42336604b78_r458
858a1ece22cf45d9bc71e42336604b78,difficult_geometry,original,vehicle,annotation,True,True,3,NaN (non-ML source),0.05,0.77525,858a1ece22cf45d9bc71e42336604b78_r459
858a1ece22cf45d9bc71e42336604b78,difficult_geometry,original,vehicle,annotation,True,True,16,NaN (non-ML source),0.05,0.785728,858a1ece22cf45d9bc71e42336604b78_r460
858a1ece22cf45d9bc71e42336604b78,difficult_geometry,original,vehicle,annotation,True,True,12,NaN (non-ML source),0.05,0.786651,858a1ece22cf45d9bc71e42336604b78_r461
858a1ece22cf45d9bc71e42336604b78,difficult_geometry,original,vehicle,annotation,True,True,4,NaN (non-ML source),0.05,0.795988,858a1ece22cf45d9bc71e42336604b78_r462
858a1ece22cf45d9bc71e42336604b78,difficult_geometry,original,vehicle,annotation,True,True,1,NaN (non-ML source),0.05,0.784299,858a1ece22cf45d9bc71e42336604b78_r463
858a1ece22cf45d9bc71e42336604b78,difficult_geometry,original,pedestrian_vru,annotation,True,True,2,NaN (non-ML source),0.05,0.753387,858a1ece22cf45d9bc71e42336604b78_r464
858a1ece22cf45d9bc71e42336604b78,difficult_geometry,original,vehicle,annotation,True,True,1,NaN (non-ML source),0.05,0.772104,858a1ece22cf45d9bc71e42336604b78_r465
858a1ece22cf45d9bc71e42336604b78,difficult_geometry,original,vehicle,annotation,True,True,4,NaN (non-ML source),0.05,0.772667,858a1ece22cf45d9bc71e42336604b78_r466
858a1ece22cf45d9bc71e42336604b78,difficult_geometry,original,vehicle,annotation,True,True,1,NaN (non-ML source),0.05,0.779125,858a1ece22cf45d9bc71e42336604b78_r467
858a1ece22cf45d9bc71e42336604b78,difficult_geometry,original,vehicle,annotation,True,True,8,NaN (non-ML source),0.05,0.779029,858a1ece22cf45d9bc71e42336604b78_r468
858a1ece22cf45d9bc71e42336604b78,difficult_geometry,original,vehicle,annotation,True,True,9,NaN (non-ML source),0.05,0.773759,858a1ece22cf45d9bc71e42336604b78_r469
858a1ece22cf45d9bc71e42336604b78,difficult_geometry,original,vehicle,annotation,True,True,6,NaN (non-ML source),0.05,0.774858,858a1ece22cf45d9bc71e42336604b78_r470
858a1ece22cf45d9bc71e42336604b78,difficult_geometry,original,vehicle,annotation,True,True,1,NaN (non-ML source),0.05,0.778966,858a1ece22cf45d9bc71e42336604b78_r471
858a1ece22cf45d9bc71e42336604b78,difficult_geometry,original,vehicle,annotation,True,True,16,NaN (non-ML source),0.05,0.787315,858a1ece22cf45d9bc71e42336604b78_r472
858a1ece22cf45d9bc71e42336604b78,difficult_geometry,original,vehicle,annotation,True,True,1,NaN (non-ML source),0.05,0.75979,858a1ece22cf45d9bc71e42336604b78_r473
858a1ece22cf45d9bc71e42336604b78,difficult_geometry,original,vehicle,annotation,True,True,4,NaN (non-ML source),0.05,0.770053,858a1ece22cf45d9bc71e42336604b78_r474
858a1ece22cf45d9bc71e42336604b78,difficult_geometry,original,vehicle,annotation,True,True,4,NaN (non-ML source),0.05,0.77716,858a1ece22cf45d9bc71e42336604b78_r475
858a1ece22cf45d9bc71e42336604b78,difficult_geometry,original,vehicle,annotation,True,True,12,NaN (non-ML source),0.05,0.780214,858a1ece22cf45d9bc71e42336604b78_r476
858a1ece22cf45d9bc71e42336604b78,difficult_geometry,original,vehicle,annotation,True,True,3,NaN (non-ML source),0.05,0.767748,858a1ece22cf45d9bc71e42336604b78_r477
858a1ece22cf45d9bc71e42336604b78,difficult_geometry,original,vehicle,annotation,True,True,1,NaN (non-ML source),0.05,0.75934,858a1ece22cf45d9bc71e42336604b78_r478
858a1ece22cf45d9bc71e42336604b78,difficult_geometry,original,vehicle,annotation,True,True,8,NaN (non-ML source),0.05,0.774694,858a1ece22cf45d9bc71e42336604b78_r479
858a1ece22cf45d9bc71e42336604b78,difficult_geometry,original,vehicle,annotation,True,True,13,NaN (non-ML source),0.05,0.770014,858a1ece22cf45d9bc71e42336604b78_r480
858a1ece22cf45d9bc71e42336604b78,difficult_geometry,original,vehicle,annotation,True,True,9,NaN (non-ML source),0.05,0.774782,858a1ece22cf45d9bc71e42336604b78_r481
858a1ece22cf45d9bc71e42336604b78,difficult_geometry,original,vehicle,annotation,True,True,10,NaN (non-ML source),0.05,0.762607,858a1ece22cf45d9bc71e42336604b78_r482
858a1ece22cf45d9bc71e42336604b78,difficult_geometry,original,vehicle,annotation,True,True,9,NaN (non-ML source),0.05,0.758392,858a1ece22cf45d9bc71e42336604b78_r483
858a1ece22cf45d9bc71e42336604b78,difficult_geometry,original,vehicle,annotation,True,True,1,NaN (non-ML source),0.05,0.748261,858a1ece22cf45d9bc71e42336604b78_r484
858a1ece22cf45d9bc71e42336604b78,difficult_geometry,original,vehicle,annotation,True,True,6,NaN (non-ML source),0.05,0.758119,858a1ece22cf45d9bc71e42336604b78_r485
858a1ece22cf45d9bc71e42336604b78,difficult_geometry,original,vehicle,annotation,True,True,1,NaN (non-ML source),0.05,0.74867,858a1ece22cf45d9bc71e42336604b78_r486
858a1ece22cf45d9bc71e42336604b78,difficult_geometry,original,vehicle,annotation,True,True,2,NaN (non-ML source),0.05,0.747365,858a1ece22cf45d9bc71e42336604b78_r487
858a1ece22cf45d9bc71e42336604b78,difficult_geometry,original,vehicle,annotation,True,True,3,NaN (non-ML source),0.05,0.759421,858a1ece22cf45d9bc71e42336604b78_r488
858a1ece22cf45d9bc71e42336604b78,difficult_geometry,original,vehicle,annotation,True,True,3,NaN (non-ML source),0.05,0.705684,858a1ece22cf45d9bc71e42336604b78_r489
858a1ece22cf45d9bc71e42336604b78,difficult_geometry,original,vehicle,annotation,True,True,1,NaN (non-ML source),0.05,0.705575,858a1ece22cf45d9bc71e42336604b78_r490
858a1ece22cf45d9bc71e42336604b78,difficult_geometry,original,vehicle,annotation,True,True,1,NaN (non-ML source),0.1,0.690154,858a1ece22cf45d9bc71e42336604b78_r491
858a1ece22cf45d9bc71e42336604b78,difficult_geometry,original,vehicle,annotation,True,True,2,NaN (non-ML source),0.1,0.690374,858a1ece22cf45d9bc71e42336604b78_r492
858a1ece22cf45d9bc71e42336604b78,difficult_geometry,original,vehicle,annotation,True,True,1,NaN (non-ML source),0.1,0.689698,858a1ece22cf45d9bc71e42336604b78_r493
858a1ece22cf45d9bc71e42336604b78,difficult_geometry,original,vehicle,annotation,True,True,1,NaN (non-ML source),0.1,0.622838,858a1ece22cf45d9bc71e42336604b78_r494
858a1ece22cf45d9bc71e42336604b78,difficult_geometry,original,vehicle,annotation,True,True,1,NaN (non-ML source),0.1,0.61337,858a1ece22cf45d9bc71e42336604b78_r495
